n_flagged,review_rate,threshold,frauds_caught,frauds_missed,false_alarms,recall,precision,cost_missed,cost_caught,cost_false_alarm,total_cost,savings
0,0.0,inf,0.0,4064.0,0.0,0.0,0.0,711534.3359999937,0.0,0.0,711534.3359999937,0.0
59,0.0004995427913435161,0.9980540704526708,59.0,4005.0,0.0,0.014517716535433071,1.0,700988.7129999937,1290.5622999999998,0.0,702279.2752999937,9255.060700000031
118,0.0009990855826870321,0.9960237962607001,118.0,3946.0,0.0,0.029035433070866142,1.0,694145.3949999937,2210.8940999999995,0.0,696356.2890999938,15178.046899999958
177,0.0014986283740305484,0.9935300928662444,176.0,3888.0,1.0,0.04330708661417323,0.9943502824858758,688118.0779999937,3045.6258000000007,5.0,691168.7037999937,20365.632199999993
236,0.0019981711653740642,0.9906240217586645,234.0,3830.0,2.0,0.05757874015748032,0.9915254237288136,680408.6369999937,4048.5699,10.0,684467.2068999937,27067.12910000002
295,0.0024977139567175805,0.9872858305187482,290.0,3774.0,5.0,0.07135826771653543,0.9830508474576272,675381.8959999938,4775.243999999999,25.0,680182.1399999937,31352.195999999996
354,0.002997256748061097,0.9822392127270948,344.0,3720.0,10.0,0.08464566929133858,0.9717514124293786,670202.0739999937,5509.226199999999,50.0,675761.3001999938,35773.035799999954
413,0.0034967995394046126,0.9776509424402724,397.0,3667.0,16.0,0.09768700787401575,0.9612590799031477,663590.4069999937,6382.392899999996,80.0,670052.7998999937,41481.53610000003
472,0.0039963423307481285,0.971513051600603,451.0,3613.0,21.0,0.1109744094488189,0.9555084745762712,657171.5209999938,7240.281499999994,105.0,664516.8024999938,47017.5334999999
531,0.004495885122091645,0.9641074845991982,502.0,3562.0,29.0,0.1235236220472441,0.9453860640301318,651502.2439999938,8011.209199999993,145.0,659658.4531999938,51875.882799999905
590,0.004995427913435161,0.9568505038843327,558.0,3506.0,32.0,0.13730314960629922,0.9457627118644067,645196.0239999938,8865.831199999988,160.0,654221.8551999938,57312.4807999999
649,0.005494970704778677,0.9484955391455677,609.0,3455.0,40.0,0.14985236220472442,0.938366718027735,639945.9479999938,9594.838799999989,200.0,649740.7867999938,61793.54919999989
708,0.005994513496122194,0.9410839524828253,664.0,3400.0,44.0,0.16338582677165353,0.9378531073446328,634201.1179999938,10389.321799999987,220.0,644810.4397999939,66723.89619999984
767,0.006494056287465709,0.9321119283783773,717.0,3347.0,50.0,0.1764271653543307,0.9348109517601043,628292.4699999938,11192.186599999986,250.0,639734.6565999938,71799.6793999999
826,0.006993599078809225,0.9222731724785351,771.0,3293.0,55.0,0.18971456692913385,0.9334140435835351,620356.7749999937,12201.756099999991,275.0,632833.5310999937,78700.80489999999
885,0.0074931418701527416,0.909847977139375,825.0,3239.0,60.0,0.203001968503937,0.9322033898305084,615130.3079999937,12940.402799999998,300.0,628370.7107999937,83163.62520000001
944,0.007992684661496257,0.8964713960446723,877.0,3187.0,67.0,0.2157972440944882,0.9290254237288136,608756.3059999937,13785.803,335.0,622877.1089999937,88657.22700000007
1003,0.008492227452839774,0.883130113148237,930.0,3134.0,73.0,0.22883858267716536,0.9272183449651047,602591.4529999937,14614.2883,365.0,617570.7412999937,93963.59470000002
1062,0.00899177024418329,0.8713961753755688,982.0,3082.0,80.0,0.24163385826771652,0.9246704331450094,593329.8099999937,15748.452600000002,400.0,609478.2625999936,102056.07340000011
1121,0.009491313035526807,0.8555333111701077,1030.0,3034.0,91.0,0.2534448818897638,0.9188224799286352,586228.1229999936,16650.621300000003,455.0,603333.7442999936,108200.5917000001
1180,0.009990855826870322,0.8346929482076328,1080.0,2984.0,100.0,0.265748031496063,0.9152542372881356,579035.7839999937,17569.855200000005,500.0,597105.6391999937,114428.69680000003
1239,0.010490398618213837,0.8161507842136576,1132.0,2932.0,107.0,0.2785433070866142,0.9136400322841001,572809.6249999937,18400.471100000002,535.0,591745.0960999937,119789.23990000004
1298,0.010989941409557355,0.7979364308134417,1178.0,2886.0,120.0,0.28986220472440943,0.9075500770416025,565981.5229999936,19267.281300000002,600.0,585848.8042999937,125685.53170000005
1357,0.01148948420090087,0.7711098413174479,1222.0,2842.0,135.0,0.3006889763779528,0.9005158437730287,560322.9529999937,20009.1383,675.0,581007.0912999937,130527.24470000004
1416,0.011989026992244387,0.7491878782490288,1268.0,2796.0,148.0,0.31200787401574803,0.8954802259887006,553182.8499999937,20907.1486,740.0,574829.9985999936,136704.33740000008
1475,0.012488569783587903,0.7252292352462858,1307.0,2757.0,168.0,0.3216043307086614,0.8861016949152543,546432.5119999937,21738.182399999998,840.0,569010.6943999938,142523.64159999997
1534,0.012988112574931418,0.7001417773345594,1343.0,2721.0,191.0,0.3304625984251969,0.8754889178617992,542031.6929999937,22322.264299999995,955.0,565308.9572999937,146225.3787
1593,0.013487655366274935,0.6794322989086629,1388.0,2676.0,205.0,0.34153543307086615,0.8713119899560577,536269.9959999938,23078.433999999987,1025.0,560373.4299999938,151160.90599999996
1652,0.01398719815761845,0.6600427926711974,1427.0,2637.0,225.0,0.3511318897637795,0.8638014527845036,527168.2639999938,24144.607199999984,1125.0,552437.8711999938,159096.46479999996
1711,0.014486740948961968,0.6412828563741955,1457.0,2607.0,254.0,0.35851377952755903,0.8515488018702513,523088.1529999939,24672.618299999976,1270.0,549030.7712999939,162503.56469999987
1770,0.014986283740305483,0.6158574829719526,1497.0,2567.0,273.0,0.36835629921259844,0.8457627118644068,519540.865999994,25187.346999999972,1365.0,546093.2129999939,165441.1229999998
1829,0.015485826531648999,0.591626259865754,1535.0,2529.0,294.0,0.3777066929133858,0.8392564242755605,515296.82599999395,25763.750999999975,1470.0,542530.5769999939,169003.75899999985
1888,0.015985369322992514,0.5699497921854605,1578.0,2486.0,310.0,0.3882874015748031,0.8358050847457628,509319.6049999939,26533.473099999974,1550.0,537403.0780999939,174131.25789999985
1947,0.01648491211433603,0.5529349447103498,1614.0,2450.0,333.0,0.3971456692913386,0.8289676425269645,504762.868999994,27133.14669999997,1665.0,533561.0156999939,177973.3202999998
2006,0.016984454905679548,0.5294561552110484,1652.0,2412.0,354.0,0.406496062992126,0.8235294117647058,498826.84499999403,27878.749099999968,1770.0,528475.594099994,183058.74189999967
2065,0.017483997697023062,0.510025558914151,1678.0,2386.0,387.0,0.41289370078740156,0.812590799031477,495772.97999999404,28288.135599999965,1935.0,525996.1155999941,185538.22039999964
2124,0.01798354048836658,0.48826709632127807,1706.0,2358.0,418.0,0.4197834645669291,0.803201506591337,490959.101999994,28881.523399999962,2090.0,521930.62539999397,189603.71059999976
2183,0.018483083279710096,0.47158119239801466,1731.0,2333.0,452.0,0.42593503937007876,0.7929454878607421,488035.2759999941,29273.90599999996,2260.0,519569.18199999403,191965.1539999997
2242,0.018982626071053613,0.4539865619723334,1760.0,2304.0,482.0,0.4330708661417323,0.7850133809099019,484611.2539999941,29732.30819999996,2410.0,516753.56219999405,194780.77379999968
2301,0.019482168862397127,0.4387112437824163,1793.0,2271.0,508.0,0.44119094488188976,0.7792264232942199,479584.31499999407,30367.00209999996,2540.0,512491.31709999405,199043.01889999968
2360,0.019981711653740644,0.42175540490726826,1812.0,2252.0,548.0,0.44586614173228345,0.7677966101694915,475966.22999999404,30804.810599999964,2740.0,509511.040599994,202023.2953999997
2419,0.02048125444508416,0.4080474869761999,1839.0,2225.0,580.0,0.452509842519685,0.7602315006200909,471658.361999994,31343.597399999966,2900.0,505901.959399994,205632.37659999973
2478,0.020980797236427675,0.3949430912474308,1870.0,2194.0,608.0,0.46013779527559057,0.7546408393866021,462620.941999994,32371.339399999968,3040.0,498032.2813999939,213502.0545999998
2537,0.021480340027771192,0.38298931691694693,1893.0,2171.0,644.0,0.4657972440944882,0.7461568782026015,460610.57299999404,32664.376299999967,3220.0,496494.949299994,215039.38669999974
2596,0.02197988281911471,0.3675813728279847,1922.0,2142.0,674.0,0.4729330708661417,0.7403697996918336,456704.291999994,33171.00439999996,3370.0,493245.296399994,218289.03959999973
2655,0.022479425610458223,0.3557250249934052,1949.0,2115.0,706.0,0.4795767716535433,0.7340866290018833,453469.411999994,33602.49239999997,3530.0,490601.904399994,220932.43159999972
2714,0.02297896840180174,0.34420910462789744,1971.0,2093.0,743.0,0.484990157480315,0.7262343404568902,447122.934999994,34325.14009999997,3715.0,485163.07509999396,226371.26089999976
2773,0.023478511193145257,0.3322954103509847,1986.0,2078.0,787.0,0.48868110236220474,0.7161918499819689,442395.728999994,34857.86069999997,3935.0,481188.58969999396,230345.74629999977
2832,0.023978053984488774,0.3209517088347416,2010.0,2054.0,822.0,0.49458661417322836,0.7097457627118644,438055.525999994,35387.880999999965,4110.0,477553.40699999395,233980.92899999977
2891,0.024477596775832288,0.3081843735655782,2030.0,2034.0,861.0,0.49950787401574803,0.7021791767554479,433958.908999994,35877.54269999997,4305.0,474141.451699994,237392.88429999974
2950,0.024977139567175805,0.2989533222140294,2049.0,2015.0,901.0,0.5041830708661418,0.6945762711864407,429387.706999994,36410.66289999997,4505.0,470303.369899994,241230.96609999973
3009,0.025476682358519322,0.2881256833123098,2068.0,1996.0,941.0,0.5088582677165354,0.6872715187770023,424421.468999994,36983.28669999997,4705.0,466109.7556999939,245424.5802999998
3068,0.025976225149862836,0.27976909064453587,2087.0,1977.0,981.0,0.5135334645669292,0.6802477183833116,420897.61499999394,37411.67209999997,4905.0,463214.2870999939,248320.04889999982
3127,0.026475767941206353,0.27173326620314275,2108.0,1956.0,1019.0,0.5187007874015748,0.6741285577230572,417079.4159999939,37877.49199999997,5095.0,460051.9079999939,251482.42799999984
3186,0.02697531073254987,0.2640555958639227,2127.0,1937.0,1059.0,0.5233759842519685,0.667608286252354,412314.4999999939,38429.98359999998,5295.0,456039.48359999387,255494.85239999986
3245,0.027474853523893384,0.254571226358995,2141.0,1923.0,1104.0,0.5268208661417323,0.659784283513097,409526.9249999939,38764.74109999998,5520.0,453811.66609999386,257722.66989999986
3304,0.0279743963152369,0.24728919272694638,2154.0,1910.0,1150.0,0.53001968503937,0.6519370460048426,406975.03199999384,39071.93039999998,5750.0,451796.9623999938,259737.37359999993
3363,0.02847393910658042,0.24024764398103504,2173.0,1891.0,1190.0,0.5346948818897638,0.6461492714837942,403014.7609999938,39543.95749999998,5950.0,448508.7184999938,263025.61749999993
3422,0.028973481897923935,0.23159471410634203,2189.0,1875.0,1233.0,0.5386318897637795,0.6396843950905903,400642.78199999384,39845.15539999998,6165.0,446652.9373999938,264881.3985999999
3481,0.02947302468926745,0.22500820716169226,2206.0,1858.0,1275.0,0.5428149606299213,0.6337259408216029,396937.40399999387,40283.69319999998,6375.0,443596.09719999385,267938.2387999999
3540,0.029972567480610966,0.21863453288602358,2222.0,1842.0,1318.0,0.546751968503937,0.6276836158192091,394186.77699999383,40622.75589999998,6590.0,441399.5328999938,270134.8030999999
3599,0.030472110271954483,0.2129915279272514,2240.0,1824.0,1359.0,0.5511811023622047,0.6223951097527091,388519.42899999383,41261.49069999998,6795.0,436575.9196999938,274958.4162999999
3658,0.030971653063297997,0.20642322351784761,2253.0,1811.0,1405.0,0.5543799212598425,0.6159103335155823,386817.60799999384,41483.672799999986,7025.0,435326.28079999384,276208.0551999999
3717,0.03147119585464152,0.20126784186041335,2272.0,1792.0,1445.0,0.5590551181102362,0.6112456281947808,383957.42899999383,41845.69069999998,7225.0,433028.1196999938,278506.2162999999
3776,0.03197073864598503,0.19609171640126,2289.0,1775.0,1487.0,0.563238188976378,0.606197033898305,379924.46399999387,42316.98719999998,7435.0,429676.45119999384,281857.8847999999
3835,0.032470281437328545,0.19069038187726695,2305.0,1759.0,1530.0,0.5671751968503937,0.6010430247718384,376046.3469999938,42768.79889999999,7650.0,426465.1458999938,285069.19009999995
3894,0.03296982422867206,0.1838749416342904,2317.0,1747.0,1577.0,0.5701279527559056,0.5950179763739086,372895.4669999937,43131.88689999999,7885.0,423912.3538999937,287621.9821
3953,0.03346936702001558,0.17856447471825437,2327.0,1737.0,1626.0,0.5725885826771654,0.5886668353149507,371317.4769999937,43329.68589999999,8130.0,422777.1628999937,288757.1731
4012,0.033968909811359096,0.17352782939694616,2341.0,1723.0,1671.0,0.5760334645669292,0.5834995014955134,369049.45699999377,43612.487899999986,8355.0,421016.9448999938,290517.39109999995
4071,0.034468452602702614,0.1695987164303041,2347.0,1717.0,1724.0,0.5775098425196851,0.5765168263325964,368442.8999999938,43697.14359999999,8620.0,420760.0435999938,290774.2923999999
4130,0.034967995394046124,0.16616000282981055,2359.0,1705.0,1771.0,0.5804625984251969,0.5711864406779661,365990.2359999938,43990.40999999998,8855.0,418835.6459999938,292698.68999999994
4189,0.03546753818538964,0.1618700690307115,2367.0,1697.0,1822.0,0.5824311023622047,0.5650513248985438,363722.7679999938,44249.15679999998,9110.0,417081.9247999938,294452.4111999999
4248,0.03596708097673316,0.1580027974600475,2373.0,1691.0,1875.0,0.5839074803149606,0.5586158192090396,362831.3739999938,44362.29619999999,9375.0,416568.67019999376,294965.66579999996
4307,0.036466623768076675,0.15489686147848863,2386.0,1678.0,1921.0,0.5871062992125984,0.5539818899465986,360479.0019999938,44649.533399999986,9605.0,414733.53539999377,296800.80059999996
4366,0.03696616655942019,0.15136449045018194,2397.0,1667.0,1969.0,0.5898129921259843,0.549015116811727,359091.3739999937,44832.29619999999,9845.0,413768.6701999937,297765.6658
4425,0.03746570935076371,0.1480705853016488,2408.0,1656.0,2017.0,0.59251968503937,0.544180790960452,356579.8119999937,45127.452399999995,10085.0,411792.2643999937,299742.0716
4484,0.03796525214210723,0.14502201262546005,2416.0,1648.0,2068.0,0.594488188976378,0.5388046387154326,354226.7599999937,45394.75759999999,10340.0,409961.51759999373,301572.8184
4543,0.03846479493345074,0.14244844777975044,2425.0,1639.0,2118.0,0.5967027559055118,0.5337882456526525,352325.3089999937,45620.90269999999,10590.0,408536.2116999937,302998.1243
4602,0.038964337724794254,0.1394258318922855,2435.0,1629.0,2167.0,0.5991633858267716,0.5291177748804867,351278.03599999374,45765.62999999999,10835.0,407878.66599999374,303655.67
4661,0.03946388051613777,0.13681069525959053,2444.0,1620.0,2217.0,0.6013779527559056,0.5243509976399914,349548.3319999937,45974.600399999996,11085.0,406607.9323999937,304926.4036
4720,0.03996342330748129,0.13393931973374643,2452.0,1612.0,2268.0,0.6033464566929134,0.5194915254237288,347932.11999999365,46168.2216,11340.0,405440.34159999364,306093.9944000001
4779,0.040462966098824805,0.13184798776526024,2463.0,1601.0,2316.0,0.6060531496062992,0.5153797865662273,344591.5209999936,46546.281500000005,11580.0,402717.8024999936,308816.53350000014
4838,0.04096250889016832,0.12965075604566909,2474.0,1590.0,2364.0,0.6087598425196851,0.5113683340223233,340964.19099999365,46953.0145,11820.0,399737.20549999364,311797.1305000001
4897,0.04146205168151184,0.12685260146253913,2480.0,1584.0,2417.0,0.610236220472441,0.5064325096998162,338659.18399999366,47207.515199999994,12085.0,397951.6991999936,313582.6368000001
4956,0.04196159447285535,0.12489156416700979,2486.0,1578.0,2470.0,0.6117125984251969,0.5016142050040355,337928.65699999366,47304.567899999995,12350.0,397583.2248999936,313951.1111000001
5015,0.04246113726419887,0.12252100919380916,2494.0,1570.0,2521.0,0.6136811023622047,0.49730807577268193,335552.1389999936,47574.2197,12605.0,395731.35869999364,315802.9773000001
5074,0.042960680055542384,0.1202996146654287,2499.0,1565.0,2575.0,0.6149114173228346,0.49251083957430036,334224.8519999936,47726.9484,12875.0,394826.8003999936,316707.5356000001
5133,0.0434602228468859,0.1183136315523909,2512.0,1552.0,2621.0,0.6181102362204725,0.4893824274303526,329225.2999999936,48278.903600000005,13105.0,390609.2035999936,320925.1324000001
5192,0.04395976563822942,0.11571128234033348,2524.0,1540.0,2668.0,0.6210629921259843,0.4861325115562404,327311.0229999935,48518.33130000001,13340.0,389169.35429999355,322364.9817000002
5251,0.044459308429572936,0.11350016396943849,2533.0,1531.0,2718.0,0.6232775590551181,0.4823843077509046,325941.0189999935,48691.33170000001,13590.0,388222.35069999355,323311.9853000002
5310,0.044958851220916446,0.11188676344860955,2542.0,1522.0,2768.0,0.625492125984252,0.47871939736346514,322867.0529999935,49034.72830000002,13840.0,385741.7812999935,325792.5547000002
5369,0.04545839401225996,0.10964128091974813,2548.0,1516.0,2821.0,0.6269685039370079,0.4745762711864407,320386.1379999935,49306.81980000001,14105.0,383797.9577999935,327736.3782000002
5428,0.04595793680360348,0.10802541988085967,2556.0,1508.0,2872.0,0.6289370078740157,0.470891672807664,319705.41899999353,49406.89170000001,14360.0,383472.3106999935,328062.0253000002
5487,0.046457479594947,0.10636062847103295,2564.0,1500.0,2923.0,0.6309055118110236,0.46728631310369967,316657.0739999935,49743.72620000001,14615.0,381015.80019999354,330518.5358000002
5546,0.046957022386290515,0.10521999456063688,2568.0,1496.0,2978.0,0.6318897637795275,0.46303642264695277,315630.1239999935,49862.42120000001,14890.0,380382.54519999353,331151.7908000002
5605,0.04745656517763403,0.10344581413786735,2573.0,1491.0,3032.0,0.6331200787401575,0.4590544157002676,315154.7499999935,49929.95860000001,15160.0,380244.7085999935,331289.62740000023
5664,0.04795610796897755,0.10227443604972863,2578.0,1486.0,3086.0,0.6343503937007874,0.4551553672316384,314482.7499999935,50017.15860000002,15430.0,379929.9085999935,331604.4274000002
5723,0.04845565076032106,0.1009957930232526,2581.0,1483.0,3142.0,0.6350885826771654,0.4509872444522104,313714.7499999935,50105.95860000001,15710.0,379530.7085999935,332003.62740000023
5782,0.048955193551664576,0.09919616993814348,2593.0,1471.0,3189.0,0.6380413385826772,0.4484607402282947,309433.0249999935,50582.13110000001,15945.0,375960.1560999935,335574.1799000002
5841,0.04945473634300809,0.09761443874028713,2605.0,1459.0,3236.0,0.640994094488189,0.4459852764937511,306377.3079999935,50935.702800000014,16180.0,373493.0107999935,338041.3252000002
5900,0.04995427913435161,0.09627576257537317,2612.0,1452.0,3288.0,0.6427165354330708,0.4427118644067797,304647.5109999935,51136.68250000002,16440.0,372224.1934999935,339310.14250000025
5959,0.05045382192569513,0.09512622479695078,2616.0,1448.0,3343.0,0.6437007874015748,0.4389998321866085,304374.5109999935,51179.98250000001,16715.0,372269.49349999346,339264.84250000026
6018,0.050953364717038645,0.09377991959816716,2623.0,1441.0,3395.0,0.6454232283464567,0.43585908939847123,302812.01499999344,51364.23210000002,16975.0,371151.24709999346,340383.08890000026
6077,0.05145290750838216,0.09238158833372412,2634.0,1430.0,3443.0,0.6481299212598425,0.4334375514233997,300709.9289999935,51618.440700000014,17215.0,369543.3696999935,341990.9663000002
6136,0.05195245029972567,0.09107553882824986,2643.0,1421.0,3493.0,0.6503444881889764,0.4307366362451108,298126.9789999935,51912.73570000002,17465.0,367504.7146999935,344029.62130000023
6195,0.05245199309106919,0.08992371457703882,2654.0,1410.0,3541.0,0.6530511811023622,0.42841000807102503,294307.42599999346,52338.69100000002,17705.0,364351.11699999345,347183.2190000003
6254,0.052951535882412706,0.08883398082464213,2660.0,1404.0,3594.0,0.6545275590551181,0.42532779021426287,291858.42599999346,52607.591000000015,17970.0,362436.0169999935,349098.31900000025
6313,0.053451078673756224,0.0874665872971335,2667.0,1397.0,3646.0,0.65625,0.4224615872010138,290688.85799999343,52752.54780000002,18230.0,361671.40579999343,349862.9302000003
6372,0.05395062146509974,0.0859968934279844,2679.0,1385.0,3693.0,0.6592027559055118,0.4204331450094162,287959.9979999934,53073.43380000003,18465.0,359498.4317999934,352035.90420000034
6431,0.05445016425644326,0.084914118871799,2685.0,1379.0,3746.0,0.6606791338582677,0.4175089410667081,286264.3619999934,53266.99740000002,18730.0,358261.35939999344,353272.9766000003
6490,0.05494970704778677,0.08381049024345143,2690.0,1374.0,3800.0,0.6619094488188977,0.41448382126348227,283991.4739999934,53514.286200000024,19000.0,356505.76019999344,355028.5758000003
6549,0.055449249839130285,0.08257859439714851,2697.0,1367.0,3852.0,0.6636318897637795,0.41181859825927625,281121.3209999934,53829.30150000002,19260.0,354210.6224999934,357323.7135000003
6608,0.0559487926304738,0.08153309954852718,2700.0,1364.0,3908.0,0.6643700787401575,0.4085956416464891,280855.9699999934,53867.836600000024,19540.0,354263.80659999343,357270.5294000003
6667,0.05644833542181732,0.08068063116234538,2709.0,1355.0,3958.0,0.6665846456692913,0.4063296835158242,277855.0419999934,54203.92940000002,19790.0,351848.9713999934,359685.3646000003
6726,0.05694787821316084,0.07949150118666691,2716.0,1348.0,4010.0,0.6683070866141733,0.40380612548319955,276001.6329999934,54417.270300000026,20050.0,350468.9032999934,361065.4327000003
6785,0.057447421004504354,0.07865988891984545,2720.0,1344.0,4065.0,0.6692913385826772,0.40088430361090643,275131.6829999934,54520.26530000002,20325.0,349976.9482999934,361557.3877000003
6844,0.05794696379584787,0.07737224295030151,2726.0,1338.0,4118.0,0.6707677165354331,0.3983050847457627,273832.7949999934,54674.15410000002,20590.0,349096.94909999345,362437.3869000003
6903,0.05844650658719138,0.07625113389807057,2730.0,1334.0,4173.0,0.671751968503937,0.3954802259887006,271792.8449999934,54894.149100000024,20865.0,347551.99409999343,363982.3419000003
6962,0.0589460493785349,0.07511715116829101,2741.0,1323.0,4221.0,0.6744586614173228,0.3937087043952887,269462.8449999934,55171.149100000024,21105.0,345738.99409999343,365795.3419000003
7021,0.059445592169878415,0.07424321620972939,2743.0,1321.0,4278.0,0.6749507874015748,0.39068508759435977,269302.91799999337,55195.14180000003,21390.0,345888.0597999934,365646.2762000003
7080,0.05994513496122193,0.07325413808735895,2750.0,1314.0,4330.0,0.6766732283464567,0.3884180790960452,268242.0069999934,55329.232900000025,21650.0,345221.2398999934,366313.0961000003
7139,0.06044467775256545,0.07242777209536984,2757.0,1307.0,4382.0,0.6783956692913385,0.3861885418125788,266044.0259999934,55577.031000000025,21910.0,343531.0569999934,368003.27900000033
7198,0.06094422054390897,0.07167916883349429,2762.0,1302.0,4436.0,0.6796259842519685,0.3837176993609336,264918.07599999337,55709.626000000026,22180.0,342807.7019999934,368726.6340000003
7257,0.061443763335252484,0.07089511181369589,2765.0,1299.0,4492.0,0.6803641732283464,0.3810114372330164,264099.07599999337,55803.52600000003,22460.0,342362.6019999934,369171.73400000035
7316,0.061943306126595994,0.07011878345064956,2771.0,1293.0,4545.0,0.6818405511811023,0.37875888463641333,263352.0499999933,55902.22860000003,22725.0,341979.2785999933,369555.0574000004
7375,0.06244284891793951,0.06928190265710747,2776.0,1288.0,4599.0,0.6830708661417323,0.37640677966101693,261969.4139999933,56060.49220000003,22995.0,341024.90619999333,370509.4298000004
7434,0.06294239170928304,0.06848031443375276,2788.0,1276.0,4646.0,0.6860236220472441,0.3750336292709174,257278.91999999335,56577.541600000026,23230.0,337086.4615999934,374447.8744000003
7493,0.06344193450062655,0.06770929606410551,2794.0,1270.0,4699.0,0.6875,0.3728813559322034,256455.69399999332,56683.86420000003,23495.0,336634.55819999333,374899.7778000004
7552,0.06394147729197006,0.06691387242623396,2800.0,1264.0,4752.0,0.6889763779527559,0.3707627118644068,255604.09699999331,56793.02390000003,23760.0,336157.12089999334,375377.2151000004
7611,0.06444102008331358,0.06623800615391107,2802.0,1262.0,4809.0,0.6894685039370079,0.36815135987386677,255058.09699999331,56855.62390000003,24045.0,335958.7208999933,375575.6151000004
7670,0.06494056287465709,0.06547190203799481,2807.0,1257.0,4863.0,0.6906988188976378,0.36597131681877443,254307.1969999933,56950.71390000003,24315.0,335572.9108999933,375961.4251000004
7729,0.06544010566600061,0.06475322775844647,2810.0,1254.0,4919.0,0.6914370078740157,0.36356579117609006,254009.1969999933,56992.513900000034,24595.0,335596.7108999933,375937.6251000004
7788,0.06593964845734412,0.06405045739988936,2813.0,1251.0,4975.0,0.6921751968503937,0.36119671289162814,253458.9739999933,57059.53620000003,24875.0,335393.5101999933,376140.8258000004
7847,0.06643919124868765,0.06342365113165514,2819.0,1245.0,5028.0,0.6936515748031497,0.35924557155600867,252697.17199999327,57159.716400000034,25140.0,334996.8883999933,376537.4476000004
7906,0.06693873404003116,0.06281451724886968,2821.0,1243.0,5085.0,0.6941437007874016,0.35681760688085,252578.41499999329,57179.59210000003,25425.0,335183.0070999933,376351.32890000043
7965,0.06743827683137467,0.06211559137216402,2829.0,1235.0,5136.0,0.6961122047244095,0.3551789077212806,251081.4299999933,57361.29060000003,25680.0,334122.7205999933,377411.6154000004
8024,0.06793781962271819,0.061592946241065975,2834.0,1230.0,5190.0,0.6973425196850394,0.3531904287138584,250026.4299999933,57486.79060000003,25950.0,333463.2205999933,378071.1154000004
8083,0.0684373624140617,0.06107612831746582,2841.0,1223.0,5242.0,0.6990649606299213,0.3514784114808858,249069.52999999328,57610.48060000003,26210.0,332890.0105999933,378644.32540000044
8142,0.06893690520540523,0.060582302551796786,2842.0,1222.0,5300.0,0.6993110236220472,0.34905428641611397,248944.52999999328,57626.98060000003,26500.0,333071.5105999933,378462.82540000044
8201,0.06943644799674874,0.06000095114787314,2847.0,1217.0,5354.0,0.7005413385826772,0.3471527862455798,247842.47599999327,57757.18600000004,26770.0,332369.6619999933,379164.6740000004
8260,0.06993599078809225,0.059267429591379324,2853.0,1211.0,5407.0,0.7020177165354331,0.3453995157384988,245968.74099999323,57968.55950000004,27035.0,330972.30049999326,380562.03550000046
8319,0.07043553357943577,0.05875742705346729,2859.0,1205.0,5460.0,0.703494094488189,0.3436711143166246,243672.89399999322,58222.14420000004,27300.0,329195.03819999326,382339.29780000047
8378,0.07093507637077928,0.05816634719012943,2868.0,1196.0,5510.0,0.7057086614173228,0.34232513726426356,242245.39599999326,58400.89400000004,27550.0,328196.2899999933,383338.04600000044
8437,0.0714346191621228,0.057562629255485,2873.0,1191.0,5564.0,0.7069389763779528,0.3405238828967643,241139.32999999326,58531.500600000036,27820.0,327490.8305999933,384043.50540000043
8496,0.07193416195346632,0.05711916995413296,2879.0,1185.0,5617.0,0.7084153543307087,0.3388653483992467,238044.03099999327,58865.03050000004,28085.0,324994.0614999933,386540.2745000004
8555,0.07243370474480984,0.056535577983606686,2886.0,1178.0,5669.0,0.7101377952755905,0.33734658094681474,236353.6369999933,59062.06990000003,28345.0,323760.70689999335,387773.62910000037
8614,0.07293324753615335,0.055911579958012374,2892.0,1172.0,5722.0,0.7116141732283464,0.335732528442071,235450.04599999328,59176.42900000003,28610.0,323236.47499999334,388297.8610000004
8673,0.07343279032749686,0.05540013228500471,2896.0,1168.0,5777.0,0.7125984251968503,0.3339098351204889,234230.76299999328,59314.35730000003,28885.0,322430.1202999933,389104.2157000004
8732,0.07393233311884038,0.054920307447423586,2901.0,1163.0,5831.0,0.7138287401574803,0.33222629409070087,233267.7569999933,59430.657900000035,29155.0,321853.41489999334,389680.9211000004
8791,0.0744318759101839,0.05443006029940687,2906.0,1158.0,5885.0,0.7150590551181102,0.3305653509270845,232942.1959999933,59483.21400000003,29425.0,321850.40999999334,389683.9260000004
8850,0.07493141870152742,0.05390550543774856,2913.0,1151.0,5937.0,0.7167814960629921,0.32915254237288133,231495.89499999327,59655.84410000004,29685.0,320836.7390999933,390697.5969000004
8909,0.07543096149287093,0.05347766595666314,2918.0,1146.0,5991.0,0.718011811023622,0.3275339544281064,229975.55099999328,59827.878500000035,29955.0,319758.42949999333,391775.9065000004
8968,0.07593050428421445,0.05295825478755221,2922.0,1142.0,6046.0,0.718996062992126,0.3258251561106155,227744.55099999328,60066.978500000034,30230.0,318041.5294999933,393492.8065000004
9027,0.07643004707555796,0.052537169454344494,2930.0,1134.0,6097.0,0.7209645669291339,0.32458181012518,223710.60099999327,60502.37350000004,30485.0,314697.9744999933,396836.3615000004
9086,0.07692958986690147,0.05196515047414946,2931.0,1133.0,6155.0,0.7212106299212598,0.3225841954655514,223577.65099999326,60519.668500000036,30775.0,314872.3194999933,396662.01650000043
9145,0.077429132658245,0.051472223097717394,2936.0,1128.0,6209.0,0.7224409448818898,0.3210497539639147,222688.01899999328,60628.631700000034,31045.0,314361.6506999933,397172.6853000004
9204,0.07792867544958851,0.05102457397322533,2941.0,1123.0,6263.0,0.7236712598425197,0.3195349847892221,221908.24299999326,60726.60930000003,31315.0,313949.8522999933,397584.48370000045
9263,0.07842821824093203,0.0504604443813891,2943.0,1121.0,6320.0,0.7241633858267716,0.31771564288027637,221776.12599999324,60747.82100000004,31600.0,314123.9469999933,397410.38900000043
9322,0.07892776103227554,0.04998978093110927,2951.0,1113.0,6371.0,0.7261318897637795,0.3165629693198884,219404.71399999323,61016.96220000004,31855.0,312276.67619999324,399257.6598000005
9381,0.07942730382361907,0.04946039702454243,2957.0,1107.0,6424.0,0.7276082677165354,0.3152115979106705,218548.83199999324,61126.55040000004,32120.0,311795.38239999325,399738.9536000005
9440,0.07992684661496258,0.04905421352735046,2959.0,1105.0,6481.0,0.7281003937007874,0.31345338983050847,217937.83199999324,61195.650400000035,32405.0,311538.4823999933,399995.85360000044
9499,0.08042638940630609,0.04862445909940093,2961.0,1103.0,6538.0,0.7285925196850394,0.31171702284450997,217704.41299999325,61226.992300000034,32690.0,311621.4052999933,399912.93070000043
9558,0.08092593219764961,0.048234994790893986,2967.0,1097.0,6591.0,0.7300688976377953,0.31042059008160705,215447.4629999933,61476.687300000034,32955.0,309879.15029999334,401655.1857000004
9617,0.08142547498899312,0.0477754333652505,2969.0,1095.0,6648.0,0.7305610236220472,0.30872413434542995,215330.7399999933,61496.35960000003,33240.0,310067.0995999933,401467.2364000004
9676,0.08192501778033665,0.04736962934775383,2975.0,1089.0,6701.0,0.7320374015748031,0.30746176105828854,212978.14999999333,61755.61860000003,33505.0,308238.7685999934,403295.56740000035
9735,0.08242456057168016,0.04704280649676312,2979.0,1085.0,6756.0,0.7330216535433071,0.3060092449922958,212615.68199999334,61807.865400000024,33780.0,308203.54739999335,403330.7886000004
9794,0.08292410336302368,0.04668143643431084,2983.0,1081.0,6811.0,0.734005905511811,0.3045742291198693,211468.23199999332,61938.61040000003,34055.0,307461.84239999333,404072.4936000004
9853,0.08342364615436719,0.04632001032615391,2987.0,1077.0,6866.0,0.7349901574803149,0.30315639906627423,210914.7679999933,62009.95680000003,34330.0,307254.72479999333,404279.6112000004
9912,0.0839231889457107,0.04592222876970903,2995.0,1069.0,6917.0,0.7369586614173228,0.3021589991928975,208818.3909999933,62251.59450000003,34585.0,305654.9854999933,405879.3505000004
9971,0.08442273173705422,0.04550630807552022,3000.0,1064.0,6971.0,0.7381889763779528,0.3008725303379801,207388.5869999933,62414.57490000003,34855.0,304658.1618999933,406876.1741000004
10030,0.08492227452839773,0.045138604516923427,3004.0,1060.0,7026.0,0.7391732283464567,0.2995014955134596,205915.6369999933,62577.869900000034,35130.0,303623.50689999334,407910.8291000004
10089,0.08542181731974126,0.04480236628138393,3014.0,1050.0,7075.0,0.7416338582677166,0.29874120329071263,202605.95999999327,62948.837600000035,35375.0,300929.7975999933,410604.5384000004
10148,0.08592136011108477,0.04443971614714552,3018.0,1046.0,7130.0,0.7426181102362205,0.29739850216791486,201314.95999999327,63093.937600000034,35650.0,300058.8975999933,411475.43840000045
10207,0.08642090290242829,0.04404924635163963,3023.0,1041.0,7184.0,0.7438484251968503,0.2961692955814637,199993.60899999324,63246.07270000003,35920.0,299159.68169999326,412374.65430000046
10266,0.0869204456937718,0.04366265505766748,3028.0,1036.0,7238.0,0.7450787401574803,0.29495421780635106,198413.59299999324,63424.07430000004,36190.0,298027.6672999933,413506.66870000045
10325,0.08741998848511531,0.04328868727115944,3032.0,1032.0,7293.0,0.7460629921259843,0.29365617433414043,197165.32799999323,63564.90080000004,36465.0,297195.2287999933,414339.10720000044
10384,0.08791953127645884,0.042940078148462284,3034.0,1030.0,7350.0,0.7465551181102362,0.29218027734976887,196915.32799999323,63597.90080000004,36750.0,297263.2287999933,414271.10720000044
10443,0.08841907406780235,0.04263314621114094,3036.0,1028.0,7407.0,0.7470472440944882,0.2907210571674806,196779.3619999932,63619.49740000004,37035.0,297433.85939999326,414100.47660000046
10502,0.08891861685914587,0.042362165837851455,3038.0,1026.0,7464.0,0.7475393700787402,0.2892782327175776,196058.3619999932,63699.59740000004,37320.0,297077.95939999324,414456.3766000005
10561,0.08941815965048938,0.04196930642043944,3040.0,1024.0,7521.0,0.7480314960629921,0.28785152921124896,195800.4119999932,63733.39240000004,37605.0,297138.80439999327,414395.53160000045
10620,0.08991770244183289,0.04169127214143691,3044.0,1020.0,7576.0,0.7490157480314961,0.2866290018832392,195048.90999999322,63824.54260000004,37880.0,296753.45259999327,414780.88340000046
10679,0.09041724523317642,0.04140453690108837,3051.0,1013.0,7628.0,0.750738188976378,0.2857009083247495,193013.22499999322,64056.11110000004,38140.0,295209.33609999326,416324.99990000046
10738,0.09091678802451993,0.04106205764628652,3056.0,1008.0,7682.0,0.7519685039370079,0.28459675917303034,192496.22499999322,64127.811100000035,38410.0,295034.0360999933,416500.29990000045
10797,0.09141633081586345,0.04074897915057948,3060.0,1004.0,7737.0,0.7529527559055118,0.28341205890525145,191524.0799999932,64241.02560000004,38685.0,294450.10559999326,417084.23040000047
10856,0.09191587360720696,0.04048311330007393,3070.0,994.0,7786.0,0.7554133858267716,0.28279292557111274,189017.1299999932,64531.720600000044,38930.0,292478.85059999325,419055.48540000047
10915,0.09241541639855048,0.0402072205088616,3074.0,990.0,7841.0,0.7563976377952756,0.2816307833256986,188586.17999999318,64590.815600000045,39205.0,292381.9955999932,419152.3404000005
10974,0.092914959189894,0.03987455075151765,3080.0,984.0,7894.0,0.7578740157480315,0.28066338618552944,187600.58999999316,64713.37460000005,39470.0,291783.9645999932,419750.3714000005
11033,0.0934145019812375,0.03963418727218385,3083.0,981.0,7950.0,0.7586122047244095,0.2794344240007251,186715.58999999316,64813.87460000004,39750.0,291279.4645999932,420254.8714000005
11092,0.09391404477258103,0.039402481184635886,3087.0,977.0,8005.0,0.7595964566929134,0.2783086909484313,185546.52199999313,64946.78140000005,40025.0,290518.30339999316,421016.03260000056
11151,0.09441358756392454,0.039124685645890785,3094.0,970.0,8057.0,0.7613188976377953,0.27746390458254866,184724.02199999313,65057.03140000005,40285.0,290066.05339999316,421468.28260000056
11210,0.09491313035526806,0.03883580881887639,3097.0,967.0,8113.0,0.7620570866141733,0.27627118644067794,183728.02199999313,65168.63140000005,40565.0,289461.6533999932,422072.6826000005
11269,0.09541267314661157,0.03862993309835222,3100.0,964.0,8169.0,0.7627952755905512,0.27509095749401014,183483.66399999318,65205.067200000034,40845.0,289533.7311999932,422000.6048000005
11328,0.0959122159379551,0.03835042868201579,3105.0,959.0,8223.0,0.7640255905511811,0.2740995762711864,182372.1739999932,65336.21620000004,41115.0,288823.3901999932,422710.9458000005
11387,0.09641175872929861,0.03805677116305631,3106.0,958.0,8281.0,0.7642716535433071,0.27276719065601124,182327.1739999932,65344.71620000004,41405.0,289076.8901999932,422457.4458000005
11446,0.09691130152064212,0.03776488167750598,3108.0,956.0,8338.0,0.764763779527559,0.2715359077406954,181203.1739999932,65465.11620000003,41690.0,288358.29019999324,423176.0458000005
11505,0.09741084431198564,0.03745813344228073,3111.0,953.0,8394.0,0.765501968503937,0.27040417209908735,180834.99599999317,65513.934000000045,41970.0,288318.9299999932,423215.40600000054
11564,0.09791038710332915,0.0371965908757578,3113.0,951.0,8451.0,0.765994094488189,0.2691975095122795,180589.48199999315,65546.48540000003,42255.0,288390.9673999932,423143.3686000005
11623,0.09840992989467268,0.036888822640624964,3113.0,951.0,8510.0,0.765994094488189,0.2678310246924202,180589.48199999315,65546.48540000003,42550.0,288685.9673999932,422848.3686000005
11682,0.09890947268601619,0.036634117007164464,3116.0,948.0,8566.0,0.7667322834645669,0.2667351480910803,180393.36499999312,65578.09710000004,42830.0,288801.46209999314,422732.8739000006
11741,0.09940901547735971,0.03637963935812495,3118.0,946.0,8623.0,0.7672244094488189,0.2655651137041138,180185.4149999931,65606.89210000004,43115.0,288907.30709999317,422627.02890000056
11800,0.09990855826870322,0.036142750499224115,3122.0,942.0,8678.0,0.7682086614173228,0.26457627118644067,178983.4749999931,65743.08610000004,43390.0,288116.5610999932,423417.77490000054
11859,0.10040810106004673,0.03592740415011557,3128.0,936.0,8731.0,0.7696850393700787,0.26376591618180284,178353.4219999931,65830.09140000005,43655.0,287838.5133999931,423695.8226000006
11918,0.10090764385139026,0.03571669655943852,3130.0,934.0,8788.0,0.7701771653543307,0.2626279577110253,177931.6919999931,65880.26440000004,43940.0,287751.95639999316,423782.37960000057
11977,0.10140718664273377,0.03548139288721963,3135.0,929.0,8842.0,0.7714074803149606,0.26175169074058613,176410.1919999931,66052.41440000004,44210.0,286672.6063999932,424861.72960000054
12036,0.10190672943407729,0.03524436243820739,3142.0,922.0,8894.0,0.7731299212598425,0.2610501827849784,175543.0529999931,66167.12830000005,44470.0,286180.1812999931,425354.1547000006
12095,0.1024062722254208,0.035051733357797314,3145.0,919.0,8950.0,0.7738681102362205,0.2600248036378669,175110.0529999931,66222.42830000006,44750.0,286082.4812999931,425451.8547000006
12154,0.10290581501676432,0.03480341015533921,3150.0,914.0,9004.0,0.7750984251968503,0.25917393450715814,174341.53799999307,66319.27980000005,45020.0,285680.8177999931,425853.51820000063
12213,0.10340535780810783,0.034533144777604705,3153.0,911.0,9060.0,0.7758366141732284,0.2581675264062884,173935.53799999307,66371.87980000005,45300.0,285607.4177999931,425926.9182000006
12272,0.10390490059945134,0.0342709689898612,3158.0,906.0,9114.0,0.7770669291338582,0.25733376792698825,172232.58799999306,66562.17480000005,45570.0,284364.7627999931,427169.5732000006
12331,0.10440444339079487,0.03406621665370073,3161.0,903.0,9170.0,0.7778051181102362,0.2563457951504339,171975.23699999304,66599.90990000006,45850.0,284425.14689999307,427109.18910000066
12390,0.10490398618213838,0.03386243271081633,3167.0,897.0,9223.0,0.7792814960629921,0.25560936238902343,171514.93399999302,66669.94020000006,46115.0,284299.8741999931,427234.46180000063
12449,0.1054035289734819,0.033648886694878345,3170.0,894.0,9279.0,0.78001968503937,0.25463892682143147,171069.10799999302,66726.52280000006,46395.0,284190.63079999306,427343.70520000067
12508,0.10590307176482541,0.03339571893214636,3172.0,892.0,9336.0,0.780511811023622,0.2535976974736169,170773.10799999302,66764.12280000006,46680.0,284217.2307999931,427317.10520000063
12567,0.10640261455616894,0.0331767395809662,3175.0,889.0,9392.0,0.78125,0.2526458184133047,170171.34499999305,66836.29910000005,46960.0,283967.6440999931,427566.6919000006
12626,0.10690215734751245,0.033004087265936316,3181.0,883.0,9445.0,0.7827263779527559,0.25194044036115953,169686.11099999305,66908.82250000005,47225.0,283819.9334999931,427714.4025000006
12685,0.10740170013885596,0.032799727089125305,3182.0,882.0,9503.0,0.7829724409448819,0.25084745762711863,169500.11099999305,66931.42250000006,47515.0,283946.5334999931,427587.80250000063
12744,0.10790124293019948,0.03258378912490304,3186.0,878.0,9558.0,0.7839566929133859,0.25,169102.88799999305,66987.14480000005,47790.0,283880.0327999931,427654.3032000006
12803,0.10840078572154299,0.0323464352693122,3190.0,874.0,9613.0,0.7849409448818898,0.24916035304225573,168658.97299999307,67047.53630000005,48065.0,283771.5092999931,427762.8267000006
12862,0.10890032851288652,0.032138914969102324,3190.0,874.0,9672.0,0.7849409448818898,0.24801741564297933,168658.97299999307,67047.53630000005,48360.0,284066.5092999931,427467.8267000006
12921,0.10939987130423003,0.03196733485656006,3193.0,871.0,9728.0,0.7856791338582677,0.2471170961999845,167821.4599999931,67143.28760000005,48640.0,283604.74759999313,427929.5884000006
12980,0.10989941409557354,0.031716074193642946,3195.0,869.0,9785.0,0.7861712598425197,0.24614791987673343,167487.4599999931,67184.68760000005,48925.0,283597.14759999316,427937.18840000057
13039,0.11039895688691706,0.0314969716329939,3199.0,865.0,9840.0,0.7871555118110236,0.2453409003757957,166353.82599999307,67314.05100000006,49200.0,282867.8769999931,428666.4590000006
13098,0.11089849967826057,0.03131929974054362,3199.0,865.0,9899.0,0.7871555118110236,0.24423576118491372,166353.82599999307,67314.05100000006,49495.0,283162.8769999931,428371.4590000006
13157,0.1113980424696041,0.031093008888047346,3202.0,862.0,9955.0,0.7878937007874016,0.24336854906133618,166078.37599999306,67353.59600000005,49775.0,283206.9719999931,428327.36400000064
13216,0.1118975852609476,0.030911937683646553,3203.0,861.0,10013.0,0.7881397637795275,0.24235774818401937,166003.37599999306,67365.09600000005,50065.0,283433.4719999931,428100.86400000064
13275,0.11239712805229113,0.030696183570960624,3205.0,859.0,10070.0,0.7886318897637795,0.24143126177024482,165588.37599999306,67414.59600000005,50350.0,283352.9719999931,428181.36400000064
13334,0.11289667084363464,0.030494606560711443,3208.0,856.0,10126.0,0.7893700787401575,0.2405879706014699,164485.67199999304,67536.86640000006,50630.0,282652.5383999931,428881.79760000063
13393,0.11339621363497815,0.030316211557189523,3210.0,854.0,10183.0,0.7898622047244095,0.2396774434406033,164266.67199999304,67566.76640000005,50915.0,282748.4383999931,428785.8976000006
13452,0.11389575642632167,0.030120076678467538,3214.0,850.0,10238.0,0.7908464566929134,0.23892358013678264,163220.02799999306,67687.43080000006,51190.0,282097.45879999315,429436.87720000057
13511,0.11439529921766518,0.02992745889635688,3214.0,850.0,10297.0,0.7908464566929134,0.237880245725705,163220.02799999306,67687.43080000006,51485.0,282392.45879999315,429141.87720000057
13570,0.11489484200900871,0.029719317180764485,3216.0,848.0,10354.0,0.7913385826771654,0.2369933677229182,163075.75199999305,67709.85840000006,51770.0,282555.61039999314,428978.7256000006
13629,0.11539438480035222,0.029549181227884243,3217.0,847.0,10412.0,0.7915846456692913,0.23604079536282926,163016.75199999305,67719.75840000006,52060.0,282796.5103999931,428737.8256000006
13688,0.11589392759169574,0.029364869696755485,3220.0,844.0,10468.0,0.7923228346456693,0.23524254821741672,161856.75199999305,67847.75840000006,52340.0,282044.5103999931,429489.8256000006
13747,0.11639347038303925,0.029217003558771007,3225.0,839.0,10522.0,0.7935531496062992,0.23459663926674912,159836.75199999305,68069.75840000006,52610.0,280516.5103999931,431017.8256000006
13806,0.11689301317438276,0.029031491792475897,3227.0,837.0,10579.0,0.7940452755905512,0.23373895407793713,159086.75199999305,68152.75840000006,52895.0,280134.5103999931,431399.8256000006
13865,0.11739255596572629,0.02887254539589199,3229.0,835.0,10636.0,0.7945374015748031,0.23288856833754057,158919.88699999306,68177.44490000006,53180.0,280277.3318999931,431257.0041000006
13924,0.1178920987570698,0.028688860766505668,3234.0,830.0,10690.0,0.7957677165354331,0.2322608445848894,157281.87099999306,68361.24650000005,53450.0,279093.1174999931,432441.2185000006
13983,0.11839164154841332,0.028537645231084593,3236.0,828.0,10747.0,0.7962598425196851,0.23142387184438246,157185.10699999303,68378.92290000006,53735.0,279299.0298999931,432235.3061000006
14042,0.11889118433975683,0.028366378509746226,3238.0,826.0,10804.0,0.796751968503937,0.23059393248824953,156645.10699999303,68440.92290000006,54020.0,279106.0298999931,432428.3061000006
14101,0.11939072713110035,0.0282178321609012,3240.0,824.0,10861.0,0.797244094488189,0.2297709382313311,155602.10699999303,68553.22290000007,54305.0,278460.3298999931,433074.00610000064
14160,0.11989026992244387,0.028087652104336416,3244.0,820.0,10916.0,0.7982283464566929,0.2290960451977401,155057.50199999305,68623.68340000007,54580.0,278261.1853999931,433273.15060000063
14219,0.12038981271378738,0.02793489320685733,3247.0,817.0,10972.0,0.7989665354330708,0.22835642450242633,154344.55199999304,68706.97840000005,54860.0,277911.53039999306,433622.80560000066
14278,0.1208893555051309,0.027741013835792458,3247.0,817.0,11031.0,0.7989665354330708,0.22741280291357333,154344.55199999304,68706.97840000005,55155.0,278206.53039999306,433327.80560000066
14337,0.12138889829647441,0.02758713452478253,3248.0,816.0,11089.0,0.7992125984251969,0.2265466973564902,154064.55199999304,68738.97840000005,55445.0,278248.53039999306,433285.80560000066
14396,0.12188844108781793,0.027426046020002925,3249.0,815.0,11147.0,0.7994586614173228,0.2256876910252848,153973.15399999305,68752.11820000006,55735.0,278460.27219999314,433074.0638000006
14455,0.12238798387916144,0.027267290585803808,3250.0,814.0,11205.0,0.7997047244094488,0.22483569699066067,153034.15399999305,68850.01820000005,56025.0,277909.1721999931,433625.1638000006
14514,0.12288752667050497,0.027102063638372188,3251.0,813.0,11263.0,0.7999507874015748,0.22399062973680584,152973.80299999303,68860.05330000006,56315.0,278148.8562999931,433385.4797000006
14573,0.12338706946184848,0.026957093739300393,3251.0,813.0,11322.0,0.7999507874015748,0.22308378508200097,152973.80299999303,68860.05330000006,56610.0,278443.8562999931,433090.4797000006
14632,0.12388661225319199,0.026796139177294617,3253.0,811.0,11379.0,0.8004429133858267,0.2223209404045927,152668.90699999302,68898.54290000006,56895.0,278462.4498999931,433071.88610000064
14691,0.12438615504453551,0.026648663323711897,3255.0,809.0,11436.0,0.8009350393700787,0.2215642229936696,151583.90699999302,69015.04290000006,57180.0,277778.9498999931,433755.38610000064
14750,0.12488569783587902,0.026520001417676676,3257.0,807.0,11493.0,0.8014271653543307,0.2208135593220339,151367.90699999302,69044.64290000006,57465.0,277877.5498999931,433656.7861000006
14809,0.12538524062722253,0.026395721184114245,3258.0,806.0,11551.0,0.8016732283464567,0.22000135053008305,151265.90699999302,69058.84290000005,57755.0,278079.74989999307,433454.58610000066
14868,0.12588478341856607,0.026241965654562303,3259.0,805.0,11609.0,0.8019192913385826,0.21919558783965565,151218.40499999304,69067.59310000006,58045.0,278330.9980999931,433203.3379000006
14927,0.12638432620990958,0.02610685372780338,3263.0,801.0,11664.0,0.8029035433070866,0.218597172908153,150155.43499999307,69189.89010000005,58320.0,277665.32509999315,433869.0109000006
14986,0.1268838690012531,0.025960841278544314,3267.0,797.0,11719.0,0.8038877952755905,0.21800346990524488,149136.43499999307,69307.79010000004,58595.0,277039.2250999931,434495.1109000006
15045,0.1273834117925966,0.025807088464337418,3268.0,796.0,11777.0,0.8041338582677166,0.2172150216018611,149106.43499999307,69314.79010000004,58885.0,277306.2250999931,434228.1109000006
15104,0.1278829545839401,0.0256623591445978,3271.0,793.0,11833.0,0.8048720472440944,0.21656514830508475,148844.48499999306,69352.98510000005,59165.0,277362.4700999931,434171.8659000006
15163,0.12838249737528365,0.025539896825223975,3273.0,791.0,11890.0,0.8053641732283464,0.21585438237815735,148560.08999999304,69389.42460000006,59450.0,277399.5145999931,434134.8214000006
15222,0.12888204016662716,0.025434817977121223,3274.0,790.0,11948.0,0.8056102362204725,0.21508343187491788,148223.13999999303,69427.11960000006,59740.0,277390.2595999931,434144.0764000006
15281,0.12938158295797067,0.02532168202984595,3275.0,789.0,12006.0,0.8058562992125984,0.2143184346574177,148148.13999999303,69438.61960000006,60030.0,277616.7595999931,433917.5764000006
15340,0.12988112574931418,0.02519656996264876,3277.0,787.0,12063.0,0.8063484251968503,0.2136245110821382,148000.13999999303,69461.41960000005,60315.0,277776.55959999305,433757.7764000007
15399,0.1303806685406577,0.025067653606570806,3278.0,786.0,12121.0,0.8065944881889764,0.21287096564711994,147968.13999999303,69468.61960000006,60605.0,278041.7595999931,433492.5764000006
15458,0.13088021133200123,0.0249276988940205,3283.0,781.0,12175.0,0.8078248031496063,0.21238193815500064,147564.27399999305,69529.00620000005,60875.0,277968.2801999931,433566.0558000006
15517,0.13137975412334474,0.024798486218681103,3283.0,781.0,12234.0,0.8078248031496063,0.21157440226847973,147564.27399999305,69529.00620000005,61170.0,278263.2801999931,433271.0558000006
15576,0.13187929691468825,0.02468152462710065,3286.0,778.0,12290.0,0.8085629921259843,0.21096558808423216,146294.24699999305,69668.00890000004,61450.0,277412.2558999931,434122.0801000006
15635,0.13237883970603176,0.024546407048096002,3286.0,778.0,12349.0,0.8085629921259843,0.21016949152542372,146294.24699999305,69668.00890000004,61745.0,277707.2558999931,433827.0801000006
15694,0.1328783824973753,0.02444363355252157,3287.0,777.0,12407.0,0.8088090551181102,0.20944309927360774,146161.29699999304,69685.30390000006,62035.0,277881.6008999931,433652.73510000063
15753,0.1333779252887188,0.02433290493536492,3289.0,775.0,12464.0,0.8093011811023622,0.2087856281343236,145904.33099999302,69719.00050000005,62320.0,277943.3314999931,433591.0045000006
15812,0.13387746808006232,0.02418798152485386,3292.0,772.0,12520.0,0.8100393700787402,0.20819630660258032,145518.380999993,69769.59550000005,62600.0,277887.97649999306,433646.35950000066
15871,0.13437701087140583,0.024042304377408157,3295.0,769.0,12576.0,0.8107775590551181,0.20761136664356372,144306.974999993,69902.73610000007,62880.0,277089.7110999931,434444.62490000064
15930,0.13487655366274934,0.023922277426936665,3296.0,768.0,12634.0,0.8110236220472441,0.2069052102950408,144242.974999993,69913.13610000006,63170.0,277326.11109999305,434208.22490000067
15989,0.13537609645409288,0.023814167517660155,3302.0,762.0,12687.0,0.8125,0.20651698042404154,143014.12499999296,70060.02110000007,63435.0,276509.146099993,435025.1899000007
16048,0.13587563924543639,0.023660157548624047,3305.0,759.0,12743.0,0.813238188976378,0.20594466600199401,141833.16399999295,70190.11720000007,63715.0,275738.281199993,435796.05480000074
16107,0.1363751820367799,0.023555967774841893,3306.0,758.0,12801.0,0.8134842519685039,0.20525237474390018,141783.16399999295,70199.11720000007,64005.0,275987.281199993,435547.05480000074
16166,0.1368747248281234,0.02343029439497097,3310.0,754.0,12856.0,0.8144685039370079,0.204750711369541,141417.67699999298,70251.66590000005,64280.0,275949.34289999306,435584.99310000066
16225,0.13737426761946692,0.02333050451435126,3315.0,749.0,12910.0,0.8156988188976378,0.20431432973805855,140835.12399999297,70329.92120000007,64550.0,275715.04519999307,435819.29080000066
16284,0.13787381041081045,0.023229603230940622,3321.0,743.0,12963.0,0.8171751968503937,0.20394252026529108,139291.22399999294,70508.31120000005,64815.0,274614.535199993,436919.8008000007
16343,0.13837335320215396,0.023113308169169507,3321.0,743.0,13022.0,0.8171751968503937,0.20320626567949582,139291.22399999294,70508.31120000005,65110.0,274909.535199993,436624.8008000007
16402,0.13887289599349747,0.02299484281064069,3323.0,741.0,13079.0,0.8176673228346457,0.2025972442385075,138579.27399999293,70587.50620000006,65395.0,274561.780199993,436972.55580000073
16461,0.13937243878484099,0.02287153357811813,3326.0,738.0,13135.0,0.8184055118110236,0.2020533381933054,138170.14499999292,70640.41910000006,65675.0,274485.564099993,437048.77190000075
16520,0.1398719815761845,0.022753121545993005,3328.0,736.0,13192.0,0.8188976377952756,0.20145278450363197,137890.14499999292,70676.41910000006,65960.0,274526.564099993,437007.77190000075
16579,0.14037152436752803,0.022651983739247372,3330.0,734.0,13249.0,0.8193897637795275,0.20085650521744375,137713.14499999292,70702.11910000007,66245.0,274660.264099993,436874.07190000074
16638,0.14087106715887154,0.022519653179056083,3333.0,731.0,13305.0,0.8201279527559056,0.2003245582401731,137452.14499999292,70740.21910000007,66525.0,274717.364099993,436816.9719000007
16697,0.14137060995021505,0.022415776927016805,3337.0,727.0,13360.0,0.8211122047244095,0.19985626160388092,136614.1949999929,70840.01410000006,66800.0,274254.209099993,437280.12690000073
16756,0.14187015274155856,0.022286278112947804,3338.0,726.0,13418.0,0.8213582677165354,0.19921222248746717,136559.6849999929,70849.46510000006,67090.0,274499.150099993,437035.18590000074
16815,0.1423696955329021,0.0221587300298597,3338.0,726.0,13477.0,0.8213582677165354,0.1985132322331252,136559.6849999929,70849.46510000006,67385.0,274794.150099993,436740.18590000074
16874,0.1428692383242456,0.02205907873855831,3339.0,725.0,13535.0,0.8216043307086615,0.19787839279364702,136084.6849999929,70900.96510000006,67675.0,274660.650099993,436873.68590000074
16933,0.14336878111558912,0.021940118313537413,3340.0,724.0,13593.0,0.8218503937007874,0.19724797732238825,136008.0419999929,70912.62940000006,67965.0,274885.671399993,436648.6646000007
16992,0.14386832390693263,0.021824751754268516,3344.0,720.0,13648.0,0.8228346456692913,0.1967984934086629,135267.5419999929,71002.67940000007,68240.0,274510.221399993,437024.1146000007
17051,0.14436786669827614,0.021735439546248653,3349.0,715.0,13702.0,0.8240649606299213,0.19641076769690927,134222.35099999292,71127.19850000006,68510.0,273859.549499993,437674.78650000074
17110,0.14486740948961968,0.021639839012495596,3353.0,711.0,13757.0,0.8250492125984252,0.19596727060198715,133811.6779999929,71184.26580000005,68785.0,273780.94379999297,437753.39220000076
17169,0.1453669522809632,0.021501805518492567,3358.0,706.0,13811.0,0.8262795275590551,0.19558506610751936,131783.6779999929,71407.06580000007,69055.0,272245.74379999295,439288.59220000077
17228,0.1458664950723067,0.021398284740208044,3360.0,704.0,13868.0,0.8267716535433071,0.1950313443231948,131597.6779999929,71433.66580000006,69340.0,272371.343799993,439162.99220000074
17287,0.1463660378636502,0.021306189315542273,3361.0,703.0,13926.0,0.8270177165354331,0.19442355527274832,131346.6779999929,71462.76580000005,69630.0,272439.44379999297,439094.89220000076
17346,0.14686558065499372,0.021214236035834215,3362.0,702.0,13984.0,0.827263779527559,0.19381990084169262,131213.7279999929,71480.06080000006,69920.0,272613.788799993,438920.5472000007
17405,0.14736512344633726,0.02111810207476346,3362.0,702.0,14043.0,0.827263779527559,0.19316288422866992,131213.7279999929,71480.06080000006,70215.0,272908.788799993,438625.5472000007
17464,0.14786466623768077,0.021008972208577614,3363.0,701.0,14101.0,0.8275098425196851,0.19256756756756757,131155.03599999292,71489.93000000005,70505.0,273149.965999993,438384.37000000075
17523,0.14836420902902428,0.020904374504483337,3364.0,700.0,14159.0,0.827755905511811,0.19197625977286994,130740.03599999292,71535.43000000005,70795.0,273070.465999993,438463.87000000075
17582,0.1488637518203678,0.0208087799593377,3364.0,700.0,14218.0,0.827755905511811,0.19133204413604823,130740.03599999292,71535.43000000005,71090.0,273365.465999993,438168.87000000075
17641,0.14936329461171133,0.020710003102020216,3366.0,698.0,14275.0,0.828248031496063,0.19080550989172948,130604.7229999929,71556.96130000007,71375.0,273536.684299993,437997.65170000074
17700,0.14986283740305484,0.020604139092007454,3366.0,698.0,14334.0,0.828248031496063,0.19016949152542373,130604.7229999929,71556.96130000007,71670.0,273831.684299993,437702.65170000074
17759,0.15036238019439835,0.020501718409135675,3368.0,696.0,14391.0,0.8287401574803149,0.1896503181485444,130174.28899999289,71608.00470000008,71955.0,273737.29369999294,437797.0423000008
17818,0.15086192298574186,0.020420532005002514,3369.0,695.0,14449.0,0.828986220472441,0.18907845998428555,129923.28899999289,71637.10470000007,72245.0,273805.393699993,437728.94230000075
17877,0.15136146577708537,0.020334619560510275,3374.0,690.0,14503.0,0.8302165354330708,0.18873412765005315,129576.86799999292,71691.74680000007,72515.0,273783.614799993,437750.7212000007
17936,0.1518610085684289,0.02025664117223013,3376.0,688.0,14560.0,0.8307086614173228,0.18822479928635147,129166.9069999929,71740.74290000007,72800.0,273707.649899993,437826.68610000075
17995,0.15236055135977242,0.02015910051239687,3376.0,688.0,14619.0,0.8307086614173228,0.18760766879688803,129166.9069999929,71740.74290000007,73095.0,274002.649899993,437531.68610000075
18054,0.15286009415111593,0.02006040309835322,3378.0,686.0,14676.0,0.8312007874015748,0.1871053506148222,128583.6459999929,71807.06900000008,73380.0,273770.714999993,437763.62100000074
18113,0.15335963694245944,0.019982819385120434,3380.0,684.0,14733.0,0.8316929133858267,0.1866063048639099,128391.6959999929,71834.26400000007,73665.0,273890.959999993,437643.37600000075
18172,0.15385917973380295,0.019909381310426393,3384.0,680.0,14788.0,0.8326771653543307,0.18622055910191504,127567.6959999929,71932.66400000008,73940.0,273440.359999993,438093.9760000007
18231,0.15435872252514649,0.01983569235985253,3386.0,678.0,14845.0,0.8331692913385826,0.1857276068235423,126737.6959999929,72023.66400000008,74225.0,272986.359999993,438547.9760000007
18290,0.15485826531649,0.019753603972193428,3387.0,677.0,14903.0,0.8334153543307087,0.18518316019682887,126612.6959999929,72040.16400000008,74515.0,273167.859999993,438366.4760000007
18349,0.1553578081078335,0.01967717618330474,3391.0,673.0,14958.0,0.8343996062992126,0.1848057114829146,126328.94199999288,72084.53940000007,74790.0,273203.48139999295,438330.8546000008
18408,0.15585735089917702,0.019596718259390133,3393.0,671.0,15015.0,0.8348917322834646,0.1843220338983051,125993.00699999288,72126.13290000007,75075.0,273194.13989999297,438340.19610000076
18467,0.15635689369052055,0.019508773251709587,3395.0,669.0,15072.0,0.8353838582677166,0.18384144690529053,125384.50699999288,72194.98290000006,75360.0,272939.48989999294,438594.8461000008
18526,0.15685643648186406,0.019418249541055546,3397.0,667.0,15129.0,0.8358759842519685,0.18336392097592571,123860.50699999288,72355.38290000007,75645.0,271860.88989999297,439673.44610000076
18585,0.15735597927320757,0.01933172324008348,3399.0,665.0,15186.0,0.8363681102362205,0.18288942695722357,123340.50699999288,72415.38290000007,75930.0,271685.88989999297,439848.44610000076
18644,0.15785552206455108,0.019246499513327492,3402.0,662.0,15242.0,0.8371062992125984,0.18247157262390046,119967.49699999287,72764.68390000006,76210.0,268942.18089999293,442592.1551000008
18703,0.1583550648558946,0.01916911948032003,3404.0,660.0,15299.0,0.8375984251968503,0.1820028872373416,119803.84099999286,72789.04950000007,76495.0,269087.89049999294,442446.4455000008
18762,0.15885460764723813,0.0190797595304503,3405.0,659.0,15357.0,0.8378444881889764,0.1814838503357851,119744.84099999286,72798.94950000008,76785.0,269328.7904999929,442205.5455000008
18821,0.15935415043858164,0.01898661790373621,3409.0,655.0,15412.0,0.8388287401574803,0.1811274640029754,117254.55499999283,73063.97810000007,77060.0,267378.5330999929,444155.8029000008
18880,0.15985369322992515,0.018892753449430838,3410.0,654.0,15470.0,0.8390748031496063,0.180614406779661,117210.49599999283,73072.38400000008,77350.0,267632.8799999929,443901.4560000008
18939,0.16035323602126866,0.018806898555973627,3410.0,654.0,15529.0,0.8390748031496063,0.1800517450762976,117210.49599999283,73072.38400000008,77645.0,267927.8799999929,443606.4560000008
18998,0.16085277881261217,0.018705324167847547,3411.0,653.0,15587.0,0.8393208661417323,0.17954521528581957,117079.44299999281,73089.48930000007,77935.0,268103.9322999929,443430.40370000084
19057,0.1613523216039557,0.018641322490119936,3414.0,650.0,15643.0,0.8400590551181102,0.17914677021566877,116775.94299999281,73131.83930000008,78215.0,268122.78229999286,443411.55370000086
19116,0.16185186439529922,0.018553235936442525,3416.0,648.0,15700.0,0.8405511811023622,0.1786984724837832,116530.9929999928,73164.33430000008,78500.0,268195.3272999929,443339.0087000008
19175,0.16235140718664273,0.018475624326566763,3418.0,646.0,15757.0,0.8410433070866141,0.1782529335071708,116374.59899999283,73187.97370000008,78785.0,268347.5726999929,443186.7633000008
19234,0.16285094997798624,0.018401991085166373,3418.0,646.0,15816.0,0.8410433070866141,0.17770614536757826,116374.59899999283,73187.97370000008,79080.0,268642.5726999929,442891.7633000008
19293,0.16335049276932975,0.018331600201631135,3420.0,644.0,15873.0,0.8415354330708661,0.1772663660394962,115856.09899999283,73247.82370000007,79365.0,268468.9226999929,443065.41330000083
19352,0.1638500355606733,0.01824502247753533,3420.0,644.0,15932.0,0.8415354330708661,0.1767259198015709,115856.09899999283,73247.82370000007,79660.0,268763.9226999929,442770.41330000083
19411,0.1643495783520168,0.018174505199262257,3423.0,641.0,15988.0,0.8422736220472441,0.17634331049404978,115593.70399999281,73286.06320000008,79940.0,268819.7671999929,442714.5688000008
19470,0.1648491211433603,0.018109460630376422,3425.0,639.0,16045.0,0.8427657480314961,0.1759116589625064,115353.7539999928,73318.05820000007,80225.0,268896.8121999929,442637.52380000084
19529,0.16534866393470382,0.01805404635929584,3427.0,637.0,16102.0,0.843257874015748,0.17548261559731682,114874.80399999279,73373.95320000008,80510.0,268758.7571999929,442775.57880000083
19588,0.16584820672604736,0.017974038242958273,3429.0,635.0,16159.0,0.84375,0.17505615683071268,114470.01699999277,73422.43190000008,80795.0,268687.44889999286,442846.88710000087
19647,0.16634774951739087,0.017893523139066916,3431.0,633.0,16216.0,0.844242125984252,0.1746322593780221,114286.51699999277,73448.78190000009,81080.0,268815.29889999283,442719.0371000009
19706,0.16684729230873438,0.01781455841512796,3432.0,632.0,16274.0,0.844488188976378,0.1741601542677357,113926.51699999277,73488.78190000009,81370.0,268785.29889999283,442749.0371000009
19765,0.1673468351000779,0.017739626979291483,3435.0,629.0,16330.0,0.8452263779527559,0.17379205666582342,113738.63799999276,73519.56980000008,81650.0,268908.2077999929,442626.12820000085
19824,0.1678463778914214,0.017687382301458228,3438.0,626.0,16386.0,0.8459645669291339,0.17342615012106538,112118.58499999274,73693.57510000007,81930.0,267742.1600999928,443792.1759000009
19883,0.16834592068276494,0.017623049605984046,3439.0,625.0,16444.0,0.8462106299212598,0.17296182668611376,112059.58499999274,73703.47510000008,82220.0,267983.06009999284,443551.2759000009
19942,0.16884546347410845,0.01755499814842361,3439.0,625.0,16503.0,0.8462106299212598,0.17245010530538563,112059.58499999274,73703.47510000008,82515.0,268278.06009999284,443256.2759000009
20001,0.16934500626545196,0.01749602266562177,3441.0,623.0,16560.0,0.8467027559055118,0.1720413979301035,110830.58499999274,73834.37510000009,82800.0,267464.9600999928,444069.3759000009
20060,0.16984454905679547,0.01743193969800691,3443.0,621.0,16617.0,0.8471948818897638,0.17163509471585245,110238.58499999274,73901.57510000007,83085.0,267225.1600999928,444309.1759000009
20119,0.17034409184813898,0.017347315386961416,3445.0,619.0,16674.0,0.8476870078740157,0.17123117451165565,110070.58499999274,73926.37510000009,83370.0,267366.9600999928,444167.3759000009
20178,0.17084363463948252,0.017293076629427556,3446.0,618.0,16732.0,0.8479330708661418,0.17078005748835365,110011.58499999274,73936.27510000009,83660.0,267607.86009999283,443926.4759000009
20237,0.17134317743082603,0.01722293732676461,3446.0,618.0,16791.0,0.8479330708661418,0.17028215644611355,110011.58499999274,73936.27510000009,83955.0,267902.86009999283,443631.4759000009
20296,0.17184272022216954,0.01715195325915192,3448.0,616.0,16848.0,0.8484251968503937,0.16988569176192353,109707.64999999275,73974.66860000008,84240.0,267922.31859999284,443612.0174000009
20355,0.17234226301351305,0.017092832288369306,3448.0,616.0,16907.0,0.8484251968503937,0.16939326946696143,109707.64999999275,73974.66860000008,84535.0,268217.31859999284,443317.0174000009
20414,0.17284180580485659,0.01702637522584772,3449.0,615.0,16965.0,0.8486712598425197,0.16895267953365337,109365.14999999275,74012.91860000008,84825.0,268203.06859999284,443331.2674000009
20473,0.1733413485962001,0.01696092372763677,3450.0,614.0,17023.0,0.8489173228346457,0.16851462902359204,109060.14999999275,74047.41860000008,85115.0,268222.56859999284,443311.7674000009
20532,0.1738408913875436,0.01689854363665305,3451.0,613.0,17081.0,0.8491633858267716,0.16807909604519775,108755.14999999275,74081.91860000008,85405.0,268242.06859999284,443292.2674000009
20591,0.17434043417888712,0.01683354944419619,3452.0,612.0,17139.0,0.8494094488188977,0.1676460589577971,108569.19999999274,74104.5136000001,85695.0,268368.7135999928,443165.6224000009
20650,0.17483997697023063,0.016764257436169605,3453.0,611.0,17197.0,0.8496555118110236,0.16721549636803873,108330.24999999272,74132.40860000008,85985.0,268447.6585999928,443086.6774000009
20709,0.17533951976157416,0.01670750503877798,3455.0,609.0,17254.0,0.8501476377952756,0.1668356753102516,107629.24999999272,74210.50860000009,86270.0,268109.75859999284,443424.5774000009
20768,0.17583906255291767,0.016637335398998254,3457.0,607.0,17311.0,0.8506397637795275,0.16645801232665638,107407.24999999272,74240.7086000001,86555.0,268202.9585999928,443331.3774000009
20827,0.17633860534426118,0.016553451138322333,3458.0,606.0,17369.0,0.8508858267716536,0.166034474480242,107221.74999999272,74263.25860000009,86845.0,268330.00859999284,443204.3274000009
20886,0.1768381481356047,0.01648150636985265,3458.0,606.0,17428.0,0.8508858267716536,0.16556545054103228,107221.74999999272,74263.25860000009,87140.0,268625.00859999284,442909.3274000009
20945,0.1773376909269482,0.01641084877688951,3459.0,605.0,17486.0,0.8511318897637795,0.16514681308188112,107090.69699999271,74280.36390000008,87430.0,268801.0608999928,442733.2751000009
21004,0.17783723371829174,0.01635052930137314,3463.0,601.0,17541.0,0.8521161417322834,0.1648733574557227,106500.7469999927,74355.3589000001,87705.0,268561.1058999928,442973.2301000009
21063,0.17833677650963525,0.01627699185374748,3464.0,600.0,17599.0,0.8523622047244095,0.16445900394055926,106446.7469999927,74364.7589000001,87995.0,268806.5058999928,442727.83010000095
21122,0.17883631930097876,0.01621618642535674,3464.0,600.0,17658.0,0.8523622047244095,0.1639996212479879,106446.7469999927,74364.7589000001,88290.0,269101.5058999928,442432.83010000095
21181,0.17933586209232227,0.01616323706942427,3466.0,598.0,17715.0,0.8528543307086615,0.16363722203861952,106296.56599999266,74387.77700000009,88575.0,269259.3429999928,442274.99300000095
21240,0.17983540488366578,0.01611481986634369,3467.0,597.0,17773.0,0.8531003937007874,0.16322975517890773,105501.56599999266,74471.27700000009,88865.0,268837.8429999928,442696.49300000095
21299,0.18033494767500932,0.0160522578144219,3468.0,596.0,17831.0,0.8533464566929134,0.16282454575332175,105379.56599999266,74487.4770000001,89155.0,269022.04299999273,442512.293000001
21358,0.18083449046635283,0.015991239684095507,3471.0,593.0,17887.0,0.8540846456692913,0.16251521678059744,103100.56599999266,74727.3770000001,89435.0,267262.94299999275,444271.393000001
21417,0.18133403325769634,0.01593596326886503,3471.0,593.0,17946.0,0.8540846456692913,0.1620675164588878,103100.56599999266,74727.3770000001,89730.0,267557.94299999275,443976.393000001
21476,0.18183357604903985,0.015872357397629655,3472.0,592.0,18004.0,0.8543307086614174,0.16166883963494133,102918.17699999263,74749.61590000009,90020.0,267687.7928999927,443846.543100001
21535,0.1823331188403834,0.015817067018725435,3472.0,592.0,18063.0,0.8543307086614174,0.16122591130717437,102918.17699999263,74749.61590000009,90315.0,267982.7928999927,443551.543100001
21594,0.1828326616317269,0.0157743900207545,3473.0,591.0,18121.0,0.8545767716535433,0.160831712512735,102835.22699999262,74761.9109000001,90605.0,268202.13789999275,443332.19810000097
21653,0.1833322044230704,0.015721018640945023,3476.0,588.0,18177.0,0.8553149606299213,0.1605320278945181,102286.61299999262,74828.7723000001,90885.0,268000.38529999275,443533.950700001
21712,0.18383174721441392,0.015661222669104292,3480.0,584.0,18232.0,0.8562992125984252,0.16028002947678702,101974.35799999262,74875.9978000001,91160.0,268010.3557999927,443523.98020000104
21771,0.18433129000575743,0.015600702925637148,3482.0,582.0,18289.0,0.8567913385826772,0.1599375315787056,101566.9079999926,74924.7428000001,91445.0,267936.6507999927,443597.685200001
21830,0.18483083279710097,0.015551222404926176,3483.0,581.0,18347.0,0.8570374015748031,0.15955107650022904,101528.07499999262,74932.6261000001,91735.0,268195.70109999273,443338.634900001
21889,0.18533037558844448,0.015488738858648718,3485.0,579.0,18404.0,0.8575295275590551,0.15921238978482344,101311.12499999261,74962.32110000009,92020.0,268293.4460999927,443240.889900001
21948,0.185829918379788,0.015438236389241666,3485.0,579.0,18463.0,0.8575295275590551,0.15878439948970294,101311.12499999261,74962.32110000009,92315.0,268588.4460999927,442945.889900001
22007,0.1863294611711315,0.015390731074184878,3486.0,578.0,18521.0,0.8577755905511811,0.15840414413595674,99685.12499999267,75128.9211000001,92605.0,267419.04609999276,444115.28990000096
22066,0.186829003962475,0.015334339031988328,3487.0,577.0,18579.0,0.8580216535433071,0.1580259222333001,99601.12499999267,75141.32110000009,92895.0,267637.4460999927,443896.889900001
22125,0.18732854675381855,0.015283932567459236,3491.0,573.0,18634.0,0.859005905511811,0.15778531073446328,98628.92899999267,75254.5407000001,93170.0,267053.4696999928,444480.8663000009
22184,0.18782808954516206,0.015224992570172591,3492.0,572.0,18692.0,0.859251968503937,0.1574107464839524,98579.76699999266,75263.45690000009,93460.0,267303.22389999276,444231.11210000096
22243,0.18832763233650557,0.015156718650561408,3494.0,570.0,18749.0,0.859744094488189,0.15708312727599694,98474.76699999266,75281.95690000009,93745.0,267501.72389999276,444032.61210000096
22302,0.18882717512784908,0.015100937018636643,3498.0,566.0,18804.0,0.8607283464566929,0.15684691955878396,97113.8169999927,75434.05190000008,94020.0,266567.8688999928,444966.46710000094
22361,0.18932671791919262,0.01505950379573278,3498.0,566.0,18863.0,0.8607283464566929,0.15643307544385313,97113.8169999927,75434.05190000008,94315.0,266862.8688999928,444671.46710000094
22420,0.18982626071053613,0.015011368382965835,3500.0,564.0,18920.0,0.8612204724409449,0.15611061552185548,96887.8169999927,75464.65190000008,94600.0,266952.46889999276,444581.86710000096
22479,0.19032580350187964,0.014970817145730925,3502.0,562.0,18977.0,0.8617125984251969,0.15578984830286044,96729.8169999927,75488.45190000009,94885.0,267103.2688999928,444431.0671000009
22538,0.19082534629322315,0.01491154230487122,3503.0,561.0,19035.0,0.8619586614173228,0.1554263909841157,96669.77299999271,75498.45630000008,95175.0,267343.2292999928,444191.10670000094
22597,0.19132488908456666,0.014858632378786261,3504.0,560.0,19093.0,0.8622047244094488,0.15506483161481613,96527.77299999271,75516.65630000009,95465.0,267509.4292999928,444024.9067000009
22656,0.1918244318759102,0.014813056122212254,3505.0,559.0,19151.0,0.8624507874015748,0.15470515536723164,96477.77299999271,75525.65630000009,95755.0,267758.4292999928,443775.9067000009
22715,0.1923239746672537,0.014751315265075265,3508.0,556.0,19207.0,0.8631889763779528,0.1544353951133612,96282.8439999927,75557.14920000009,96035.0,267874.9931999928,443659.3428000009
22774,0.19282351745859722,0.014701441600761023,3509.0,555.0,19265.0,0.8634350393700787,0.15407921313778872,96247.02299999271,75564.73130000009,96325.0,268136.7542999928,443397.5817000009
22833,0.19332306024994073,0.014639196683184762,3510.0,554.0,19323.0,0.8636811023622047,0.15372487189594009,96138.52299999271,75579.58130000008,96615.0,268333.1042999928,443201.23170000094
22892,0.19382260304128424,0.014589083068923403,3511.0,553.0,19381.0,0.8639271653543307,0.15337235715533812,95813.52299999271,75616.08130000008,96905.0,268334.6042999928,443199.73170000094
22951,0.19432214583262777,0.014520985323090374,3512.0,552.0,19439.0,0.8641732283464567,0.15302165482985491,95617.52299999271,75639.68130000008,97195.0,268452.20429999277,443082.13170000096
23010,0.19482168862397128,0.014470907323010351,3514.0,550.0,19496.0,0.8646653543307087,0.152716210343329,95170.97699999262,75692.3359000001,97480.0,268343.3128999927,443191.02310000104
23069,0.1953212314153148,0.014425357184231123,3514.0,550.0,19555.0,0.8646653543307087,0.1523256318002514,95170.97699999262,75692.3359000001,97775.0,268638.3128999927,442896.02310000104
23128,0.1958207742066583,0.014378268664346529,3516.0,548.0,19612.0,0.8651574803149606,0.15202352127291593,94991.41099999263,75718.2925000001,98060.0,268769.7034999927,442764.632500001
23187,0.19632031699800184,0.014318713999210121,3519.0,545.0,19668.0,0.8658956692913385,0.15176607581834647,94790.29299999261,75750.4043000001,98340.0,268880.6972999927,442653.638700001
23246,0.19681985978934535,0.014268973034320516,3519.0,545.0,19727.0,0.8658956692913385,0.15138088273251313,94790.29299999261,75750.4043000001,98635.0,269175.6972999927,442358.638700001
23305,0.19731940258068886,0.014212977174064171,3522.0,542.0,19783.0,0.8666338582677166,0.1511263677322463,94275.34299999266,75813.89930000009,98915.0,269004.24229999277,442530.09370000096
23364,0.19781894537203237,0.014166332170008308,3523.0,541.0,19841.0,0.8668799212598425,0.15078753638075673,94173.34299999266,75828.09930000009,99205.0,269206.4422999928,442327.89370000095
23423,0.19831848816337588,0.014119438030785305,3523.0,541.0,19900.0,0.8668799212598425,0.1504077189087649,94173.34299999266,75828.09930000009,99500.0,269501.4422999928,442032.89370000095
23482,0.19881803095471942,0.014076433825805895,3524.0,540.0,19958.0,0.8671259842519685,0.15007239587769355,93977.34299999266,75851.6993000001,99790.0,269619.04229999275,441915.29370000097
23541,0.19931757374606293,0.014032653981936061,3525.0,539.0,20016.0,0.8673720472440944,0.14973875366382056,93844.3929999927,75868.99430000008,100080.0,269793.3872999928,441740.94870000094
23600,0.19981711653740644,0.01398234867089479,3525.0,539.0,20075.0,0.8673720472440944,0.149364406779661,93844.3929999927,75868.99430000008,100375.0,270088.3872999928,441445.94870000094
23659,0.20031665932874995,0.013931933461772315,3527.0,537.0,20132.0,0.8678641732283464,0.14907646138890063,93304.44299999275,75930.98930000007,100660.0,269895.4322999928,441638.9037000009
23718,0.20081620212009346,0.01388365957210916,3529.0,535.0,20189.0,0.8683562992125984,0.14878994856227337,93235.17099999264,75945.9165000001,100945.0,270126.08749999275,441408.248500001
23777,0.201315744911437,0.013839248891787205,3531.0,533.0,20246.0,0.8688484251968503,0.14850485763553015,93037.62799999269,75973.67080000008,101230.0,270241.2987999928,441293.03720000095
23836,0.2018152877027805,0.01378963792831106,3532.0,532.0,20304.0,0.8690944881889764,0.14817922470213124,92898.67799999274,75991.56580000008,101520.0,270410.24379999284,441124.0922000009
23895,0.20231483049412402,0.013744183794982103,3533.0,531.0,20362.0,0.8693405511811023,0.14785519983260095,92756.67799999274,76009.76580000008,101810.0,270576.4437999928,440957.89220000093
23954,0.20281437328546753,0.01369092304556228,3533.0,531.0,20421.0,0.8693405511811023,0.14749102446355514,92756.67799999274,76009.76580000008,102105.0,270871.4437999928,440662.89220000093
24013,0.20331391607681104,0.013655133187335196,3535.0,529.0,20478.0,0.8698326771653543,0.14721192687294382,92522.33699999272,76041.1999000001,102390.0,270953.53689999285,440580.7991000009
24072,0.20381345886815458,0.013610629887705972,3535.0,529.0,20537.0,0.8698326771653543,0.1468511133266866,92522.33699999272,76041.1999000001,102685.0,271248.53689999285,440285.7991000009
24131,0.2043130016594981,0.013560706269420707,3535.0,529.0,20596.0,0.8698326771653543,0.14649206414984875,92522.33699999272,76041.1999000001,102980.0,271543.53689999285,439990.7991000009
24190,0.2048125444508416,0.01351923690570851,3535.0,529.0,20655.0,0.8698326771653543,0.14613476643241008,92522.33699999272,76041.1999000001,103275.0,271838.53689999285,439695.7991000009
24249,0.2053120872421851,0.013473818992173005,3536.0,528.0,20713.0,0.8700787401574803,0.14582044620396717,92478.27799999272,76049.60580000008,103565.0,272092.8837999928,439441.45220000093
24308,0.20581163003352865,0.013419701811583966,3538.0,526.0,20770.0,0.8705708661417323,0.14554879052163897,92107.32799999276,76094.70080000008,103850.0,272052.02879999287,439482.30720000085
24367,0.20631117282487216,0.013376319938389315,3541.0,523.0,20826.0,0.8713090551181102,0.1453194894734682,91767.36199999275,76140.69740000009,104130.0,272038.0593999928,439496.2766000009
24426,0.20681071561621567,0.013331448568297639,3541.0,523.0,20885.0,0.8713090551181102,0.14496847621387046,91767.36199999275,76140.69740000009,104425.0,272333.0593999928,439201.2766000009
24485,0.20731025840755918,0.013291888530486047,3541.0,523.0,20944.0,0.8713090551181102,0.14461915458443944,91767.36199999275,76140.69740000009,104720.0,272628.0593999928,438906.2766000009
24544,0.2078098011989027,0.013246597433440803,3541.0,523.0,21003.0,0.8713090551181102,0.14427151238591918,91767.36199999275,76140.69740000009,105015.0,272923.0593999928,438611.2766000009
24603,0.20830934399024623,0.013197136013677528,3544.0,520.0,21059.0,0.8720472440944882,0.14404747388529854,91491.36199999275,76180.29740000008,105295.0,272966.65939999284,438567.6766000009
24662,0.20880888678158974,0.013155418487585061,3548.0,516.0,21114.0,0.8730314960629921,0.1438650555510502,90930.36199999275,76252.39740000007,105570.0,272752.7593999928,438781.5766000009
24721,0.20930842957293325,0.013109851157604994,3549.0,515.0,21172.0,0.8732775590551181,0.1435621536345617,89801.37199999276,76369.29640000008,105860.0,272030.66839999286,439503.66760000086
24780,0.20980797236427676,0.013067999056946326,3551.0,513.0,21229.0,0.87376968503937,0.14330104923325263,89625.1499999928,76394.91860000008,106145.0,272165.0685999929,439369.2674000008
24839,0.21030751515562027,0.013019300797667277,3552.0,512.0,21287.0,0.8740157480314961,0.14300092596320302,89046.1499999928,76456.81860000009,106435.0,271937.9685999929,439596.3674000008
24898,0.2108070579469638,0.012971993098329663,3553.0,511.0,21345.0,0.874261811023622,0.14270222507831953,88795.1499999928,76485.91860000008,106725.0,272006.0685999929,439528.2674000008
24957,0.21130660073830732,0.012932586320030066,3553.0,511.0,21404.0,0.874261811023622,0.14236486757222422,88795.1499999928,76485.91860000008,107020.0,272301.0685999929,439233.2674000008
25016,0.21180614352965083,0.012898195410940021,3554.0,510.0,21462.0,0.874507874015748,0.14206907579149344,88714.81799999275,76497.95180000008,107310.0,272522.76979999285,439011.5662000009
25075,0.21230568632099434,0.01286854447047167,3554.0,510.0,21521.0,0.874507874015748,0.14173479561316052,88714.81799999275,76497.95180000008,107605.0,272817.76979999285,438716.5662000009
25134,0.21280522911233787,0.012834237297309533,3554.0,510.0,21580.0,0.874507874015748,0.1414020848253362,88714.81799999275,76497.95180000008,107900.0,273112.76979999285,438421.5662000009
25193,0.21330477190368138,0.012794165668784004,3555.0,509.0,21638.0,0.874753937007874,0.14111062596753066,88550.62699999276,76518.37090000008,108190.0,273258.99789999286,438275.33810000087
25252,0.2138043146950249,0.012750212009067076,3557.0,507.0,21695.0,0.875246062992126,0.14086012989070174,88387.66099999275,76542.66750000008,108475.0,273405.32849999284,438129.0075000009
25311,0.2143038574863684,0.012710821903941063,3557.0,507.0,21754.0,0.875246062992126,0.1405317845995812,88387.66099999275,76542.66750000008,108770.0,273700.32849999284,437834.0075000009
25370,0.21480340027771191,0.012673470017217924,3557.0,507.0,21813.0,0.875246062992126,0.14020496649586126,88387.66099999275,76542.66750000008,109065.0,273995.32849999284,437539.0075000009
25429,0.21530294306905545,0.012633996500828595,3557.0,507.0,21872.0,0.875246062992126,0.13987966494946713,88387.66099999275,76542.66750000008,109360.0,274290.32849999284,437244.0075000009
25488,0.21580248586039896,0.012593472685103033,3557.0,507.0,21931.0,0.875246062992126,0.13955586942875078,88387.66099999275,76542.66750000008,109655.0,274585.32849999284,436949.0075000009
25547,0.21630202865174247,0.012555981728944171,3558.0,506.0,21989.0,0.875492125984252,0.13927271303871297,88279.16099999275,76557.51750000007,109945.0,274781.6784999928,436752.6575000009
25606,0.21680157144308598,0.012517925938146534,3559.0,505.0,22047.0,0.875738188976378,0.138990861516832,88250.22599999269,76564.41100000008,110235.0,275049.63699999277,436484.69900000095
25665,0.2173011142344295,0.012469740203487366,3563.0,501.0,22102.0,0.8767224409448819,0.13882719657120593,87874.71299999265,76617.9623000001,110510.0,275002.6752999928,436531.66070000094
25724,0.21780065702577303,0.012425398401443693,3563.0,501.0,22161.0,0.8767224409448819,0.13850878556989582,87874.71299999265,76617.9623000001,110805.0,275297.6752999928,436236.66070000094
25783,0.21830019981711654,0.012387844640824775,3567.0,497.0,22216.0,0.8777066929133859,0.13834697281154248,87324.71299999265,76688.9623000001,111080.0,275093.6752999928,436440.66070000094
25842,0.21879974260846005,0.012347664024574264,3569.0,495.0,22273.0,0.8781988188976378,0.13810850553362744,87176.19999999262,76711.8136000001,111365.0,275253.01359999273,436281.322400001
25901,0.21929928539980356,0.012309861879328733,3570.0,494.0,22331.0,0.8784448818897638,0.13783251611906877,87065.37399999262,76726.8962000001,111655.0,275447.2701999927,436087.06580000103
25960,0.21979882819114707,0.012266066562444543,3570.0,494.0,22390.0,0.8784448818897638,0.13751926040061632,87065.37399999262,76726.8962000001,111950.0,275742.2701999927,435792.06580000103
26019,0.2202983709824906,0.012222751114053503,3571.0,493.0,22448.0,0.8786909448818898,0.1372458587954956,86991.37399999262,76738.2962000001,112240.0,275969.6701999927,435564.665800001
26078,0.22079791377383412,0.012181678054723788,3571.0,493.0,22507.0,0.8786909448818898,0.1369353478027456,86991.37399999262,76738.2962000001,112535.0,276264.6701999927,435269.665800001
26137,0.22129745656517763,0.012146011414453973,3573.0,491.0,22564.0,0.8791830708661418,0.13670275854153116,86459.47399999271,76799.48620000009,112820.0,276078.9601999928,435455.3758000009
26196,0.22179699935652114,0.012098241085777922,3574.0,490.0,22622.0,0.8794291338582677,0.13643304321270422,86271.61299999268,76822.2723000001,113110.0,276203.88529999275,435330.450700001
26255,0.22229654214786468,0.012059140714645804,3576.0,488.0,22679.0,0.8799212598425197,0.13620262807084366,86085.55399999267,76848.8782000001,113395.0,276329.43219999276,435204.90380000096
26314,0.2227960849392082,0.01202367663742891,3577.0,487.0,22737.0,0.8801673228346457,0.13593524359656456,86029.60399999272,76858.4732000001,113685.0,276573.07719999284,434961.2588000009
26373,0.2232956277305517,0.011985369050893108,3577.0,487.0,22796.0,0.8801673228346457,0.13563113790619194,86029.60399999272,76858.4732000001,113980.0,276868.07719999284,434666.2588000009
26432,0.2237951705218952,0.011952490691100576,3577.0,487.0,22855.0,0.8801673228346457,0.13532838983050846,86029.60399999272,76858.4732000001,114275.0,277163.07719999284,434371.2588000009
26491,0.22429471331323872,0.011921320283829539,3579.0,485.0,22912.0,0.8806594488188977,0.13510248763731078,85938.6379999927,76875.56980000008,114560.0,277374.20779999276,434160.12820000097
26550,0.22479425610458226,0.011892007551114744,3580.0,484.0,22970.0,0.8809055118110236,0.13483992467043315,85891.93599999265,76884.24000000009,114850.0,277626.17599999276,433908.16000000096
26609,0.22529379889592577,0.011859525465042152,3581.0,483.0,23028.0,0.8811515748031497,0.1345785260626104,85808.9859999927,76896.53500000009,115140.0,277845.5209999928,433688.81500000093
26668,0.22579334168726928,0.011830663484203618,3582.0,482.0,23086.0,0.8813976377952756,0.13431828408579571,85696.9859999927,76911.73500000009,115430.0,278038.7209999928,433495.6150000009
26727,0.2262928844786128,0.011797841508128914,3583.0,481.0,23144.0,0.8816437007874016,0.13405919108018108,85636.9419999927,76921.73940000008,115720.0,278278.6813999928,433255.65460000094
26786,0.2267924272699563,0.011771205511351697,3585.0,479.0,23201.0,0.8821358267716536,0.1338385723885612,85512.9419999927,76942.13940000009,116005.0,278460.0813999928,433074.2546000009
26845,0.22729197006129984,0.011746499005040436,3586.0,478.0,23259.0,0.8823818897637795,0.13358167256472342,85380.9419999927,76959.33940000008,116295.0,278635.28139999276,432899.05460000096
26904,0.22779151285264335,0.011716873448711324,3586.0,478.0,23318.0,0.8823818897637795,0.1332887303003271,85380.9419999927,76959.33940000008,116590.0,278930.28139999276,432604.05460000096
26963,0.22829105564398686,0.011672151191076091,3586.0,478.0,23377.0,0.8823818897637795,0.1329970700589697,85380.9419999927,76959.33940000008,116885.0,279225.28139999276,432309.05460000096
27022,0.22879059843533037,0.011641793758651523,3587.0,477.0,23435.0,0.8826279527559056,0.1327436903264007,85307.99199999275,76970.63440000008,117175.0,279453.62639999285,432080.7096000009
27081,0.2292901412266739,0.011607077016977907,3587.0,477.0,23494.0,0.8826279527559056,0.13245448838669177,85307.99199999275,76970.63440000008,117470.0,279748.62639999285,431785.7096000009
27140,0.22978968401801741,0.011581289062014546,3590.0,474.0,23550.0,0.8833661417322834,0.132277081798084,84480.6449999928,77065.36910000007,117750.0,279296.01409999287,432238.32190000085
27199,0.23028922680936093,0.011546865414600472,3590.0,474.0,23609.0,0.8833661417322834,0.13199014669656972,84480.6449999928,77065.36910000007,118045.0,279591.01409999287,431943.32190000085
27258,0.23078876960070444,0.011511012729330822,3591.0,473.0,23667.0,0.8836122047244095,0.13174114021571648,84080.69499999285,77109.36410000006,118335.0,279525.0590999929,432009.2769000008
27317,0.23128831239204795,0.011478060392628543,3593.0,471.0,23724.0,0.8841043307086615,0.13152981659772303,83951.7449999929,77130.25910000007,118620.0,279702.004099993,431832.33190000075
27376,0.23178785518339148,0.011440694667715018,3595.0,469.0,23781.0,0.8845964566929134,0.13131940385739332,83744.79499999294,77158.95410000006,118905.0,279808.74909999303,431725.5869000007
27435,0.232287397974735,0.01141261809363732,3598.0,466.0,23837.0,0.8853346456692913,0.13114634590851101,83156.38499999302,77229.79510000005,119185.0,279571.1800999931,431963.15590000065
27494,0.2327869407660785,0.011375899074150967,3598.0,466.0,23896.0,0.8853346456692913,0.13086491598166872,83156.38499999302,77229.79510000005,119480.0,279866.1800999931,431668.15590000065
27553,0.23328648355742201,0.011335777655694086,3598.0,466.0,23955.0,0.8853346456692913,0.13058469132217906,83156.38499999302,77229.79510000005,119775.0,280161.1800999931,431373.15590000065
27612,0.23378602634876552,0.011302719421625864,3599.0,465.0,24013.0,0.8855807086614174,0.13034188034188035,83023.43499999307,77247.09010000006,120065.0,280335.5250999931,431198.8109000006
27671,0.23428556914010906,0.011277243238887858,3600.0,464.0,24071.0,0.8858267716535433,0.13010010480286222,82961.48499999312,77257.28510000004,120355.0,280573.77009999315,430960.56590000057
27730,0.23478511193145257,0.011247054867082338,3600.0,464.0,24130.0,0.8858267716535433,0.1298232960692391,82961.48499999312,77257.28510000004,120650.0,280868.77009999315,430665.56590000057
27789,0.23528465472279608,0.011217780823291494,3601.0,463.0,24188.0,0.8860728346456693,0.12958364820612472,82674.53499999316,77289.98010000004,120940.0,280904.5150999932,430629.8209000005
27848,0.2357841975141396,0.01118960384248918,3601.0,463.0,24247.0,0.8860728346456693,0.12930910657856937,82674.53499999316,77289.98010000004,121235.0,281199.5150999932,430334.8209000005
27907,0.23628374030548313,0.011161204230950132,3601.0,463.0,24306.0,0.8860728346456693,0.12903572580356182,82674.53499999316,77289.98010000004,121530.0,281494.5150999932,430039.8209000005
27966,0.23678328309682664,0.011128541590324791,3602.0,462.0,24364.0,0.8863188976377953,0.12879925623971966,82518.58499999321,77309.57510000005,121820.0,281648.1600999932,429886.1759000005
28025,0.23728282588817015,0.011095258919216828,3604.0,460.0,24421.0,0.8868110236220472,0.12859946476360393,81247.58499999321,77444.67510000004,122105.0,280797.26009999326,430737.07590000046
28084,0.23778236867951366,0.011071447348935634,3604.0,460.0,24480.0,0.8868110236220472,0.12832929782082325,81247.58499999321,77444.67510000004,122400.0,281092.26009999326,430442.07590000046
28143,0.23828191147085717,0.011037002851871236,3605.0,459.0,24538.0,0.8870570866141733,0.12809579646803823,81163.58499999321,77457.07510000005,122690.0,281310.6600999932,430223.6759000005
28202,0.2387814542622007,0.011002893156876676,3606.0,458.0,24596.0,0.8873031496062992,0.1278632721083611,81021.58499999321,77475.27510000003,122980.0,281476.86009999324,430057.4759000005
28261,0.23928099705354422,0.010970330285935137,3609.0,455.0,24652.0,0.8880413385826772,0.12770248752698066,80736.58499999321,77515.77510000003,123260.0,281512.36009999324,430021.9759000005
28320,0.23978053984488773,0.010942676046697259,3611.0,453.0,24709.0,0.8885334645669292,0.12750706214689267,80463.58499999321,77551.07510000005,123545.0,281559.6600999932,429974.6759000005
28379,0.24028008263623124,0.010912784248211212,3612.0,452.0,24767.0,0.8887795275590551,0.12727721202297473,79218.58499999321,77679.57510000005,123835.0,280733.1600999932,430801.1759000005
28438,0.24077962542757475,0.010878372331945359,3612.0,452.0,24826.0,0.8887795275590551,0.12701315141711794,79218.58499999321,77679.57510000005,124130.0,281028.1600999932,430506.1759000005
28497,0.2412791682189183,0.010845706399722689,3613.0,451.0,24884.0,0.8890255905511811,0.12678527564305014,78768.63499999326,77728.57010000004,124420.0,280917.20509999327,430617.13090000045
28556,0.2417787110102618,0.010819777485052485,3614.0,450.0,24942.0,0.8892716535433071,0.1265583415044124,78517.63499999326,77757.67010000003,124710.0,280985.3050999933,430549.0309000004
28615,0.2422782538016053,0.010787499026139014,3614.0,450.0,25001.0,0.8892716535433071,0.12629739647038266,78517.63499999326,77757.67010000003,125005.0,281280.3050999933,430254.0309000004
28674,0.24277779659294882,0.010760946133711834,3615.0,449.0,25059.0,0.8895177165354331,0.12607240008369952,78395.63499999326,77773.87010000003,125295.0,281464.5050999933,430069.8309000004
28733,0.24327733938429233,0.01072842279758885,3616.0,448.0,25117.0,0.889763779527559,0.12584832770681795,78341.63499999326,77783.27010000002,125585.0,281709.9050999933,429824.43090000044
28792,0.24377688217563587,0.010701584971346665,3617.0,447.0,25175.0,0.8900098425196851,0.12562517365934983,78280.6849999933,77793.36510000002,125875.0,281949.05009999336,429585.28590000037
28851,0.24427642496697938,0.010671536868870618,3620.0,444.0,25231.0,0.890748031496063,0.12547225399466222,77873.73499999335,77846.06010000003,126155.0,281874.79509999335,429659.5409000004
28910,0.2447759677583229,0.010642244083107148,3621.0,443.0,25289.0,0.890994094488189,0.12525077827741266,77712.73499999335,77866.16010000002,126445.0,282023.8950999934,429510.44090000034
28969,0.2452755105496664,0.010609748200965686,3621.0,443.0,25348.0,0.890994094488189,0.12499568504263178,77712.73499999335,77866.16010000002,126740.0,282318.8950999934,429215.44090000034
29028,0.24577505334100994,0.010586204837437758,3624.0,440.0,25404.0,0.8917322834645669,0.12484497726333195,77436.38399999333,77905.79520000002,127020.0,282362.1791999934,429172.15680000035
29087,0.24627459613235345,0.010556890865129594,3626.0,438.0,25461.0,0.8922244094488189,0.12466050125485612,77250.32499999332,77932.40110000002,127305.0,282487.72609999334,429046.6099000004
29146,0.24677413892369696,0.010532559032727368,3627.0,437.0,25519.0,0.8924704724409449,0.12444246208742195,76429.37499999336,78018.49610000002,127595.0,282042.87109999335,429491.46490000037
29205,0.24727368171504047,0.010497733014076985,3627.0,437.0,25578.0,0.8924704724409449,0.12419106317411402,76429.37499999336,78018.49610000002,127890.0,282337.87109999335,429196.46490000037
29264,0.24777322450638398,0.010474986573515989,3627.0,437.0,25637.0,0.8924704724409449,0.1239406779661017,76429.37499999336,78018.49610000002,128185.0,282632.87109999335,428901.46490000037
29323,0.24827276729772751,0.010446004870790924,3627.0,437.0,25696.0,0.8924704724409449,0.12369130034443952,76429.37499999336,78018.49610000002,128480.0,282927.87109999335,428606.46490000037
29382,0.24877231008907102,0.0104171137111716,3629.0,435.0,25753.0,0.8929625984251969,0.12351099312504255,76154.42499999341,78053.99110000001,128765.0,282973.4160999934,428560.9199000003
29441,0.24927185288041454,0.010387746090713447,3629.0,435.0,25812.0,0.8929625984251969,0.12326347610475187,76154.42499999341,78053.99110000001,129060.0,283268.4160999934,428265.9199000003
29500,0.24977139567175805,0.010361179258231455,3631.0,433.0,25869.0,0.8934547244094488,0.12308474576271186,76005.42499999341,78076.89110000001,129345.0,283427.3160999934,428107.0199000003
29559,0.25027093846310156,0.010334383971383507,3632.0,432.0,25927.0,0.8937007874015748,0.1228728982712541,75898.42499999341,78091.59110000002,129635.0,283625.01609999343,427909.3199000003
29618,0.25077048125444507,0.010306424018563035,3634.0,430.0,25984.0,0.8941929133858267,0.12269565804578297,75779.42499999341,78111.49110000001,129920.0,283810.9160999934,427723.4199000003
29677,0.2512700240457886,0.010278655866416578,3634.0,430.0,26043.0,0.8941929133858267,0.12245173029618897,75779.42499999341,78111.49110000001,130215.0,284105.9160999934,427428.4199000003
29736,0.25176956683713214,0.010252855265010132,3634.0,430.0,26102.0,0.8941929133858267,0.12220877051385526,75779.42499999341,78111.49110000001,130510.0,284400.9160999934,427133.4199000003
29795,0.25226910962847565,0.010227511003083098,3634.0,430.0,26161.0,0.8941929133858267,0.1219667729484813,75779.42499999341,78111.49110000001,130805.0,284695.9160999934,426838.4199000003
29854,0.25276865241981916,0.010196568669995484,3634.0,430.0,26220.0,0.8941929133858267,0.12172573189522343,75779.42499999341,78111.49110000001,131100.0,284990.9160999934,426543.4199000003
29913,0.25326819521116267,0.010171614728195024,3636.0,428.0,26277.0,0.8946850393700787,0.12155250225654397,75673.92699999339,78130.04090000002,131385.0,285188.9678999934,426345.3681000003
29972,0.2537677380025062,0.010147452617287092,3637.0,427.0,26335.0,0.8949311023622047,0.12134659015080743,75599.92699999339,78141.44090000002,131675.0,285416.36789999343,426117.9681000003
30031,0.2542672807938497,0.010120964724470488,3638.0,426.0,26393.0,0.8951771653543307,0.1211414871299657,74690.92699999339,78236.34090000001,131965.0,284892.2678999934,426642.0681000003
30090,0.2547668235851932,0.01009451512869402,3638.0,426.0,26452.0,0.8951771653543307,0.12090395480225989,74690.92699999339,78236.34090000001,132260.0,285187.2678999934,426347.0681000003
30149,0.2552663663765367,0.010065270645219058,3639.0,425.0,26510.0,0.8954232283464567,0.12070052074695678,74601.00399999344,78249.33320000002,132550.0,285400.33719999343,426133.9988000003
30208,0.2557659091678802,0.010035037970051185,3641.0,423.0,26567.0,0.8959153543307087,0.12053098516949153,74228.00399999344,78294.63320000001,132835.0,285357.6371999935,426176.69880000025
30267,0.2562654519592238,0.010007234233161988,3641.0,423.0,26626.0,0.8959153543307087,0.12029603198202662,74228.00399999344,78294.63320000001,133130.0,285652.6371999935,425881.69880000025
30326,0.2567649947505673,0.009987738641751133,3642.0,422.0,26684.0,0.8961614173228346,0.1200949680142452,73738.66399999347,78347.56720000002,133420.0,285506.2311999935,426028.1048000002
30385,0.2572645375419108,0.009969203191795187,3642.0,422.0,26743.0,0.8961614173228346,0.11986177390159618,73738.66399999347,78347.56720000002,133715.0,285801.2311999935,425733.1048000002
30444,0.2577640803332543,0.009935088631187394,3645.0,419.0,26799.0,0.8968996062992126,0.11972802522664565,71022.60399999341,78631.17320000002,133995.0,283648.77719999343,427885.5588000003
30503,0.25826362312459783,0.009911340990915713,3645.0,419.0,26858.0,0.8968996062992126,0.11949644297282234,71022.60399999341,78631.17320000002,134290.0,283943.77719999343,427590.5588000003
30562,0.25876316591594134,0.009888271806392481,3645.0,419.0,26917.0,0.8968996062992126,0.1192657548589752,71022.60399999341,78631.17320000002,134585.0,284238.77719999343,427295.5588000003
30621,0.25926270870728485,0.009860374797237765,3645.0,419.0,26976.0,0.8968996062992126,0.11903595571666503,71022.60399999341,78631.17320000002,134880.0,284533.77719999343,427000.5588000003
30680,0.25976225149862836,0.00982898144714993,3645.0,419.0,27035.0,0.8968996062992126,0.11880704041720991,71022.60399999341,78631.17320000002,135175.0,284828.77719999343,426705.5588000003
30739,0.26026179428997187,0.00981036616693221,3645.0,419.0,27094.0,0.8968996062992126,0.11857900387130356,71022.60399999341,78631.17320000002,135470.0,285123.77719999343,426410.5588000003
30798,0.2607613370813154,0.009786920189965452,3645.0,419.0,27153.0,0.8968996062992126,0.11835184102863823,71022.60399999341,78631.17320000002,135765.0,285418.77719999343,426115.5588000003
30857,0.26126087987265895,0.009766759352402975,3645.0,419.0,27212.0,0.8968996062992126,0.11812554687753184,71022.60399999341,78631.17320000002,136060.0,285713.77719999343,425820.5588000003
30916,0.26176042266400246,0.009735775386873553,3646.0,418.0,27270.0,0.8971456692913385,0.11793246215551818,70880.60399999341,78649.37320000002,136350.0,285879.97719999345,425654.3588000003
30975,0.26225996545534597,0.009718169172746524,3647.0,417.0,27328.0,0.8973917322834646,0.11774011299435028,70805.60399999341,78660.87320000002,136640.0,286106.47719999345,425427.8588000003
31034,0.2627595082466895,0.009693736319303554,3648.0,416.0,27386.0,0.8976377952755905,0.1175484951988142,70688.60399999341,78676.57320000001,136930.0,286295.1771999934,425239.1588000003
31093,0.263259051038033,0.009673425442748022,3650.0,414.0,27443.0,0.8981299212598425,0.11738976618531502,70277.65399999346,78725.66820000001,137215.0,286218.3221999935,425316.01380000025
31152,0.2637585938293765,0.009650708873928231,3650.0,414.0,27502.0,0.8981299212598425,0.11716743708269133,70277.65399999346,78725.66820000001,137510.0,286513.3221999935,425021.01380000025
31211,0.26425813662072,0.009625746682503931,3651.0,413.0,27560.0,0.8983759842519685,0.11697798852968505,69952.65399999346,78762.16820000001,137800.0,286514.8221999935,425019.51380000025
31270,0.2647576794120635,0.009603901117170868,3651.0,413.0,27619.0,0.8983759842519685,0.11675727534377998,69952.65399999346,78762.16820000001,138095.0,286809.8221999935,424724.51380000025
31329,0.26525722220340703,0.009577110440441208,3651.0,413.0,27678.0,0.8983759842519685,0.11653739346930958,69952.65399999346,78762.16820000001,138390.0,287104.8221999935,424429.51380000025
31388,0.2657567649947506,0.00955034738329806,3651.0,413.0,27737.0,0.8983759842519685,0.11631833821842742,69952.65399999346,78762.16820000001,138685.0,287399.8221999935,424134.51380000025
31447,0.2662563077860941,0.00952566739746886,3652.0,412.0,27795.0,0.8986220472440944,0.11613190447419468,69903.15399999346,78771.11820000001,138975.0,287649.2721999935,423885.06380000024
31506,0.2667558505774376,0.009502684216699394,3653.0,411.0,27853.0,0.8988681102362205,0.11594616898368565,69849.15399999346,78780.51820000002,139265.0,287894.6721999935,423639.6638000002
31565,0.2672553933687811,0.009481614112885402,3655.0,409.0,27910.0,0.8993602362204725,0.11579280849041661,69530.86399999354,78820.3472,139550.0,287901.21119999356,423633.12480000017
31624,0.26775493616012463,0.009458905173352,3656.0,408.0,27968.0,0.8996062992125984,0.11560839868454338,69279.86399999354,78849.4472,139840.0,287969.31119999354,423565.0248000002
31683,0.26825447895146814,0.009428105661072253,3657.0,407.0,28026.0,0.8998523622047244,0.11542467569358962,68974.86399999354,78883.9472,140130.0,287988.81119999354,423545.5248000002
31742,0.26875402174281166,0.00940267934640848,3658.0,406.0,28084.0,0.9000984251968503,0.11524163568773234,68179.86399999354,78967.4472,140420.0,287567.31119999354,423967.0248000002
31801,0.26925356453415517,0.009380537095934675,3659.0,405.0,28142.0,0.9003444881889764,0.11505927486557027,68095.86399999354,78979.8472,140710.0,287785.71119999356,423748.62480000017
31860,0.2697531073254987,0.00935459259147295,3660.0,404.0,28200.0,0.9005905511811023,0.11487758945386065,68024.13899999356,78991.0197,141000.0,288015.15869999357,423519.17730000016
31919,0.2702526501168422,0.009335009443984526,3661.0,403.0,28258.0,0.9008366141732284,0.114696575707259,67946.51199999359,79002.7824,141290.0,288239.2943999936,423295.0416000001
31978,0.27075219290818575,0.009319017460004598,3663.0,401.0,28315.0,0.9013287401574803,0.11454750140721746,67645.51199999359,79040.8824,141575.0,288261.3943999936,423272.94160000014
32037,0.27125173569952926,0.009301391960459877,3663.0,401.0,28374.0,0.9013287401574803,0.11433654836595186,67645.51199999359,79040.8824,141870.0,288556.3943999936,422977.94160000014
32096,0.27175127849087277,0.00927608429727699,3665.0,399.0,28431.0,0.9018208661417323,0.11418868394815554,67432.06199999363,79070.2274,142155.0,288657.2893999936,422877.0466000001
32155,0.2722508212822163,0.009254441513839282,3665.0,399.0,28490.0,0.9018208661417323,0.11397916342714974,67432.06199999363,79070.2274,142450.0,288952.2893999936,422582.0466000001
32214,0.2727503640735598,0.009230700279699675,3665.0,399.0,28549.0,0.9018208661417323,0.11377041038057988,67432.06199999363,79070.2274,142745.0,289247.2893999936,422287.0466000001
32273,0.2732499068649033,0.009205506609142511,3667.0,397.0,28606.0,0.9023129921259843,0.11362439190654727,67176.11199999368,79103.82239999999,143030.0,289309.9343999937,422224.40160000004
32332,0.2737494496562468,0.009181374811328238,3667.0,397.0,28665.0,0.9023129921259843,0.1134170481256959,67176.11199999368,79103.82239999999,143325.0,289604.9343999937,421929.40160000004
32391,0.2742489924475903,0.009157749105342552,3667.0,397.0,28724.0,0.9023129921259843,0.11321045969559446,67176.11199999368,79103.82239999999,143620.0,289899.9343999937,421634.40160000004
32450,0.27474853523893383,0.00913591216756995,3669.0,395.0,28781.0,0.9028051181102362,0.11306625577812018,67031.76099999365,79126.25749999999,143905.0,290063.01849999366,421471.31750000006
32509,0.2752480780302774,0.009112572872946036,3670.0,394.0,28839.0,0.9030511811023622,0.11289181457442554,66919.76099999365,79141.45749999999,144195.0,290256.2184999937,421278.11750000005
32568,0.2757476208216209,0.009090959773863589,3670.0,394.0,28898.0,0.9030511811023622,0.11268730041758782,66919.76099999365,79141.45749999999,144490.0,290551.2184999937,420983.11750000005
32627,0.2762471636129644,0.00906482819927709,3670.0,394.0,28957.0,0.9030511811023622,0.11248352591412021,66919.76099999365,79141.45749999999,144785.0,290846.2184999937,420688.11750000005
32686,0.27674670640430793,0.009041448067590196,3670.0,394.0,29016.0,0.9030511811023622,0.11228048705867956,66919.76099999365,79141.45749999999,145080.0,291141.2184999937,420393.11750000005
32745,0.27724624919565144,0.00901700397788861,3670.0,394.0,29075.0,0.9030511811023622,0.11207817987479005,66919.76099999365,79141.45749999999,145375.0,291436.2184999937,420098.11750000005
32804,0.27774579198699495,0.008993683365453888,3671.0,393.0,29133.0,0.9032972440944882,0.11190708450189002,66850.76099999365,79152.35749999998,145665.0,291668.11849999364,419866.2175000001
32863,0.27824533477833846,0.008971524007452969,3673.0,391.0,29190.0,0.9037893700787402,0.11176703283327755,66403.76099999365,79205.0575,145950.0,291558.81849999365,419975.5175000001
32922,0.27874487756968197,0.008945842957542027,3673.0,391.0,29249.0,0.9037893700787402,0.11156673349128242,66403.76099999365,79205.0575,146245.0,291853.81849999365,419680.5175000001
32981,0.2792444203610255,0.008914398415892326,3673.0,391.0,29308.0,0.9037893700787402,0.1113671507837846,66403.76099999365,79205.0575,146540.0,292148.81849999365,419385.5175000001
33040,0.279743963152369,0.008893928382084849,3674.0,390.0,29366.0,0.9040354330708661,0.11119854721549637,66324.76099999365,79216.95749999999,146830.0,292371.7184999937,419162.61750000005
33099,0.28024350594371256,0.008870996822537214,3675.0,389.0,29424.0,0.9042814960629921,0.11103054472944802,66182.76099999365,79235.1575,147120.0,292537.9184999936,418996.4175000001
33158,0.28074304873505607,0.008850335975228779,3676.0,388.0,29482.0,0.9045275590551181,0.11086314011701551,66108.76099999365,79246.5575,147410.0,292765.31849999365,418769.0175000001
33217,0.2812425915263996,0.008826424985284116,3676.0,388.0,29541.0,0.9045275590551181,0.11066622512568865,66108.76099999365,79246.5575,147705.0,293060.31849999365,418474.0175000001
33276,0.2817421343177431,0.008803801078679499,3676.0,388.0,29600.0,0.9045275590551181,0.1104700084144729,66108.76099999365,79246.5575,148000.0,293355.31849999365,418179.0175000001
33335,0.2822416771090866,0.008784007475613111,3678.0,386.0,29657.0,0.90501968503937,0.11033448327583621,65920.8749999936,79273.3461,148285.0,293479.22109999356,418055.11490000016
33394,0.2827412199004301,0.008757179494795148,3679.0,385.0,29715.0,0.9052657480314961,0.11016949152542373,65857.75699999358,79283.65789999999,148575.0,293716.4148999936,417817.92110000015
33453,0.2832407626917736,0.008737097969486183,3679.0,385.0,29774.0,0.9052657480314961,0.10997518907123427,65857.75699999358,79283.65789999999,148870.0,294011.4148999936,417522.92110000015
33512,0.28374030548311713,0.008713811077698048,3679.0,385.0,29833.0,0.9052657480314961,0.1097815707806159,65857.75699999358,79283.65789999999,149165.0,294306.4148999936,417227.92110000015
33571,0.28423984827446064,0.008688699587361695,3679.0,385.0,29892.0,0.9052657480314961,0.10958863304637932,65857.75699999358,79283.65789999999,149460.0,294601.4148999936,416932.92110000015
33630,0.2847393910658042,0.00867201596061083,3682.0,382.0,29948.0,0.906003937007874,0.10948557835266132,65360.5269999936,79345.38089999999,149740.0,294445.9078999936,417088.42810000014
33689,0.2852389338571477,0.00864952375211967,3682.0,382.0,30007.0,0.906003937007874,0.1092938347828668,65360.5269999936,79345.38089999999,150035.0,294740.9078999936,416793.42810000014
33748,0.2857384766484912,0.00862846001917265,3682.0,382.0,30066.0,0.906003937007874,0.10910276164513452,65360.5269999936,79345.38089999999,150330.0,295035.9078999936,416498.42810000014
33807,0.28623801943983473,0.00861234019095378,3682.0,382.0,30125.0,0.906003937007874,0.10891235542934895,65360.5269999936,79345.38089999999,150625.0,295330.9078999936,416203.42810000014
33866,0.28673756223117824,0.008585529547837,3682.0,382.0,30184.0,0.906003937007874,0.10872261264985532,65360.5269999936,79345.38089999999,150920.0,295625.9078999936,415908.42810000014
33925,0.28723710502252175,0.008561800529107813,3684.0,380.0,30241.0,0.906496062992126,0.1085924834193073,65275.14599999355,79361.919,151205.0,295842.06499999354,415692.2710000002
33984,0.28773664781386527,0.008545275093459901,3686.0,378.0,30298.0,0.906988188976378,0.10846280602636535,63230.14599999355,79574.419,151490.0,294294.56499999354,417239.7710000002
34043,0.2882361906052088,0.008521044653263879,3689.0,375.0,30354.0,0.9077263779527559,0.10836295273624534,61974.7969999935,79711.95390000001,151770.0,293456.7508999935,418077.5851000002
34102,0.2887357333965523,0.00849715591851029,3691.0,373.0,30411.0,0.9082185039370079,0.10823412116591402,61731.02099999355,79744.3315,152055.0,293530.3524999935,418003.9835000002
34161,0.28923527618789585,0.008471745376188937,3692.0,372.0,30469.0,0.9084645669291339,0.108076461461901,60661.07099999359,79855.3265,152345.0,292861.39749999356,418672.93850000016
34220,0.28973481897923936,0.008453325542395234,3693.0,371.0,30527.0,0.9087106299212598,0.10791934541203975,60549.07099999359,79870.5265,152635.0,293054.59749999363,418479.7385000001
34279,0.29023436177058287,0.008434183416570058,3695.0,369.0,30584.0,0.9092027559055118,0.10779194258875696,60369.07099999359,79896.5265,152920.0,293185.59749999363,418348.7385000001
34338,0.2907339045619264,0.008414232441177737,3695.0,369.0,30643.0,0.9092027559055118,0.10760673306540859,60369.07099999359,79896.5265,153215.0,293480.59749999363,418053.7385000001
34397,0.2912334473532699,0.008396345411248634,3695.0,369.0,30702.0,0.9092027559055118,0.1074221589092072,60369.07099999359,79896.5265,153510.0,293775.59749999363,417758.7385000001
34456,0.2917329901446134,0.00837853332796807,3697.0,367.0,30759.0,0.9096948818897638,0.1072962618992338,57928.17099999369,80148.61649999999,153795.0,291871.7874999937,419662.54850000003
34515,0.2922325329359569,0.008357519727004674,3698.0,366.0,30817.0,0.9099409448818898,0.10714182239605968,57879.008999993675,80157.53269999998,154085.0,292121.54169999366,419412.79430000007
34574,0.2927320757273004,0.00833999761093723,3700.0,364.0,30874.0,0.9104330708661418,0.10701683345866836,57707.008999993675,80182.7327,154370.0,292259.74169999367,419274.59430000006
34633,0.29323161851864393,0.008322542955305318,3700.0,364.0,30933.0,0.9104330708661418,0.10683452198769959,57707.008999993675,80182.7327,154665.0,292554.74169999367,418979.59430000006
34692,0.29373116130998744,0.008301984617173155,3700.0,364.0,30992.0,0.9104330708661418,0.10665283062377494,57707.008999993675,80182.7327,154960.0,292849.74169999367,418684.59430000006
34751,0.294230704101331,0.00828502622033192,3701.0,363.0,31050.0,0.9106791338582677,0.10650053235878104,57574.05899999372,80200.02769999998,155250.0,293024.0866999937,418510.2493
34810,0.2947302468926745,0.008263845318814881,3701.0,363.0,31109.0,0.9106791338582677,0.10632002298190175,57574.05899999372,80200.02769999998,155545.0,293319.0866999937,418215.2493
34869,0.29522978968401803,0.00824697467419173,3701.0,363.0,31168.0,0.9106791338582677,0.10614012446585792,57574.05899999372,80200.02769999998,155840.0,293614.0866999937,417920.2493
34928,0.29572933247536154,0.008231197268419817,3702.0,362.0,31226.0,0.9109251968503937,0.1059894640403115,57432.05899999372,80218.22769999999,156130.0,293780.2866999937,417754.0493
34987,0.29622887526670505,0.008213739066336283,3703.0,361.0,31284.0,0.9111712598425197,0.10583931174436219,57374.59799999371,80227.97379999998,156420.0,294022.5717999937,417511.76420000003
35046,0.29672841805804856,0.008196734655137594,3703.0,361.0,31343.0,0.9111712598425197,0.1056611310848599,57374.59799999371,80227.97379999998,156715.0,294317.5717999937,417216.76420000003
35105,0.29722796084939207,0.008173089410746001,3705.0,359.0,31400.0,0.9116633858267716,0.10554052129326306,57200.653999993694,80253.3682,157000.0,294454.0221999937,417080.3138
35164,0.2977275036407356,0.008151402715335095,3706.0,358.0,31458.0,0.9119094488188977,0.10539187805710386,57084.786999993725,80268.95489999998,157290.0,294643.74189999374,416890.5941
35223,0.2982270464320791,0.008133128953793919,3707.0,357.0,31516.0,0.9121555118110236,0.10524373278823496,56951.83699999377,80286.24989999998,157580.0,294818.08689999377,416716.24909999996
35282,0.29872658922342266,0.008117640131267227,3707.0,357.0,31575.0,0.9121555118110236,0.10506773992404059,56951.83699999377,80286.24989999998,157875.0,295113.08689999377,416421.24909999996
35341,0.29922613201476617,0.008100490388661782,3707.0,357.0,31634.0,0.9121555118110236,0.10489233468209729,56951.83699999377,80286.24989999998,158170.0,295408.08689999377,416126.24909999996
35400,0.2997256748061097,0.008080772454078776,3708.0,356.0,31692.0,0.9124015748031497,0.1047457627118644,56903.535999993794,80295.07999999999,158460.0,295658.61599999375,415875.72
35459,0.3002252175974532,0.0080599249516298,3708.0,356.0,31751.0,0.9124015748031497,0.10457147691700273,56903.535999993794,80295.07999999999,158755.0,295953.61599999375,415580.72
35518,0.3007247603887967,0.008041879424046472,3709.0,355.0,31809.0,0.9126476377952756,0.10442592488315784,56801.535999993794,80309.27999999997,159045.0,296155.81599999376,415378.51999999996
35577,0.3012243031801402,0.00802280461550125,3711.0,353.0,31866.0,0.9131397637795275,0.1043089636562948,56662.02299999376,80331.23129999998,159330.0,296323.25429999374,415211.0817
35636,0.3017238459714837,0.008000785446643392,3711.0,353.0,31925.0,0.9131397637795275,0.10413626669659895,56662.02299999376,80331.23129999998,159625.0,296618.25429999374,414916.0817
35695,0.3022233887628272,0.007986009259880137,3711.0,353.0,31984.0,0.9131397637795275,0.1039641406359434,56662.02299999376,80331.23129999998,159920.0,296913.25429999374,414621.0817
35754,0.30272293155417074,0.007968692583044602,3712.0,352.0,32042.0,0.9133858267716536,0.10382055154668009,56431.02299999376,80358.33129999999,160210.0,296999.3542999937,414534.9817
35813,0.30322247434551425,0.007946994484766785,3713.0,351.0,32100.0,0.9136318897637795,0.1036774355680898,56289.02299999376,80376.53129999997,160500.0,297165.55429999373,414368.7817
35872,0.3037220171368578,0.007930984333752932,3714.0,350.0,32158.0,0.9138779527559056,0.10353479036574487,56156.072999993805,80393.82629999997,160790.0,297339.89929999376,414194.43669999996
35931,0.3042215599282013,0.007911179612330465,3714.0,350.0,32217.0,0.9138779527559056,0.10336478249979127,56156.072999993805,80393.82629999997,161085.0,297634.89929999376,413899.43669999996
35990,0.30472110271954483,0.007893949644726584,3714.0,350.0,32276.0,0.9138779527559056,0.10319533203667686,56156.072999993805,80393.82629999997,161380.0,297929.89929999376,413604.43669999996
36049,0.30522064551088834,0.007880218419669677,3714.0,350.0,32335.0,0.9138779527559056,0.10302643623956281,56156.072999993805,80393.82629999997,161675.0,298224.89929999376,413309.43669999996
36108,0.30572018830223185,0.0078662729016,3714.0,350.0,32394.0,0.9138779527559056,0.10285809238949817,56156.072999993805,80393.82629999997,161970.0,298519.89929999376,413014.43669999996
36167,0.30621973109357536,0.00784716084317924,3714.0,350.0,32453.0,0.9138779527559056,0.10269029778527387,56156.072999993805,80393.82629999997,162265.0,298814.89929999376,412719.43669999996
36226,0.3067192738849189,0.007827811991764093,3715.0,349.0,32511.0,0.9141240157480315,0.10255065422624635,56109.37099999376,80402.49649999998,162555.0,299066.86749999376,412467.46849999996
36285,0.3072188166762624,0.00781094818444308,3720.0,344.0,32565.0,0.9153543307086615,0.10252170318313353,55590.4209999938,80474.39149999998,162825.0,298889.8124999938,412644.52349999995
36344,0.3077183594676059,0.007791622907937863,3720.0,344.0,32624.0,0.9153543307086615,0.10235527184679727,55590.4209999938,80474.39149999998,163120.0,299184.8124999938,412349.52349999995
36403,0.30821790225894946,0.007773713449558074,3720.0,344.0,32683.0,0.9153543307086615,0.10218937999615417,55590.4209999938,80474.39149999998,163415.0,299479.8124999938,412054.52349999995
36462,0.30871744505029297,0.007757682735280351,3723.0,341.0,32739.0,0.9160925196850394,0.10210630245186769,54794.47099999385,80565.98649999997,163695.0,299055.45749999385,412478.8784999999
36521,0.3092169878416365,0.007739212469927112,3724.0,340.0,32797.0,0.9163385826771654,0.10196873031954218,54609.520999993896,80588.48149999997,163985.0,299183.0024999939,412351.33349999983
36580,0.30971653063298,0.007721809078889522,3724.0,340.0,32856.0,0.9163385826771654,0.1018042646254784,54609.520999993896,80588.48149999997,164280.0,299478.0024999939,412056.33349999983
36639,0.3102160734243235,0.0077046455287378916,3725.0,339.0,32914.0,0.9165846456692913,0.10166762193291301,54467.520999993896,80606.68149999996,164570.0,299644.20249999384,411890.1334999999
36698,0.310715616215667,0.007684246453195988,3726.0,338.0,32972.0,0.9168307086614174,0.10153141860591858,54416.39199999394,80615.79439999997,164860.0,299892.1863999939,411642.14959999983
36757,0.3112151590070105,0.007668475553394585,3727.0,337.0,33030.0,0.9170767716535433,0.10139565252877003,54342.39199999394,80627.19439999996,165150.0,300119.5863999939,411414.7495999998
36816,0.31171470179835403,0.0076493443794656505,3728.0,336.0,33088.0,0.9173228346456693,0.10126032159930465,54302.82099999394,80635.15149999996,165440.0,300377.9724999939,411156.3634999998
36875,0.31221424458969754,0.007632854436383279,3729.0,335.0,33146.0,0.9175688976377953,0.10112542372881356,54200.82099999394,80649.35149999996,165730.0,300580.17249999393,410954.1634999998
36934,0.3127137873810411,0.0076190517357816396,3730.0,334.0,33204.0,0.9178149606299213,0.10099095684193427,54098.82099999394,80663.55149999996,166020.0,300782.3724999939,410751.96349999984
36993,0.3132133301723846,0.007601269277273682,3730.0,334.0,33263.0,0.9178149606299213,0.1008298867353283,54098.82099999394,80663.55149999996,166315.0,301077.3724999939,410456.96349999984
37052,0.31371287296372813,0.007584659090575591,3731.0,333.0,33321.0,0.9180610236220472,0.10069631868725035,54027.40399999393,80674.69319999997,166605.0,301307.0971999939,410227.2387999998
37111,0.31421241575507164,0.007565344882857124,3731.0,333.0,33380.0,0.9180610236220472,0.10053622915038668,54027.40399999393,80674.69319999997,166900.0,301602.0971999939,409932.2387999998
37170,0.31471195854641515,0.007546183396206552,3731.0,333.0,33439.0,0.9180610236220472,0.10037664783427495,54027.40399999393,80674.69319999997,167195.0,301897.0971999939,409637.2387999998
37229,0.31521150133775866,0.007530547219079499,3732.0,332.0,33497.0,0.9183070866141733,0.10024443310322598,53925.40399999393,80688.89319999996,167485.0,302099.29719999386,409435.03879999986
37288,0.31571104412910217,0.007512267734642522,3732.0,332.0,33556.0,0.9183070866141733,0.10008581849388543,53925.40399999393,80688.89319999996,167780.0,302394.29719999386,409140.03879999986
37347,0.3162105869204457,0.0074953727428132685,3732.0,332.0,33615.0,0.9183070866141733,0.09992770503654912,53925.40399999393,80688.89319999996,168075.0,302689.29719999386,408845.03879999986
37406,0.3167101297117892,0.007480735576938166,3734.0,330.0,33672.0,0.9187992125984252,0.09982355771801316,53375.413999993936,80751.89219999996,168360.0,302487.3061999939,409047.02979999984
37465,0.3172096725031327,0.0074637000677901105,3738.0,326.0,33727.0,0.9197834645669292,0.09977312158014147,53015.001999993925,80803.93339999997,168635.0,302453.9353999939,409080.4005999998
37524,0.31770921529447627,0.007446249994127882,3740.0,324.0,33784.0,0.9202755905511811,0.09966954482464556,52674.05199999397,80846.02839999997,168920.0,302440.0803999939,409094.2555999998
37583,0.3182087580858198,0.007433023347039145,3740.0,324.0,33843.0,0.9202755905511811,0.09951307772131017,52674.05199999397,80846.02839999997,169215.0,302735.0803999939,408799.2555999998
37642,0.3187083008771633,0.007419257332668612,3740.0,324.0,33902.0,0.9202755905511811,0.09935710111046171,52674.05199999397,80846.02839999997,169510.0,303030.0803999939,408504.2555999998
37701,0.3192078436685068,0.007403793511890472,3741.0,323.0,33960.0,0.9205216535433071,0.09922813718469006,52617.081999994,80855.72539999995,169800.0,303272.80739999394,408261.5285999998
37760,0.3197073864598503,0.00738897806282867,3742.0,322.0,34018.0,0.9207677165354331,0.09909957627118644,52432.131999994046,80878.22039999995,170090.0,303400.352399994,408133.98359999974
37819,0.3202069292511938,0.007371045484951414,3742.0,322.0,34077.0,0.9207677165354331,0.09894497474814247,52432.131999994046,80878.22039999995,170385.0,303695.352399994,407838.98359999974
37878,0.3207064720425373,0.007354752048713995,3743.0,321.0,34135.0,0.921013779527559,0.0988172553989123,52299.18199999409,80895.51539999995,170675.0,303869.697399994,407664.6385999997
37937,0.32120601483388084,0.007338968912358783,3744.0,320.0,34193.0,0.9212598425196851,0.09868993331048845,51593.73199999414,80970.06039999994,170965.0,303528.7923999941,408005.5435999996
37996,0.32170555762522435,0.007324148886861032,3744.0,320.0,34252.0,0.9212598425196851,0.09853668807242867,51593.73199999414,80970.06039999994,171260.0,303823.7923999941,407710.5435999996
38055,0.3222051004165679,0.007309471343625179,3745.0,319.0,34310.0,0.921505905511811,0.0984101957692813,51493.73199999414,80984.06039999994,171550.0,304027.7923999941,407506.5435999996
38114,0.3227046432079114,0.007294948264532495,3746.0,318.0,34368.0,0.921751968503937,0.09828409508317154,51433.31999999413,80994.10159999995,171840.0,304267.42159999406,407266.91439999966
38173,0.32320418599925493,0.00727987137843141,3746.0,318.0,34427.0,0.921751968503937,0.0981321876719147,51433.31999999413,80994.10159999995,172135.0,304562.42159999406,406971.91439999966
38232,0.32370372879059844,0.007261686010075842,3746.0,318.0,34486.0,0.921751968503937,0.09798074911069261,51433.31999999413,80994.10159999995,172430.0,304857.42159999406,406676.91439999966
38291,0.32420327158194195,0.007247502909821357,3747.0,317.0,34544.0,0.921998031496063,0.09785589302969366,51383.31999999413,81003.10159999995,172720.0,305106.42159999406,406427.91439999966
38350,0.32470281437328546,0.007240088682319542,3747.0,317.0,34603.0,0.921998031496063,0.09770534550195567,51383.31999999413,81003.10159999995,173015.0,305401.42159999406,406132.91439999966
38409,0.325202357164629,0.007227126761265066,3747.0,317.0,34662.0,0.921998031496063,0.09755526048582364,51383.31999999413,81003.10159999995,173310.0,305696.42159999406,405837.91439999966
38468,0.3257018999559725,0.007209654483784332,3749.0,315.0,34719.0,0.9224901574803149,0.09745762711864407,51224.31999999413,81027.00159999995,173595.0,305846.3215999941,405688.01439999964
38527,0.326201442747316,0.007191617565699731,3752.0,312.0,34775.0,0.9232283464566929,0.0973862486048745,50793.369999994175,81082.09659999995,173875.0,305750.4665999941,405783.8693999996
38586,0.3267009855386595,0.007173317738067202,3753.0,311.0,34833.0,0.9234744094488189,0.09726325610324989,50651.369999994175,81100.29659999994,174165.0,305916.6665999941,405617.6693999996
38645,0.32720052833000307,0.007160224879332047,3753.0,311.0,34892.0,0.9234744094488189,0.09711476258248156,50651.369999994175,81100.29659999994,174460.0,306211.6665999941,405322.6693999996
38704,0.3277000711213466,0.007146276757430773,3754.0,310.0,34950.0,0.9237204724409449,0.09699255890863993,50599.379999994184,81109.49559999994,174750.0,306458.8755999941,405075.46039999963
38763,0.3281996139126901,0.007127002718088231,3754.0,310.0,35009.0,0.9237204724409449,0.09684492944302557,50599.379999994184,81109.49559999994,175045.0,306753.8755999941,404780.46039999963
38822,0.3286991567040336,0.007112178151326127,3754.0,310.0,35068.0,0.9237204724409449,0.09669774869919118,50599.379999994184,81109.49559999994,175340.0,307048.8755999941,404485.46039999963
38881,0.3291986994953771,0.007098026108073118,3754.0,310.0,35127.0,0.9237204724409449,0.09655101463439726,50599.379999994184,81109.49559999994,175635.0,307343.8755999941,404190.46039999963
38940,0.3296982422867206,0.007084126204380982,3755.0,309.0,35185.0,0.9239665354330708,0.09643040575243965,50466.42999999423,81126.79059999993,175925.0,307518.2205999942,404016.11539999954
38999,0.33019778507806413,0.007072144202532511,3755.0,309.0,35244.0,0.9239665354330708,0.09628452011590041,50466.42999999423,81126.79059999993,176220.0,307813.2205999942,403721.11539999954
39058,0.33069732786940764,0.007055620221322446,3755.0,309.0,35303.0,0.9239665354330708,0.09613907522146552,50466.42999999423,81126.79059999993,176515.0,308108.2205999942,403426.11539999954
39117,0.33119687066075115,0.007039602647645542,3756.0,308.0,35361.0,0.9242125984251969,0.0960196334074699,48491.739999994286,81328.25959999993,176805.0,306624.9995999942,404909.3363999995
39176,0.3316964134520947,0.007022998663324725,3756.0,308.0,35420.0,0.9242125984251969,0.09587502552583214,48491.739999994286,81328.25959999993,177100.0,306919.9995999942,404614.3363999995
39235,0.33219595624343823,0.007006063918018837,3758.0,306.0,35477.0,0.9247047244094488,0.09578182744998089,47725.78999999433,81412.85459999992,177385.0,306523.64459999424,405010.6913999995
39294,0.33269549903478174,0.006990192331735805,3759.0,305.0,35535.0,0.9249507874015748,0.09566346007023974,47671.78999999433,81422.25459999993,177675.0,306769.04459999426,404765.29139999946
39353,0.33319504182612525,0.006976146185782163,3760.0,304.0,35593.0,0.9251968503937008,0.09554544761517546,47538.83999999438,81439.54959999993,177965.0,306943.3895999943,404590.94639999943
39412,0.33369458461746876,0.006963016674030152,3761.0,303.0,35651.0,0.9254429133858267,0.09542778849081499,47454.83999999438,81451.94959999992,178255.0,307161.7895999943,404372.5463999994
39471,0.33419412740881227,0.0069498246583010615,3763.0,301.0,35708.0,0.9259350393700787,0.09533581616883281,47363.371999994386,81469.09639999992,178540.0,307372.4683999943,404161.8675999994
39530,0.3346936702001558,0.006934744820644612,3766.0,298.0,35764.0,0.9266732283464567,0.09526941563369593,46617.42199999443,81555.69139999991,178820.0,306993.1133999943,404541.2225999994
39589,0.3351932129914993,0.006918407687185806,3768.0,296.0,35821.0,0.9271653543307087,0.09517795347192402,46273.47199999448,81598.08639999991,179105.0,306976.5583999944,404557.77759999933
39648,0.3356927557828428,0.006904913593918964,3770.0,294.0,35878.0,0.9276574803149606,0.0950867635189669,46043.714999994496,81629.06209999991,179390.0,307062.7770999944,404471.5588999993
39707,0.33619229857418637,0.00689214059058127,3772.0,292.0,35935.0,0.9281496062992126,0.09499584456141234,45846.76499999454,81656.7570999999,179675.0,307178.5220999945,404355.81389999925
39766,0.3366918413655299,0.006874953080060882,3773.0,291.0,35993.0,0.9283956692913385,0.09488004828245235,45608.76499999454,81684.5570999999,179965.0,307258.32209999446,404276.01389999926
39825,0.3371913841568734,0.00686291224879469,3773.0,291.0,36052.0,0.9283956692913385,0.09473948524795982,45608.76499999454,81684.5570999999,180260.0,307553.32209999446,403981.01389999926
39884,0.3376909269482169,0.00684753311734637,3774.0,290.0,36110.0,0.9286417322834646,0.09462441079129476,45554.76499999454,81693.9570999999,180550.0,307798.7220999944,403735.6138999993
39943,0.3381904697395604,0.006834839855042428,3774.0,290.0,36169.0,0.9286417322834646,0.09448464061287334,45554.76499999454,81693.9570999999,180845.0,308093.7220999944,403440.6138999993
40002,0.3386900125309039,0.006820820184463371,3774.0,290.0,36228.0,0.9286417322834646,0.0943452827358632,45554.76499999454,81693.9570999999,181140.0,308388.7220999944,403145.6138999993
40061,0.3391895553222474,0.006807678789577045,3776.0,288.0,36285.0,0.9291338582677166,0.09425625920471281,45407.81499999459,81716.6520999999,181425.0,308549.4670999945,402984.86889999924
40120,0.33968909811359094,0.006794668287711037,3776.0,288.0,36344.0,0.9291338582677166,0.09411764705882353,45407.81499999459,81716.6520999999,181720.0,308844.4670999945,402689.86889999924
40179,0.34018864090493445,0.00677945199018757,3777.0,287.0,36402.0,0.9293799212598425,0.09400433062047338,45351.864999994636,81726.24709999989,182010.0,309088.11209999456,402446.22389999917
40238,0.34068818369627796,0.006762418484260616,3777.0,287.0,36461.0,0.9293799212598425,0.09386649435856653,45351.864999994636,81726.24709999989,182305.0,309383.11209999456,402151.22389999917
40297,0.3411877264876215,0.006746024187678624,3778.0,286.0,36519.0,0.9296259842519685,0.09375387745986054,45020.89499999466,81763.34409999989,182595.0,309379.23909999453,402155.0968999992
40356,0.34168726927896503,0.006729871620638587,3779.0,285.0,36577.0,0.9298720472440944,0.09364158985033204,44886.94499999471,81780.73909999989,182885.0,309552.6840999946,401981.6518999991
40415,0.34218681207030854,0.006713158719981632,3781.0,283.0,36634.0,0.9303641732283464,0.0935543733762217,44461.64499999466,81831.26909999989,183170.0,309462.9140999946,402071.42189999914
40474,0.34268635486165205,0.006698951741472394,3782.0,282.0,36692.0,0.9306102362204725,0.09344270395809656,44414.64499999466,81839.96909999989,183460.0,309714.61409999453,401819.7218999992
40533,0.34318589765299556,0.006686065289051678,3782.0,282.0,36751.0,0.9306102362204725,0.09330668837737152,44414.64499999466,81839.96909999989,183755.0,310009.61409999453,401524.7218999992
40592,0.3436854404443391,0.0066748326956114126,3783.0,281.0,36809.0,0.9308562992125984,0.09319570358691368,44372.1849999947,81848.21509999988,184045.0,310265.4000999946,401268.9358999991
40651,0.3441849832356826,0.006657794890253465,3786.0,278.0,36865.0,0.9315944881889764,0.0931342402400925,44117.1849999947,81885.71509999988,184325.0,310327.9000999946,401206.4358999991
40710,0.3446845260270261,0.006642264844784483,3788.0,276.0,36922.0,0.9320866141732284,0.09304839105870794,43817.23499999475,81923.71009999988,184610.0,310350.94509999466,401183.39089999907
40769,0.3451840688183696,0.0066261906187901004,3788.0,276.0,36981.0,0.9320866141732284,0.09291373347396306,43817.23499999475,81923.71009999988,184905.0,310645.94509999466,400888.39089999907
40828,0.34568361160971317,0.006614783322562292,3789.0,275.0,37039.0,0.9323326771653543,0.09280395806799255,43675.23499999475,81941.91009999988,185195.0,310812.1450999946,400722.1908999991
40887,0.3461831544010567,0.006600668678384769,3789.0,275.0,37098.0,0.9323326771653543,0.09267004182258419,43675.23499999475,81941.91009999988,185490.0,311107.1450999946,400427.1908999991
40946,0.3466826971924002,0.006588189899787815,3790.0,274.0,37156.0,0.9325787401574803,0.09256093391295853,43398.284999994794,81973.60509999988,185780.0,311151.89009999466,400382.44589999906
41005,0.3471822399837437,0.006574404412166316,3790.0,274.0,37215.0,0.9325787401574803,0.09242775271308377,43398.284999994794,81973.60509999988,186075.0,311446.89009999466,400087.44589999906
41064,0.3476817827750872,0.006561062817251598,3791.0,273.0,37273.0,0.9328248031496063,0.09231930644847068,43314.284999994794,81986.00509999988,186365.0,311665.2900999947,399869.04589999904
41123,0.3481813255664307,0.006545969706986922,3791.0,273.0,37332.0,0.9328248031496063,0.09218685407193054,43314.284999994794,81986.00509999988,186660.0,311960.2900999947,399574.04589999904
41182,0.34868086835777423,0.006533883599936395,3792.0,272.0,37390.0,0.9330708661417323,0.09207906366859307,43258.42099999485,81995.59149999988,186950.0,312204.0124999947,399330.323499999
41241,0.34918041114911774,0.006522628258353864,3792.0,272.0,37449.0,0.9330708661417323,0.09194733396377391,43258.42099999485,81995.59149999988,187245.0,312499.0124999947,399035.323499999
41300,0.34967995394046125,0.006510928634767197,3794.0,270.0,37506.0,0.9335629921259843,0.09186440677966101,43111.4709999949,82018.28649999987,187530.0,312659.75749999477,398874.57849999896
41359,0.35017949673180476,0.006497557225001895,3794.0,270.0,37565.0,0.9335629921259843,0.09173335912376991,43111.4709999949,82018.28649999987,187825.0,312954.75749999477,398579.57849999896
41418,0.35067903952314833,0.006484772090779679,3794.0,270.0,37624.0,0.9335629921259843,0.0916026848230238,43111.4709999949,82018.28649999987,188120.0,313249.75749999477,398284.57849999896
41477,0.35117858231449184,0.0064723476710953284,3794.0,270.0,37683.0,0.9335629921259843,0.09147238228415748,43111.4709999949,82018.28649999987,188415.0,313544.75749999477,397989.57849999896
41536,0.35167812510583535,0.006461337107350314,3794.0,270.0,37742.0,0.9335629921259843,0.0913424499229584,43111.4709999949,82018.28649999987,188710.0,313839.75749999477,397694.57849999896
41595,0.35217766789717886,0.006449366200457298,3794.0,270.0,37801.0,0.9335629921259843,0.09121288616420242,43111.4709999949,82018.28649999987,189005.0,314134.75749999477,397399.57849999896
41654,0.35267721068852237,0.006437215004772808,3794.0,270.0,37860.0,0.9335629921259843,0.09108368944159025,43111.4709999949,82018.28649999987,189300.0,314429.75749999477,397104.57849999896
41713,0.3531767534798659,0.006425004604398587,3794.0,270.0,37919.0,0.9335629921259843,0.09095485819768417,43111.4709999949,82018.28649999987,189595.0,314724.75749999477,396809.57849999896
41772,0.3536762962712094,0.006415029995954802,3794.0,270.0,37978.0,0.9335629921259843,0.09082639088384564,43111.4709999949,82018.28649999987,189890.0,315019.75749999477,396514.57849999896
41831,0.3541758390625529,0.006402881777459522,3794.0,270.0,38037.0,0.9335629921259843,0.09069828596017308,43111.4709999949,82018.28649999987,190185.0,315314.75749999477,396219.57849999896
41890,0.3546753818538964,0.0063883354304270475,3794.0,270.0,38096.0,0.9335629921259843,0.09057054189544043,43111.4709999949,82018.28649999987,190480.0,315609.75749999477,395924.57849999896
41949,0.35517492464524,0.006374137500925628,3794.0,270.0,38155.0,0.9335629921259843,0.09044315716703616,43111.4709999949,82018.28649999987,190775.0,315904.75749999477,395629.57849999896
42008,0.3556744674365835,0.006360364604516353,3794.0,270.0,38214.0,0.9335629921259843,0.09031613026090268,43111.4709999949,82018.28649999987,191070.0,316199.75749999477,395334.57849999896
42067,0.356174010227927,0.006357516129870741,3794.0,270.0,38273.0,0.9335629921259843,0.09018945967147646,43111.4709999949,82018.28649999987,191365.0,316494.75749999477,395039.57849999896
42126,0.3566735530192705,0.006346842725331184,3794.0,270.0,38332.0,0.9335629921259843,0.09006314390162845,43111.4709999949,82018.28649999987,191660.0,316789.75749999477,394744.57849999896
42185,0.357173095810614,0.0063345929470737545,3794.0,270.0,38391.0,0.9335629921259843,0.0899371814626052,43111.4709999949,82018.28649999987,191955.0,317084.75749999477,394449.57849999896
42244,0.3576726386019575,0.0063188950198911535,3794.0,270.0,38450.0,0.9335629921259843,0.08981157087397026,43111.4709999949,82018.28649999987,192250.0,317379.75749999477,394154.57849999896
42303,0.35817218139330104,0.0063086546512916486,3794.0,270.0,38509.0,0.9335629921259843,0.08968631066354632,43111.4709999949,82018.28649999987,192545.0,317674.75749999477,393859.57849999896
42362,0.35867172418464455,0.006295444692507437,3795.0,269.0,38567.0,0.9338090551181102,0.08958500542939427,43036.4709999949,82029.78649999987,192835.0,317901.25749999477,393633.07849999896
42421,0.35917126697598806,0.006278860452370395,3796.0,268.0,38625.0,0.9340551181102362,0.0894839819900521,42903.520999994944,82047.08149999987,193125.0,318075.6024999948,393458.7334999989
42480,0.35967080976733157,0.006265164300668865,3797.0,267.0,38683.0,0.9343011811023622,0.08938323917137476,42770.57099999499,82064.37649999985,193415.0,318249.9474999948,393284.3884999989
42539,0.36017035255867513,0.006252333544022988,3799.0,265.0,38740.0,0.9347933070866141,0.08930628364559581,41188.803999995,82230.55319999986,193700.0,317119.35719999485,394414.9787999989
42598,0.36066989535001864,0.006240606196164904,3801.0,263.0,38797.0,0.9352854330708661,0.08922954129301845,40681.803999995,82289.25319999986,193985.0,316956.05719999486,394578.27879999886
42657,0.36116943814136215,0.006228965001965825,3803.0,261.0,38854.0,0.9357775590551181,0.0891530112291066,40474.803999995,82317.95319999986,194270.0,317062.75719999487,394471.57879999885
42716,0.36166898093270566,0.006216311543756967,3803.0,261.0,38913.0,0.9357775590551181,0.08902987171083435,40474.803999995,82317.95319999986,194565.0,317357.75719999487,394176.57879999885
42775,0.3621685237240492,0.006203134507634275,3803.0,261.0,38972.0,0.9357775590551181,0.08890707188778492,40474.803999995,82317.95319999986,194860.0,317652.75719999487,393881.57879999885
42834,0.3626680665153927,0.006197487037664182,3803.0,261.0,39031.0,0.9357775590551181,0.08878461035625905,40474.803999995,82317.95319999986,195155.0,317947.75719999487,393586.57879999885
42893,0.3631676093067362,0.006185772578633232,3803.0,261.0,39090.0,0.9357775590551181,0.0886624857202807,40474.803999995,82317.95319999986,195450.0,318242.75719999487,393291.57879999885
42952,0.3636671520980797,0.0061754075019886,3805.0,259.0,39147.0,0.93626968503937,0.08858726019742968,40340.803999995,82339.35319999985,195735.0,318415.15719999484,393119.1787999989
43011,0.3641666948894232,0.006163621383806099,3805.0,259.0,39206.0,0.93626968503937,0.0884657413219874,40340.803999995,82339.35319999985,196030.0,318710.15719999484,392824.1787999989
43070,0.3646662376807668,0.006152833645486213,3805.0,259.0,39265.0,0.93626968503937,0.08834455537497098,40340.803999995,82339.35319999985,196325.0,319005.15719999484,392529.1787999989
43129,0.3651657804721103,0.006142474527513657,3805.0,259.0,39324.0,0.93626968503937,0.0882237009900531,40340.803999995,82339.35319999985,196620.0,319300.15719999484,392234.1787999989
43188,0.3656653232634538,0.0061308201459904415,3806.0,258.0,39382.0,0.9365157480314961,0.08812633138834862,40207.853999995044,82356.64819999985,196910.0,319474.50219999487,392059.83379999886
43247,0.3661648660547973,0.006120422470118777,3806.0,258.0,39441.0,0.9365157480314961,0.0880061044696742,40207.853999995044,82356.64819999985,197205.0,319769.50219999487,391764.83379999886
43306,0.3666644088461408,0.0061072592607371535,3807.0,257.0,39499.0,0.936761811023622,0.08790929663326098,40123.853999995044,82369.04819999986,197495.0,319987.9021999949,391546.43379999883
43365,0.36716395163748433,0.0060952913063195,3807.0,257.0,39558.0,0.936761811023622,0.08778969214804566,40123.853999995044,82369.04819999986,197790.0,320282.9021999949,391251.43379999883
43424,0.36766349442882784,0.00608251374779891,3808.0,256.0,39616.0,0.937007874015748,0.08769344141488578,39998.853999995044,82385.54819999986,198080.0,320464.4021999949,391069.93379999883
43483,0.36816303722017135,0.0060717597627336336,3808.0,256.0,39675.0,0.937007874015748,0.08757445438447209,39998.853999995044,82385.54819999986,198375.0,320759.4021999949,390774.93379999883
43542,0.36866258001151486,0.0060593629019009875,3809.0,255.0,39733.0,0.937253937007874,0.08747875614349364,39866.853999995044,82402.74819999986,198665.0,320934.6021999949,390599.7337999988
43601,0.36916212280285843,0.006055490298825945,3809.0,255.0,39792.0,0.937253937007874,0.08736038164262287,39866.853999995044,82402.74819999986,198960.0,321229.6021999949,390304.7337999988
43660,0.36966166559420194,0.00604492222554002,3809.0,255.0,39851.0,0.937253937007874,0.08724232707283555,39866.853999995044,82402.74819999986,199255.0,321524.6021999949,390009.7337999988
43719,0.37016120838554545,0.0060354848362669,3809.0,255.0,39910.0,0.937253937007874,0.08712459113886412,39866.853999995044,82402.74819999986,199550.0,321819.6021999949,389714.7337999988
43778,0.37066075117688896,0.0060194797771431175,3809.0,255.0,39969.0,0.937253937007874,0.08700717255242359,39866.853999995044,82402.74819999986,199845.0,322114.6021999949,389419.7337999988
43837,0.37116029396823247,0.006008568059292797,3810.0,254.0,40027.0,0.9375,0.0869128818121678,39783.90399999509,82415.04319999985,200135.0,322333.94719999493,389200.3887999988
43896,0.371659836759576,0.005998821875614272,3810.0,254.0,40086.0,0.9375,0.08679606342263532,39783.90399999509,82415.04319999985,200430.0,322628.94719999493,388905.3887999988
43955,0.3721593795509195,0.005987148929151587,3812.0,252.0,40143.0,0.937992125984252,0.08672505972016835,39663.483999995166,82435.08519999984,200715.0,322813.569199995,388720.7667999987
44014,0.372658922342263,0.005978269039044815,3812.0,252.0,40202.0,0.937992125984252,0.08660880628890807,39663.483999995166,82435.08519999984,201010.0,323108.569199995,388425.7667999987
44073,0.3731584651336065,0.005965819263075482,3813.0,251.0,40260.0,0.938238188976378,0.08651555374038528,39588.483999995166,82446.58519999984,201300.0,323335.069199995,388199.2667999987
44132,0.37365800792495,0.0059561630563464175,3813.0,251.0,40319.0,0.938238188976378,0.08639989123538476,39588.483999995166,82446.58519999984,201595.0,323630.069199995,387904.2667999987
44191,0.3741575507162936,0.005944073748104862,3813.0,251.0,40378.0,0.938238188976378,0.08628453757552443,39588.483999995166,82446.58519999984,201890.0,323925.069199995,387609.2667999987
44250,0.3746570935076371,0.005931432211734756,3813.0,251.0,40437.0,0.938238188976378,0.08616949152542373,39588.483999995166,82446.58519999984,202185.0,324220.069199995,387314.2667999987
44309,0.3751566362989806,0.005919592513644013,3813.0,251.0,40496.0,0.938238188976378,0.08605475185628202,39588.483999995166,82446.58519999984,202480.0,324515.069199995,387019.2667999987
44368,0.3756561790903241,0.0059085012538309225,3813.0,251.0,40555.0,0.938238188976378,0.08594031734583484,39588.483999995166,82446.58519999984,202775.0,324810.069199995,386724.2667999987
44427,0.3761557218816676,0.005901777344524173,3815.0,249.0,40612.0,0.93873031496063,0.08587120444774574,39429.59699999518,82470.47389999984,203060.0,324960.07089999504,386574.2650999987
44486,0.37665526467301114,0.00588828331533208,3815.0,249.0,40671.0,0.93873031496063,0.08575731690869037,39429.59699999518,82470.47389999984,203355.0,325255.07089999504,386279.2650999987
44545,0.37715480746435465,0.005879495349181045,3816.0,248.0,40729.0,0.9389763779527559,0.08566618026714558,39374.59399999515,82479.97419999984,203645.0,325499.568199995,386034.76779999875
44604,0.37765435025569816,0.005870908650122604,3817.0,247.0,40787.0,0.9392224409448819,0.0855752847278271,39241.6439999952,82497.26919999984,203935.0,325673.91319999506,385860.42279999866
44663,0.37815389304704167,0.005860174047913623,3819.0,245.0,40844.0,0.9397145669291339,0.0855070192329221,39116.65899999521,82517.76769999984,204220.0,325854.42669999506,385679.90929999866
44722,0.37865343583838523,0.005847787086597915,3820.0,244.0,40902.0,0.9399606299212598,0.08541657349850186,39032.65899999521,82530.16769999983,204510.0,326072.826699995,385461.5092999987
44781,0.37915297862972874,0.0058427058347125865,3820.0,244.0,40961.0,0.9399606299212598,0.08530403519349725,39032.65899999521,82530.16769999983,204805.0,326367.826699995,385166.5092999987
44840,0.37965252142107225,0.0058336288991814,3821.0,243.0,41019.0,0.9402066929133859,0.08521409455842997,38953.70899999526,82542.06269999983,205095.0,326590.7716999951,384943.56429999863
44899,0.38015206421241576,0.005825010936987141,3822.0,242.0,41077.0,0.9404527559055118,0.08512439029822491,38869.758999995305,82554.45769999982,205385.0,326809.2166999951,384725.1192999986
44958,0.3806516070037593,0.0058148745093038615,3822.0,242.0,41136.0,0.9404527559055118,0.08501267849993327,38869.758999995305,82554.45769999982,205680.0,327104.2166999951,384430.1192999986
45017,0.3811511497951028,0.0058023024915328245,3823.0,241.0,41194.0,0.9406988188976378,0.08492347335451052,38736.80899999535,82571.75269999982,205970.0,327278.5616999952,384255.77429999853
45076,0.3816506925864463,0.0057941506137046865,3824.0,240.0,41252.0,0.9409448818897638,0.08483450173041086,38603.8589999954,82589.04769999982,206260.0,327452.9066999952,384081.4292999985
45135,0.3821502353777898,0.0057826349098385596,3825.0,239.0,41310.0,0.9411909448818898,0.0847457627118644,38529.8589999954,82600.44769999982,206550.0,327680.3066999952,383854.02929999854
45194,0.3826497781691333,0.0057706221674373665,3825.0,239.0,41369.0,0.9411909448818898,0.08463512855688808,38529.8589999954,82600.44769999982,206845.0,327975.3066999952,383559.02929999854
45253,0.3831493209604768,0.005759240137202329,3825.0,239.0,41428.0,0.9411909448818898,0.08452478288732239,38529.8589999954,82600.44769999982,207140.0,328270.3066999952,383264.02929999854
45312,0.3836488637518204,0.005747572534921748,3825.0,239.0,41487.0,0.9411909448818898,0.08441472457627118,38529.8589999954,82600.44769999982,207435.0,328565.3066999952,382969.02929999854
45371,0.3841484065431639,0.005735746732464544,3825.0,239.0,41546.0,0.9411909448818898,0.08430495250269997,38529.8589999954,82600.44769999982,207730.0,328860.3066999952,382674.02929999854
45430,0.3846479493345074,0.00572228530874075,3825.0,239.0,41605.0,0.9411909448818898,0.08419546555139776,38529.8589999954,82600.44769999982,208025.0,329155.3066999952,382379.02929999854
45489,0.3851474921258509,0.005709753818012838,3826.0,238.0,41663.0,0.9414370078740157,0.08410824594957023,38278.8589999954,82629.54769999982,208315.0,329223.4066999952,382310.9292999985
45548,0.38564703491719443,0.005698456919134763,3826.0,238.0,41722.0,0.9414370078740157,0.0839992974444542,38278.8589999954,82629.54769999982,208610.0,329518.4066999952,382015.9292999985
45607,0.38614657770853794,0.005686558090100715,3826.0,238.0,41781.0,0.9414370078740157,0.08389063082421558,38278.8589999954,82629.54769999982,208905.0,329813.4066999952,381720.9292999985
45666,0.38664612049988145,0.005673889611361481,3826.0,238.0,41840.0,0.9414370078740157,0.08378224499627732,38278.8589999954,82629.54769999982,209200.0,330108.4066999952,381425.9292999985
45725,0.38714566329122496,0.005663068158024257,3826.0,238.0,41899.0,0.9414370078740157,0.08367413887370148,38278.8589999954,82629.54769999982,209495.0,330403.4066999952,381130.9292999985
45784,0.38764520608256847,0.005651327754275956,3826.0,238.0,41958.0,0.9414370078740157,0.08356631137515289,38278.8589999954,82629.54769999982,209790.0,330698.4066999952,380835.9292999985
45843,0.38814474887391204,0.005642301672535145,3827.0,237.0,42016.0,0.9416830708661418,0.08348057500599873,38145.908999995445,82646.84269999982,210080.0,330872.75169999525,380661.5842999985
45902,0.38864429166525555,0.00563272966797228,3828.0,236.0,42074.0,0.9419291338582677,0.08339505903882184,38080.95899999549,82657.33769999981,210370.0,331108.2966999953,380426.03929999843
45961,0.38914383445659906,0.005622369975057303,3829.0,235.0,42132.0,0.9421751968503937,0.0833097626248341,38008.00899999554,82668.6326999998,210660.0,331336.6416999953,380197.6942999984
46020,0.38964337724794257,0.005613938706153279,3829.0,235.0,42191.0,0.9421751968503937,0.08320295523685355,38008.00899999554,82668.6326999998,210955.0,331631.6416999953,379902.6942999984
46079,0.3901429200392861,0.005603607045595164,3830.0,234.0,42249.0,0.9424212598425197,0.08311812322316023,37429.00899999554,82730.5326999998,211245.0,331404.54169999534,380129.7942999984
46138,0.3906424628306296,0.00559275651655942,3830.0,234.0,42308.0,0.9424212598425197,0.08301183406302831,37429.00899999554,82730.5326999998,211540.0,331699.54169999534,379834.7942999984
46197,0.3911420056219731,0.005582864295680651,3830.0,234.0,42367.0,0.9424212598425197,0.08290581639500401,37429.00899999554,82730.5326999998,211835.0,331994.54169999534,379539.7942999984
46256,0.3916415484133166,0.005572292640930928,3830.0,234.0,42426.0,0.9424212598425197,0.08280006918021446,37429.00899999554,82730.5326999998,212130.0,332289.54169999534,379244.7942999984
46315,0.3921410912046601,0.005562731052963476,3831.0,233.0,42484.0,0.9426673228346457,0.08271618266220447,37370.809999995516,82740.35259999981,212420.0,332531.1625999953,379003.1733999984
46374,0.3926406339960037,0.005552179303656464,3831.0,233.0,42543.0,0.9426673228346457,0.08261094578858844,37370.809999995516,82740.35259999981,212715.0,332826.1625999953,378708.1733999984
46433,0.3931401767873472,0.005542277040526659,3833.0,231.0,42600.0,0.9431594488188977,0.08254904916761786,37196.136999995564,82765.8198999998,213000.0,332961.95689999533,378572.3790999984
46492,0.3936397195786907,0.00552923707396562,3833.0,231.0,42659.0,0.9431594488188977,0.08244429149100921,37196.136999995564,82765.8198999998,213295.0,333256.95689999533,378277.3790999984
46551,0.3941392623700342,0.005520241749799115,3834.0,230.0,42717.0,0.9434055118110236,0.08236128117548495,37063.18699999561,82783.1148999998,213585.0,333431.3018999954,378103.0340999983
46610,0.3946388051613777,0.005510775778857707,3834.0,230.0,42776.0,0.9434055118110236,0.08225702638918687,37063.18699999561,82783.1148999998,213880.0,333726.3018999954,377808.0340999983
46669,0.39513834795272124,0.005498734600525846,3834.0,230.0,42835.0,0.9434055118110236,0.08215303520538259,37063.18699999561,82783.1148999998,214175.0,334021.3018999954,377513.0340999983
46728,0.39563789074406475,0.005489024544196732,3835.0,229.0,42893.0,0.9436515748031497,0.08207070707070707,37012.54999999562,82792.1785999998,214465.0,334269.72859999543,377264.6073999983
46787,0.39613743353540826,0.00547675290374411,3835.0,229.0,42952.0,0.9436515748031497,0.08196721311475409,37012.54999999562,82792.1785999998,214760.0,334564.72859999543,376969.6073999983
46846,0.39663697632675177,0.005468829410287078,3836.0,228.0,43010.0,0.9438976377952756,0.0818853263885924,36981.64799999562,82799.2687999998,215050.0,334830.9167999954,376703.4191999983
46905,0.3971365191180953,0.005459404228076777,3836.0,228.0,43069.0,0.9438976377952756,0.08178232597804072,36981.64799999562,82799.2687999998,215345.0,335125.9167999954,376408.4191999983
46964,0.39763606190943884,0.00544994503031243,3837.0,227.0,43127.0,0.9441437007874016,0.0817008772676944,36944.78199999558,82806.9553999998,215635.0,335386.7373999954,376147.59859999834
47023,0.39813560470078235,0.005437709804942869,3838.0,226.0,43185.0,0.9443897637795275,0.08161963294557982,36842.78199999558,82821.1553999998,215925.0,335588.9373999954,375945.3985999983
47082,0.39863514749212586,0.0054285686863416,3839.0,225.0,43243.0,0.9446358267716536,0.08153859224332016,36500.28199999558,82859.4053999998,216215.0,335574.6873999954,375959.6485999983
47141,0.3991346902834694,0.005423502630004893,3839.0,225.0,43302.0,0.9446358267716536,0.08143654143951125,36500.28199999558,82859.4053999998,216510.0,335869.6873999954,375664.6485999983
47200,0.3996342330748129,0.005414180410247403,3842.0,222.0,43358.0,0.9453740157480315,0.08139830508474576,36197.163999995566,82901.7171999998,216790.0,335888.88119999535,375645.4547999984
47259,0.4001337758661564,0.005400498273728519,3842.0,222.0,43417.0,0.9453740157480315,0.08129668422945895,36197.163999995566,82901.7171999998,217085.0,336183.88119999535,375350.4547999984
47318,0.4006333186574999,0.005392012553701291,3842.0,222.0,43476.0,0.9453740157480315,0.08119531679276386,36197.163999995566,82901.7171999998,217380.0,336478.88119999535,375055.4547999984
47377,0.4011328614488434,0.005382830831972316,3842.0,222.0,43535.0,0.9453740157480315,0.08109420182789118,36197.163999995566,82901.7171999998,217675.0,336773.88119999535,374760.4547999984
47436,0.4016324042401869,0.005370760034640521,3842.0,222.0,43594.0,0.9453740157480315,0.08099333839278185,36197.163999995566,82901.7171999998,217970.0,337068.88119999535,374465.4547999984
47495,0.4021319470315305,0.005360020358940136,3842.0,222.0,43653.0,0.9453740157480315,0.0808927255500579,36197.163999995566,82901.7171999998,218265.0,337363.88119999535,374170.4547999984
47554,0.402631489822874,0.005349827043342397,3842.0,222.0,43712.0,0.9453740157480315,0.08079236236699332,36197.163999995566,82901.7171999998,218560.0,337658.88119999535,373875.4547999984
47613,0.4031310326142175,0.0053393915175745975,3843.0,221.0,43770.0,0.9456200787401575,0.08071325058282403,36095.163999995566,82915.9171999998,218850.0,337861.08119999536,373673.25479999837
47672,0.403630575405561,0.005330920668802397,3843.0,221.0,43829.0,0.9456200787401575,0.08061335794596408,36095.163999995566,82915.9171999998,219145.0,338156.08119999536,373378.25479999837
47731,0.40413011819690453,0.005322720632693763,3843.0,221.0,43888.0,0.9456200787401575,0.08051371226247094,36095.163999995566,82915.9171999998,219440.0,338451.08119999536,373083.25479999837
47790,0.40462966098824804,0.005312564461972951,3843.0,221.0,43947.0,0.9456200787401575,0.08041431261770245,36095.163999995566,82915.9171999998,219735.0,338746.08119999536,372788.25479999837
47849,0.40512920377959155,0.0053057494137258914,3843.0,221.0,44006.0,0.9456200787401575,0.08031515810152773,36095.163999995566,82915.9171999998,220030.0,339041.08119999536,372493.25479999837
47908,0.40562874657093506,0.005294888391958352,3843.0,221.0,44065.0,0.9456200787401575,0.08021624780829924,36095.163999995566,82915.9171999998,220325.0,339336.08119999536,372198.25479999837
47967,0.40612828936227857,0.005282210428340509,3843.0,221.0,44124.0,0.9456200787401575,0.08011758083682531,36095.163999995566,82915.9171999998,220620.0,339631.08119999536,371903.25479999837
48026,0.4066278321536221,0.005272089792849101,3843.0,221.0,44183.0,0.9456200787401575,0.08001915629034273,36095.163999995566,82915.9171999998,220915.0,339926.08119999536,371608.25479999837
48085,0.40712737494496565,0.00526278465241911,3844.0,220.0,44241.0,0.9458661417322834,0.07994176978267652,35973.163999995566,82932.1171999998,221205.0,340110.28119999537,371424.05479999835
48144,0.40762691773630916,0.005261432201310123,3844.0,220.0,44300.0,0.9458661417322834,0.07984380192755068,35973.163999995566,82932.1171999998,221500.0,340405.28119999537,371129.05479999835
48203,0.40812646052765267,0.005253935978667942,3846.0,218.0,44357.0,0.9463582677165354,0.0797875650893098,35742.173999995575,82963.2161999998,221785.0,340490.39019999537,371043.94579999836
48262,0.4086260033189962,0.005243214422758359,3846.0,218.0,44416.0,0.9463582677165354,0.07969002527868717,35742.173999995575,82963.2161999998,222080.0,340785.39019999537,370748.94579999836
48321,0.4091255461103397,0.005232313685164121,3847.0,217.0,44474.0,0.9466043307086615,0.07961341859646945,35658.22399999562,82975.6111999998,222370.0,341003.83519999543,370530.5007999983
48380,0.4096250889016832,0.005222639408670905,3847.0,217.0,44533.0,0.9466043307086615,0.0795163290615957,35658.22399999562,82975.6111999998,222665.0,341298.83519999543,370235.5007999983
48439,0.4101246316930267,0.005213612244720934,3847.0,217.0,44592.0,0.9466043307086615,0.07941947604203224,35658.22399999562,82975.6111999998,222960.0,341593.83519999543,369940.5007999983
48498,0.4106241744843702,0.005200427210484443,3848.0,216.0,44650.0,0.9468503937007874,0.07934347808157037,35575.27399999567,82987.9061999998,223250.0,341813.18019999546,369721.15579999826
48557,0.41112371727571373,0.005191153575174871,3849.0,215.0,44708.0,0.9470964566929134,0.0792676648063101,35525.5589999957,82996.8776999998,223540.0,342062.4366999955,369471.89929999824
48616,0.4116232600670573,0.005180388972467236,3849.0,215.0,44767.0,0.9470964566929134,0.07917146618397236,35525.5589999957,82996.8776999998,223835.0,342357.4366999955,369176.89929999824
48675,0.4121228028584008,0.005171045343778573,3850.0,214.0,44825.0,0.9473425196850394,0.07909604519774012,35471.5589999957,83006.27769999979,224125.0,342602.8366999955,368931.4992999982
48734,0.4126223456497443,0.005161989009032164,3850.0,214.0,44884.0,0.9473425196850394,0.07900028727377191,35471.5589999957,83006.27769999979,224420.0,342897.8366999955,368636.4992999982
48793,0.4131218884410878,0.005153678725042222,3852.0,212.0,44941.0,0.9478346456692913,0.07894575041501854,35264.60899999575,83034.97269999978,224705.0,343004.58169999556,368529.75429999817
48852,0.41362143123243134,0.005145686881870644,3853.0,211.0,44999.0,0.9480807086614174,0.07887087529681487,35131.658999995794,83052.26769999978,224995.0,343178.9266999956,368355.40929999814
48911,0.41412097402377485,0.00513835315340881,3853.0,211.0,45058.0,0.9480807086614174,0.07877573551961727,35131.658999995794,83052.26769999978,225290.0,343473.9266999956,368060.40929999814
48970,0.41462051681511836,0.005129965188102848,3853.0,211.0,45117.0,0.9480807086614174,0.07868082499489483,35131.658999995794,83052.26769999978,225585.0,343768.9266999956,367765.40929999814
49029,0.41512005960646187,0.005123146082568436,3854.0,210.0,45175.0,0.9483267716535433,0.07860653898713006,35047.658999995794,83064.66769999977,225875.0,343987.32669999555,367547.0092999982
49088,0.4156196023978054,0.00511488089567858,3856.0,208.0,45232.0,0.9488188976377953,0.07855280312907431,34790.658999995794,83098.36769999978,226160.0,344049.02669999556,367485.30929999816
49147,0.4161191451891489,0.005102441004393449,3856.0,208.0,45291.0,0.9488188976377953,0.07845850204488575,34790.658999995794,83098.36769999978,226455.0,344344.02669999556,367190.30929999816
49206,0.41661868798049245,0.005096638211752027,3856.0,208.0,45350.0,0.9488188976377953,0.07836442710238589,34790.658999995794,83098.36769999978,226750.0,344639.02669999556,366895.30929999816
49265,0.41711823077183596,0.005088344441613163,3856.0,208.0,45409.0,0.9488188976377953,0.07827057748908962,34790.658999995794,83098.36769999978,227045.0,344934.02669999556,366600.30929999816
49324,0.4176177735631795,0.005077939486921886,3857.0,207.0,45467.0,0.9490649606299213,0.07819722650231124,34706.658999995794,83110.76769999978,227335.0,345152.4266999956,366381.90929999814
49383,0.418117316354523,0.005067180817850572,3857.0,207.0,45526.0,0.9490649606299213,0.07810380090314481,34706.658999995794,83110.76769999978,227630.0,345447.4266999956,366086.90929999814
49442,0.4186168591458665,0.005058247730064449,3858.0,206.0,45584.0,0.9493110236220472,0.07803082399579304,34564.658999995794,83128.96769999978,227920.0,345613.6266999956,365920.7092999981
49501,0.41911640193721,0.005054215160428876,3858.0,206.0,45643.0,0.9493110236220472,0.07793781943799115,34564.658999995794,83128.96769999978,228215.0,345908.6266999956,365625.7092999981
49560,0.4196159447285535,0.005045632592478281,3858.0,206.0,45702.0,0.9493110236220472,0.07784503631961259,34564.658999995794,83128.96769999978,228510.0,346203.6266999956,365330.7092999981
49619,0.420115487519897,0.00503752692044337,3860.0,204.0,45759.0,0.9498031496062992,0.07779278099115258,34227.301999995834,83170.70339999978,228795.0,346193.0053999956,365341.3305999981
49678,0.42061503031124053,0.005028067361789578,3860.0,204.0,45818.0,0.9498031496062992,0.07770039051491606,34227.301999995834,83170.70339999978,229090.0,346488.0053999956,365046.3305999981
49737,0.4211145731025841,0.005020403314341974,3860.0,204.0,45877.0,0.9498031496062992,0.07760821923316645,34227.301999995834,83170.70339999978,229385.0,346783.0053999956,364751.3305999981
49796,0.4216141158939276,0.005010642414808869,3860.0,204.0,45936.0,0.9498031496062992,0.07751626636677644,34227.301999995834,83170.70339999978,229680.0,347078.0053999956,364456.3305999981
49855,0.4221136586852711,0.005000211418624463,3860.0,204.0,45995.0,0.9498031496062992,0.0774245311403069,34227.301999995834,83170.70339999978,229975.0,347373.0053999956,364161.3305999981
49914,0.42261320147661463,0.004990723498349721,3861.0,203.0,46053.0,0.9500492125984252,0.07735304724125495,34147.801999995834,83182.65339999978,230265.0,347595.4553999956,363938.8805999981
49973,0.42311274426795814,0.004980679138469905,3863.0,201.0,46110.0,0.9505413385826772,0.07730174294118825,32968.801999995834,83308.55339999977,230550.0,346827.3553999956,364706.98059999815
50032,0.42361228705930165,0.004973292637603725,3864.0,200.0,46168.0,0.9507874015748031,0.07723057243364247,32835.85199999588,83325.84839999977,230840.0,347001.70039999567,364532.63559999806
50091,0.42411182985064516,0.004964821386337758,3864.0,200.0,46227.0,0.9507874015748031,0.07713960591723064,32835.85199999588,83325.84839999977,231135.0,347296.70039999567,364237.63559999806
50150,0.42461137264198867,0.004956984442453326,3864.0,200.0,46286.0,0.9507874015748031,0.07704885343968096,32835.85199999588,83325.84839999977,231430.0,347591.70039999567,363942.63559999806
50209,0.4251109154333322,0.00494728066349401,3864.0,200.0,46345.0,0.9507874015748031,0.07695831424644985,32835.85199999588,83325.84839999977,231725.0,347886.70039999567,363647.63559999806
50268,0.42561045822467575,0.004939311545345291,3864.0,200.0,46404.0,0.9507874015748031,0.07686798758653617,32835.85199999588,83325.84839999977,232020.0,348181.70039999567,363352.63559999806
50327,0.42611000101601926,0.004930560552022817,3865.0,199.0,46462.0,0.9510334645669292,0.07679774276233434,32756.35199999588,83337.79839999977,232310.0,348404.1503999956,363130.1855999981
50386,0.42660954380736277,0.004922220762302865,3865.0,199.0,46521.0,0.9510334645669292,0.07670781566308102,32756.35199999588,83337.79839999977,232605.0,348699.1503999956,362835.1855999981
50445,0.4271090865987063,0.00491277409859262,3866.0,198.0,46579.0,0.9512795275590551,0.07663792248984042,31080.35199999588,83509.39839999977,232895.0,347484.75039999565,364049.58559999807
50504,0.4276086293900498,0.004904642404556056,3867.0,197.0,46637.0,0.9515255905511811,0.07656819261840646,30995.401999995927,83521.89339999977,233185.0,347702.2953999957,363832.040599998
50563,0.4281081721813933,0.004897065624745993,3867.0,197.0,46696.0,0.9515255905511811,0.07647884816961019,30995.401999995927,83521.89339999977,233480.0,347997.2953999957,363537.040599998
50622,0.4286077149727368,0.004887952429017214,3867.0,197.0,46755.0,0.9515255905511811,0.07638971198293232,30995.401999995927,83521.89339999977,233775.0,348292.2953999957,363242.040599998
50681,0.4291072577640803,0.0048789326664871934,3867.0,197.0,46814.0,0.9515255905511811,0.07630078333103135,30995.401999995927,83521.89339999977,234070.0,348587.2953999957,362947.040599998
50740,0.42960680055542383,0.004871213979690743,3869.0,195.0,46871.0,0.9520177165354331,0.07625147812376823,30884.458999995957,83540.98769999977,234355.0,348780.4466999957,362753.889299998
50799,0.43010634334676734,0.004863685054011082,3869.0,195.0,46930.0,0.9520177165354331,0.07616291659284631,30884.458999995957,83540.98769999977,234650.0,349075.4466999957,362458.889299998
50858,0.4306058861381109,0.004858635705035827,3869.0,195.0,46989.0,0.9520177165354331,0.07607456054111447,30884.458999995957,83540.98769999977,234945.0,349370.4466999957,362163.889299998
50917,0.4311054289294544,0.004852872484391522,3871.0,193.0,47046.0,0.9525098425196851,0.076025688866194,30729.958999995957,83564.43769999976,235230.0,349524.39669999573,362009.939299998
50976,0.4316049717207979,0.004845191898916168,3871.0,193.0,47105.0,0.9525098425196851,0.07593769617074701,30729.958999995957,83564.43769999976,235525.0,349819.39669999573,361714.939299998
51035,0.43210451451214144,0.004839267395041944,3871.0,193.0,47164.0,0.9525098425196851,0.07584990692661898,30729.958999995957,83564.43769999976,235820.0,350114.39669999573,361419.939299998
51094,0.43260405730348495,0.004829907638524091,3872.0,192.0,47222.0,0.952755905511811,0.07578189219869261,30646.008999996004,83576.83269999975,236110.0,350332.84169999574,361201.494299998
51153,0.43310360009482846,0.004823008852275999,3872.0,192.0,47281.0,0.952755905511811,0.07569448517193518,30646.008999996004,83576.83269999975,236405.0,350627.84169999574,360906.494299998
51212,0.43360314288617197,0.004814479219924251,3873.0,191.0,47339.0,0.953001968503937,0.07562680621729283,30513.05899999605,83594.12769999975,236695.0,350802.1866999958,360732.14929999795
51271,0.4341026856775155,0.004808722590193233,3873.0,191.0,47398.0,0.953001968503937,0.07553977882233621,30513.05899999605,83594.12769999975,236990.0,351097.1866999958,360437.14929999795
51330,0.434602228468859,0.004800924706278578,3873.0,191.0,47457.0,0.953001968503937,0.07545295149035652,30513.05899999605,83594.12769999975,237285.0,351392.1866999958,360142.14929999795
51389,0.43510177126020255,0.004791474918779522,3873.0,191.0,47516.0,0.953001968503937,0.07536632353227345,30513.05899999605,83594.12769999975,237580.0,351687.1866999958,359847.14929999795
51448,0.43560131405154606,0.00478354284058378,3873.0,191.0,47575.0,0.953001968503937,0.07527989426216762,30513.05899999605,83594.12769999975,237875.0,351982.1866999958,359552.14929999795
51507,0.4361008568428896,0.0047768103396453095,3873.0,191.0,47634.0,0.953001968503937,0.0751936629972625,30513.05899999605,83594.12769999975,238170.0,352277.1866999958,359257.14929999795
51566,0.4366003996342331,0.004768816453204622,3874.0,190.0,47692.0,0.953248031496063,0.07512702168095256,30391.411999996053,83610.29239999976,238460.0,352461.7043999958,359072.6315999979
51625,0.4370999424255766,0.004761283279139032,3875.0,189.0,47750.0,0.953494094488189,0.07506053268765134,29754.4619999961,83677.98739999975,238750.0,352182.44939999585,359351.8865999979
51684,0.4375994852169201,0.004756569044219935,3876.0,188.0,47808.0,0.9537401574803149,0.07499419549570467,29700.4619999961,83687.38739999974,239040.0,352427.8493999959,359106.48659999785
51743,0.4380990280082636,0.004745881410627658,3876.0,188.0,47867.0,0.9537401574803149,0.07490868330015654,29700.4619999961,83687.38739999974,239335.0,352722.8493999959,358811.48659999785
51802,0.4385985707996071,0.004737860564438965,3877.0,187.0,47925.0,0.953986220472441,0.07484267016717501,29639.495999996085,83697.48399999975,239625.0,352961.97999999585,358572.3559999979
51861,0.43909811359095063,0.004729439189022055,3878.0,186.0,47983.0,0.9542322834645669,0.07477680723472359,29555.54599999613,83709.87899999974,239915.0,353180.42499999586,358353.91099999787
51920,0.43959765638229414,0.00472193671564058,3878.0,186.0,48042.0,0.9542322834645669,0.07469183359013867,29555.54599999613,83709.87899999974,240210.0,353475.42499999586,358058.91099999787
51979,0.4400971991736377,0.004714216749340032,3880.0,184.0,48099.0,0.9547244094488189,0.07464552992554685,29330.595999996178,83740.37399999973,240495.0,353565.9699999959,357968.3659999978
52038,0.4405967419649812,0.004705002135120385,3881.0,183.0,48157.0,0.9549704724409449,0.07458011453168838,29258.095999996178,83751.62399999973,240785.0,353794.7199999959,357739.6159999978
52097,0.44109628475632473,0.004697355532769211,3881.0,183.0,48216.0,0.9549704724409449,0.07449565234082577,29258.095999996178,83751.62399999973,241080.0,354089.7199999959,357444.6159999978
52156,0.44159582754766824,0.004691196574235706,3881.0,183.0,48275.0,0.9549704724409449,0.07441138124089271,29258.095999996178,83751.62399999973,241375.0,354384.7199999959,357149.6159999978
52215,0.44209537033901175,0.004680620362979545,3882.0,182.0,48333.0,0.9552165354330708,0.07434645216891697,29184.095999996178,83763.02399999974,241665.0,354612.1199999959,356922.2159999978
52274,0.44259491313035526,0.004672571047241117,3883.0,181.0,48391.0,0.9554625984251969,0.07428166966369515,28839.145999996224,83801.51899999974,241955.0,354595.66499999596,356938.67099999776
52333,0.44309445592169877,0.004666313658500043,3883.0,181.0,48450.0,0.9554625984251969,0.07419792482754667,28839.145999996224,83801.51899999974,242250.0,354890.66499999596,356643.67099999776
52392,0.4435939987130423,0.004658862485413742,3883.0,181.0,48509.0,0.9554625984251969,0.07411436860589403,28839.145999996224,83801.51899999974,242545.0,355185.66499999596,356348.67099999776
52451,0.4440935415043858,0.004650209829089535,3884.0,180.0,48567.0,0.9557086614173228,0.07405006577567634,28756.19599999627,83813.81399999974,242835.0,355405.009999996,356129.32599999773
52510,0.44459308429572936,0.004640494776472415,3884.0,180.0,48626.0,0.9557086614173228,0.07396686345458008,28756.19599999627,83813.81399999974,243130.0,355700.009999996,355834.32599999773
52569,0.44509262708707287,0.004633458385473477,3884.0,180.0,48685.0,0.9557086614173228,0.07388384789514733,28756.19599999627,83813.81399999974,243425.0,355995.009999996,355539.32599999773
52628,0.4455921698784164,0.004624899927101358,3884.0,180.0,48744.0,0.9557086614173228,0.07380101846925591,28756.19599999627,83813.81399999974,243720.0,356290.009999996,355244.32599999773
52687,0.4460917126697599,0.00461510973928104,3885.0,179.0,48802.0,0.9559547244094488,0.07373735456564239,28518.19599999627,83841.61399999972,244010.0,356369.809999996,355164.52599999774
52746,0.4465912554611034,0.0046100692758462,3885.0,179.0,48861.0,0.9559547244094488,0.0736548743032647,28518.19599999627,83841.61399999972,244305.0,356664.809999996,354869.52599999774
52805,0.4470907982524469,0.004600166684522859,3886.0,178.0,48919.0,0.9562007874015748,0.07359151595492851,28434.19599999627,83854.01399999973,244595.0,356883.209999996,354651.1259999977
52864,0.4475903410437904,0.004592875480879444,3887.0,177.0,48977.0,0.9564468503937008,0.07352829903147699,28350.19599999627,83866.41399999973,244885.0,357101.609999996,354432.7259999977
52923,0.44808988383513393,0.004583757632975777,3887.0,177.0,49036.0,0.9564468503937008,0.07344632768361582,28350.19599999627,83866.41399999973,245180.0,357396.609999996,354137.7259999977
52982,0.44858942662647744,0.004574643278367155,3887.0,177.0,49095.0,0.9564468503937008,0.07336453890000377,28350.19599999627,83866.41399999973,245475.0,357691.609999996,353842.7259999977
53041,0.449088969417821,0.004567138133080355,3887.0,177.0,49154.0,0.9564468503937008,0.07328293207141645,28350.19599999627,83866.41399999973,245770.0,357986.609999996,353547.7259999977
53100,0.4495885122091645,0.004558759966259023,3887.0,177.0,49213.0,0.9564468503937008,0.0732015065913371,28350.19599999627,83866.41399999973,246065.0,358281.609999996,353252.7259999977
53159,0.450088055000508,0.004550978968061103,3887.0,177.0,49272.0,0.9564468503937008,0.07312026185594162,28350.19599999627,83866.41399999973,246360.0,358576.609999996,352957.7259999977
53218,0.45058759779185154,0.004545009642505341,3889.0,175.0,49329.0,0.9569389763779528,0.07307677853357887,28075.245999996318,83901.90899999972,246645.0,358622.15499999607,352912.18099999765
53277,0.45108714058319505,0.004536147731342963,3889.0,175.0,49388.0,0.9569389763779528,0.07299585186853615,28075.245999996318,83901.90899999972,246940.0,358917.15499999607,352617.18099999765
53336,0.45158668337453856,0.004528454734391913,3890.0,174.0,49446.0,0.9571850393700787,0.07293385330733464,28023.19499999634,83911.11409999973,247230.0,359164.30909999606,352370.02689999767
53395,0.45208622616588207,0.004519432243269425,3890.0,174.0,49505.0,0.9571850393700787,0.07285326341417736,28023.19499999634,83911.11409999973,247525.0,359459.30909999606,352075.02689999767
53454,0.4525857689572256,0.004511661006092972,3891.0,173.0,49563.0,0.9574311023622047,0.07279155909754181,27934.244999996386,83924.00909999972,247815.0,359673.2540999961,351861.0818999976
53513,0.4530853117485691,0.004504311123588034,3894.0,170.0,49619.0,0.9581692913385826,0.07276736493936053,26620.294999996433,84067.40409999971,248095.0,358782.6990999961,352751.6368999976
53572,0.4535848545399126,0.004497523717287198,3895.0,169.0,49677.0,0.9584153543307087,0.07270589113716121,26527.34499999648,84080.6990999997,248385.0,358993.0440999962,352541.2918999975
53631,0.45408439733125616,0.004489677077329429,3895.0,169.0,49736.0,0.9584153543307087,0.07262590665846246,26527.34499999648,84080.6990999997,248680.0,359288.0440999962,352246.2918999975
53690,0.4545839401225997,0.004481814309399157,3895.0,169.0,49795.0,0.9584153543307087,0.07254609796982678,26527.34499999648,84080.6990999997,248975.0,359583.0440999962,351951.2918999975
53749,0.4550834829139432,0.004474001078532354,3895.0,169.0,49854.0,0.9584153543307087,0.07246646449236264,26527.34499999648,84080.6990999997,249270.0,359878.0440999962,351656.2918999975
53808,0.4555830257052867,0.004466062736954834,3895.0,169.0,49913.0,0.9584153543307087,0.07238700564971752,26527.34499999648,84080.6990999997,249565.0,360173.0440999962,351361.2918999975
53867,0.4560825684966302,0.004458410199132931,3895.0,169.0,49972.0,0.9584153543307087,0.07230772086806393,26527.34499999648,84080.6990999997,249860.0,360468.0440999962,351066.2918999975
53926,0.4565821112879737,0.00445157786963059,3895.0,169.0,50031.0,0.9584153543307087,0.07222860957608575,26527.34499999648,84080.6990999997,250155.0,360763.0440999962,350771.2918999975
53985,0.4570816540793172,0.004443698140149882,3895.0,169.0,50090.0,0.9584153543307087,0.07214967120496434,26527.34499999648,84080.6990999997,250450.0,361058.0440999962,350476.2918999975
54044,0.45758119687066073,0.004434366164042961,3895.0,169.0,50149.0,0.9584153543307087,0.07207090518836504,26527.34499999648,84080.6990999997,250745.0,361353.0440999962,350181.2918999975
54103,0.45808073966200424,0.004427107451337726,3896.0,168.0,50207.0,0.9586614173228346,0.07201079422582851,26447.84499999648,84092.6490999997,251035.0,361575.49409999617,349958.84189999755
54162,0.4585802824533478,0.0044190795241002,3896.0,168.0,50266.0,0.9586614173228346,0.07193235109486355,26447.84499999648,84092.6490999997,251330.0,361870.49409999617,349663.84189999755
54221,0.4590798252446913,0.0044102504221981715,3896.0,168.0,50325.0,0.9586614173228346,0.07185407867800299,26447.84499999648,84092.6490999997,251625.0,362165.49409999617,349368.84189999755
54280,0.45957936803603483,0.004402003590558189,3896.0,168.0,50384.0,0.9586614173228346,0.07177597641857038,26447.84499999648,84092.6490999997,251920.0,362460.49409999617,349073.84189999755
54339,0.46007891082737834,0.0043940378087172875,3896.0,168.0,50443.0,0.9586614173228346,0.071698043762307,26447.84499999648,84092.6490999997,252215.0,362755.49409999617,348778.84189999755
54398,0.46057845361872185,0.0043868870296949235,3896.0,168.0,50502.0,0.9586614173228346,0.07162028015735873,26447.84499999648,84092.6490999997,252510.0,363050.49409999617,348483.84189999755
54457,0.46107799641006536,0.004378039002299316,3897.0,167.0,50560.0,0.9589074803149606,0.07156104816644325,26314.894999996526,84109.9440999997,252800.0,363224.83909999626,348309.49689999747
54516,0.46157753920140887,0.004370825147795739,3897.0,167.0,50619.0,0.9589074803149606,0.07148360114461809,26314.894999996526,84109.9440999997,253095.0,363519.83909999626,348014.49689999747
54575,0.4620770819927524,0.004364795127845041,3898.0,166.0,50677.0,0.9591535433070866,0.07142464498396701,26264.441999996547,84118.9893999997,253385.0,363768.4313999963,347765.90459999745
54634,0.4625766247840959,0.004361484863494667,3898.0,166.0,50736.0,0.9591535433070866,0.07134751253798001,26264.441999996547,84118.9893999997,253680.0,364063.4313999963,347470.90459999745
54693,0.4630761675754394,0.0043583639291301665,3898.0,166.0,50795.0,0.9591535433070866,0.07127054650503721,26264.441999996547,84118.9893999997,253975.0,364358.4313999963,347175.90459999745
54752,0.46357571036678297,0.0043509516108466055,3898.0,166.0,50854.0,0.9591535433070866,0.0711937463471654,26264.441999996547,84118.9893999997,254270.0,364653.4313999963,346880.90459999745
54811,0.4640752531581265,0.00434435775005997,3898.0,166.0,50913.0,0.9591535433070866,0.07111711152870774,26264.441999996547,84118.9893999997,254565.0,364948.4313999963,346585.90459999745
54870,0.46457479594947,0.0043374411921842165,3898.0,166.0,50972.0,0.9591535433070866,0.07104064151631129,26264.441999996547,84118.9893999997,254860.0,365243.4313999963,346290.90459999745
54929,0.4650743387408135,0.004328987217506332,3900.0,164.0,51029.0,0.9596456692913385,0.07100074641810337,26176.877999996534,84135.7457999997,255145.0,365457.6237999962,346076.7121999975
54988,0.465573881532157,0.00432301592639771,3900.0,164.0,51088.0,0.9596456692913385,0.07092456535971485,26176.877999996534,84135.7457999997,255440.0,365752.6237999962,345781.7121999975
55047,0.4660734243235005,0.00431689764463364,3900.0,164.0,51147.0,0.9596456692913385,0.0708485476047741,26176.877999996534,84135.7457999997,255735.0,366047.6237999962,345486.7121999975
55106,0.46657296711484403,0.0043104560233620135,3901.0,163.0,51205.0,0.9598917322834646,0.07079083947301565,26058.877999996534,84151.5457999997,256025.0,366235.42379999626,345298.91219999746
55165,0.46707250990618754,0.004303958502041716,3901.0,163.0,51264.0,0.9598917322834646,0.07071512734523702,26058.877999996534,84151.5457999997,256320.0,366530.42379999626,345003.91219999746
55224,0.46757205269753105,0.004296878511070886,3903.0,161.0,51321.0,0.9603838582677166,0.07067579313342025,25433.387999996543,84222.0947999997,256605.0,366260.4827999963,345273.85319999745
55283,0.4680715954888746,0.0042955566801267464,3903.0,161.0,51380.0,0.9603838582677166,0.07060036539261617,25433.387999996543,84222.0947999997,256900.0,366555.4827999963,344978.85319999745
55342,0.4685711382802181,0.004288398977323312,3904.0,160.0,51438.0,0.9606299212598425,0.07054316793755196,25359.387999996543,84233.49479999971,257190.0,366782.88279999624,344751.4531999975
55401,0.46907068107156163,0.004280794539586973,3904.0,160.0,51497.0,0.9606299212598425,0.070468042093103,25359.387999996543,84233.49479999971,257485.0,367077.88279999624,344456.4531999975
55460,0.46957022386290515,0.004274263392645554,3904.0,160.0,51556.0,0.9606299212598425,0.0703930760908763,25359.387999996543,84233.49479999971,257780.0,367372.88279999624,344161.4531999975
55519,0.47006976665424866,0.004266025552215664,3904.0,160.0,51615.0,0.9606299212598425,0.07031826942127921,25359.387999996543,84233.49479999971,258075.0,367667.88279999624,343866.4531999975
55578,0.47056930944559217,0.00425756558241015,3904.0,160.0,51674.0,0.9606299212598425,0.07024362157688294,25359.387999996543,84233.49479999971,258370.0,367962.88279999624,343571.4531999975
55637,0.4710688522369357,0.004249852073913135,3905.0,159.0,51732.0,0.9608759842519685,0.07018710570303935,25265.887999996543,84246.8447999997,258660.0,368172.7327999963,343361.60319999745
55696,0.4715683950282792,0.004244035039070261,3905.0,159.0,51791.0,0.9608759842519685,0.07011275495547256,25265.887999996543,84246.8447999997,258955.0,368467.7327999963,343066.60319999745
55755,0.4720679378196227,0.0042359221271771235,3905.0,159.0,51850.0,0.9608759842519685,0.07003856156398529,25265.887999996543,84246.8447999997,259250.0,368762.7327999963,342771.60319999745
55814,0.47256748061096626,0.004229630078951052,3905.0,159.0,51909.0,0.9608759842519685,0.06996452502956248,25265.887999996543,84246.8447999997,259545.0,369057.7327999963,342476.60319999745
55873,0.47306702340230977,0.004221616288603529,3905.0,159.0,51968.0,0.9608759842519685,0.06989064485529684,25265.887999996543,84246.8447999997,259840.0,369352.7327999963,342181.60319999745
55932,0.4735665661936533,0.004214792029498924,3905.0,159.0,52027.0,0.9608759842519685,0.06981692054637774,25265.887999996543,84246.8447999997,260135.0,369647.7327999963,341886.60319999745
55991,0.4740661089849968,0.0042081854134023745,3906.0,158.0,52085.0,0.9611220472440944,0.0697612116232966,25219.000999996555,84255.5334999997,260425.0,369899.5344999962,341634.8014999975
56050,0.4745656517763403,0.004200971578384462,3907.0,157.0,52143.0,0.9613681102362205,0.06970561998215878,25135.000999996555,84267.93349999971,260715.0,370117.93449999625,341416.4014999975
56109,0.4750651945676838,0.004195146969312429,3908.0,156.0,52201.0,0.9616141732283464,0.06965014525298972,25060.000999996555,84279.43349999971,261005.0,370344.43449999625,341189.9014999975
56168,0.4755647373590273,0.004187075586767157,3909.0,155.0,52259.0,0.9618602362204725,0.06959478706736932,23650.0509999966,84424.4284999997,261295.0,369369.4794999963,342164.85649999743
56227,0.47606428015037083,0.0041802429202717544,3909.0,155.0,52318.0,0.9618602362204725,0.06952176000853683,23650.0509999966,84424.4284999997,261590.0,369664.4794999963,341869.85649999743
56286,0.47656382294171434,0.004173589109210893,3909.0,155.0,52377.0,0.9618602362204725,0.06944888604626373,23650.0509999966,84424.4284999997,261885.0,369959.4794999963,341574.85649999743
56345,0.47706336573305785,0.00416715166861287,3909.0,155.0,52436.0,0.9618602362204725,0.06937616469961842,23650.0509999966,84424.4284999997,262180.0,370254.4794999963,341279.85649999743
56404,0.4775629085244014,0.004160857463727568,3909.0,155.0,52495.0,0.9618602362204725,0.06930359548968158,23650.0509999966,84424.4284999997,262475.0,370549.4794999963,340984.85649999743
56463,0.47806245131574493,0.004159959643569094,3909.0,155.0,52554.0,0.9618602362204725,0.06923117793953562,23650.0509999966,84424.4284999997,262770.0,370844.4794999963,340689.85649999743
56522,0.47856199410708844,0.004154111294277899,3909.0,155.0,52613.0,0.9618602362204725,0.06915891157425427,23650.0509999966,84424.4284999997,263065.0,371139.4794999963,340394.85649999743
56581,0.47906153689843195,0.004147549322401463,3909.0,155.0,52672.0,0.9618602362204725,0.06908679592089217,23650.0509999966,84424.4284999997,263360.0,371434.4794999963,340099.85649999743
56640,0.47956107968977546,0.0041414650541382846,3909.0,155.0,52731.0,0.9618602362204725,0.06901483050847458,23650.0509999966,84424.4284999997,263655.0,371729.4794999963,339804.85649999743
56699,0.48006062248111897,0.004132900449358339,3909.0,155.0,52790.0,0.9618602362204725,0.0689430148679871,23650.0509999966,84424.4284999997,263950.0,372024.4794999963,339509.85649999743
56758,0.4805601652724625,0.004126226126748052,3909.0,155.0,52849.0,0.9618602362204725,0.06887134853236548,23650.0509999966,84424.4284999997,264245.0,372319.4794999963,339214.85649999743
56817,0.481059708063806,0.004119437640062243,3909.0,155.0,52908.0,0.9618602362204725,0.06879983103648556,23650.0509999966,84424.4284999997,264540.0,372614.4794999963,338919.85649999743
56876,0.4815592508551495,0.00411297829928849,3909.0,155.0,52967.0,0.9618602362204725,0.06872846191715311,23650.0509999966,84424.4284999997,264835.0,372909.4794999963,338624.85649999743
56935,0.48205879364649307,0.004106110461164102,3910.0,154.0,53025.0,0.9621062992125984,0.06867480460173883,23585.0509999966,84434.9284999997,265125.0,373144.9794999963,338389.35649999743
56994,0.4825583364378366,0.004097620627212974,3910.0,154.0,53084.0,0.9621062992125984,0.06860371267150928,23585.0509999966,84434.9284999997,265420.0,373439.9794999963,338094.35649999743
57053,0.4830578792291801,0.00409017993355952,3910.0,154.0,53143.0,0.9621062992125984,0.06853276777732985,23585.0509999966,84434.9284999997,265715.0,373734.9794999963,337799.35649999743
57112,0.4835574220205236,0.004082728325946101,3910.0,154.0,53202.0,0.9621062992125984,0.0684619694635103,23585.0509999966,84434.9284999997,266010.0,374029.9794999963,337504.35649999743
57171,0.4840569648118671,0.004075298483903352,3910.0,154.0,53261.0,0.9621062992125984,0.06839131727624145,23585.0509999966,84434.9284999997,266305.0,374324.9794999963,337209.35649999743
57230,0.4845565076032106,0.0040679791608074275,3911.0,153.0,53319.0,0.9623523622047244,0.06833828411672199,23511.0509999966,84446.3284999997,266595.0,374552.3794999963,336981.9564999974
57289,0.48505605039455413,0.004061720089588649,3911.0,153.0,53378.0,0.9623523622047244,0.06826790483338861,23511.0509999966,84446.3284999997,266890.0,374847.3794999963,336686.9564999974
57348,0.48555559318589764,0.004054400427270856,3911.0,153.0,53437.0,0.9623523622047244,0.06819767036339541,23511.0509999966,84446.3284999997,267185.0,375142.3794999963,336391.9564999974
57407,0.48605513597724115,0.004047256045658734,3911.0,153.0,53496.0,0.9623523622047244,0.06812758026024701,23511.0509999966,84446.3284999997,267480.0,375437.3794999963,336096.9564999974
57466,0.48655467876858466,0.0040405656151414615,3911.0,153.0,53555.0,0.9623523622047244,0.06805763407928166,23511.0509999966,84446.3284999997,267775.0,375732.3794999963,335801.9564999974
57525,0.4870542215599282,0.004031678646756892,3912.0,152.0,53613.0,0.9625984251968503,0.0680052151238592,23436.0509999966,84457.8284999997,268065.0,375958.8794999963,335575.4564999974
57584,0.48755376435127173,0.004024562193348325,3913.0,151.0,53671.0,0.9628444881889764,0.06795290358432898,23353.100999996648,84470.1234999997,268355.0,376178.22449999634,335356.1114999974
57643,0.48805330714261524,0.004017700363844817,3913.0,151.0,53730.0,0.9628444881889764,0.06788335097062956,23353.100999996648,84470.1234999997,268650.0,376473.22449999634,335061.1114999974
57702,0.48855284993395875,0.0040107525994690545,3913.0,151.0,53789.0,0.9628444881889764,0.06781394059131399,23353.100999996648,84470.1234999997,268945.0,376768.22449999634,334766.1114999974
57761,0.48905239272530227,0.0040038367444943795,3913.0,151.0,53848.0,0.9628444881889764,0.06774467201052613,23353.100999996648,84470.1234999997,269240.0,377063.22449999634,334471.1114999974
57820,0.4895519355166458,0.00399621913567877,3913.0,151.0,53907.0,0.9628444881889764,0.06767554479418886,23353.100999996648,84470.1234999997,269535.0,377358.22449999634,334176.1114999974
57879,0.4900514783079893,0.003988677875400712,3913.0,151.0,53966.0,0.9628444881889764,0.06760655850999499,23353.100999996648,84470.1234999997,269830.0,377653.22449999634,333881.1114999974
57938,0.4905510210993328,0.003981115392637188,3913.0,151.0,54025.0,0.9628444881889764,0.06753771272739825,23353.100999996648,84470.1234999997,270125.0,377948.22449999634,333586.1114999974
57997,0.4910505638906763,0.003973557876129607,3914.0,150.0,54083.0,0.9630905511811023,0.06748624928875631,23274.100999996648,84482.02349999969,270415.0,378171.1244999963,333363.2114999974
58056,0.49155010668201987,0.003966501894602071,3914.0,150.0,54142.0,0.9630905511811023,0.06741766570208076,23274.100999996648,84482.02349999969,270710.0,378466.1244999963,333068.2114999974
58115,0.4920496494733634,0.003959842431730229,3915.0,149.0,54200.0,0.9633366141732284,0.06736642863288307,23141.150999996695,84499.31849999969,271000.0,378640.4694999964,332893.8664999973
58174,0.4925491922647069,0.003952305337694714,3916.0,148.0,54258.0,0.9635826771653543,0.06731529549283186,22901.20099999674,84527.31349999968,271290.0,378718.51449999644,332815.8214999973
58233,0.4930487350560504,0.003946176523742583,3916.0,148.0,54317.0,0.9635826771653543,0.06724709357237306,22901.20099999674,84527.31349999968,271585.0,379013.51449999644,332520.8214999973
58292,0.4935482778473939,0.003939741185713876,3916.0,148.0,54376.0,0.9635826771653543,0.06717902971248199,22901.20099999674,84527.31349999968,271880.0,379308.51449999644,332225.8214999973
58351,0.4940478206387374,0.003932212797130662,3916.0,148.0,54435.0,0.9635826771653543,0.06711110349437027,22901.20099999674,84527.31349999968,272175.0,379603.51449999644,331930.8214999973
58410,0.49454736343008093,0.003926634057370826,3917.0,147.0,54493.0,0.9638287401574803,0.06706043485704502,22851.20099999674,84536.31349999968,272465.0,379852.51449999644,331681.8214999973
58469,0.49504690622142444,0.003920175153537221,3917.0,147.0,54552.0,0.9638287401574803,0.06699276539704802,22851.20099999674,84536.31349999968,272760.0,380147.51449999644,331386.8214999973
58528,0.49554644901276795,0.003914774830456871,3918.0,146.0,54610.0,0.9640748031496063,0.0669423182066703,22767.20099999674,84548.71349999968,273050.0,380365.9144999964,331168.4214999973
58587,0.49604599180411146,0.003909749764838165,3918.0,146.0,54669.0,0.9640748031496063,0.06687490398893953,22767.20099999674,84548.71349999968,273345.0,380660.9144999964,330873.4214999973
58646,0.49654553459545503,0.0039040996496642047,3918.0,146.0,54728.0,0.9640748031496063,0.06680762541349794,22767.20099999674,84548.71349999968,273640.0,380955.9144999964,330578.4214999973
58705,0.49704507738679854,0.0038975895717727896,3920.0,144.0,54785.0,0.9645669291338582,0.06677455071970019,22406.250999996788,84592.80849999968,273925.0,380924.0594999965,330610.27649999724
58764,0.49754462017814205,0.003890854202671721,3920.0,144.0,54844.0,0.9645669291338582,0.06670750799809406,22406.250999996788,84592.80849999968,274220.0,381219.0594999965,330315.27649999724
58823,0.49804416296948556,0.0038838089870812365,3920.0,144.0,54903.0,0.9645669291338582,0.06664059976539789,22406.250999996788,84592.80849999968,274515.0,381514.0594999965,330020.27649999724
58882,0.49854370576082907,0.003877125940990278,3920.0,144.0,54962.0,0.9645669291338582,0.06657382561733637,22406.250999996788,84592.80849999968,274810.0,381809.0594999965,329725.27649999724
58941,0.4990432485521726,0.0038698387334161265,3920.0,144.0,55021.0,0.9645669291338582,0.06650718515125295,22406.250999996788,84592.80849999968,275105.0,382104.0594999965,329430.27649999724
59000,0.4995427913435161,0.0038626185862883256,3920.0,144.0,55080.0,0.9645669291338582,0.06644067796610169,22406.250999996788,84592.80849999968,275400.0,382399.0594999965,329135.27649999724
59059,0.5000423341348597,0.003856993118002551,3921.0,143.0,55138.0,0.9648129921259843,0.0663912358827613,20876.780999996816,84749.75549999968,275690.0,381316.5364999965,330217.7994999972
59118,0.5005418769262031,0.0038518955735717016,3921.0,143.0,55197.0,0.9648129921259843,0.06632497716431544,20876.780999996816,84749.75549999968,275985.0,381611.5364999965,329922.7994999972
59177,0.5010414197175467,0.0038451499708259166,3922.0,142.0,55255.0,0.9650590551181102,0.0662757490241141,20827.127999996766,84758.72079999968,276275.0,381860.8487999964,329673.4871999973
59236,0.5015409625088901,0.0038383527025989896,3922.0,142.0,55314.0,0.9650590551181102,0.06620973732189885,20827.127999996766,84758.72079999968,276570.0,382155.8487999964,329378.4871999973
59295,0.5020405053002337,0.003831439860242684,3922.0,142.0,55373.0,0.9650590551181102,0.06614385698625516,20827.127999996766,84758.72079999968,276865.0,382450.8487999964,329083.4871999973
59354,0.5025400480915772,0.0038254118906402676,3922.0,142.0,55432.0,0.9650590551181102,0.06607810762543384,20827.127999996766,84758.72079999968,277160.0,382745.8487999964,328788.4871999973
59413,0.5030395908829207,0.00381820657009994,3922.0,142.0,55491.0,0.9650590551181102,0.06601248884924175,20827.127999996766,84758.72079999968,277455.0,383040.8487999964,328493.4871999973
59472,0.5035391336742643,0.0038127495534327096,3923.0,141.0,55549.0,0.9653051181102362,0.06596381490449287,19399.27799999679,84905.50579999968,277745.0,382049.7837999965,329484.55219999724
59531,0.5040386764656077,0.003806675897731857,3923.0,141.0,55608.0,0.9653051181102362,0.0658984394685122,19399.27799999679,84905.50579999968,278040.0,382344.7837999965,329189.55219999724
59590,0.5045382192569513,0.003801069886888305,3923.0,141.0,55667.0,0.9653051181102362,0.06583319348884041,19399.27799999679,84905.50579999968,278335.0,382639.7837999965,328894.55219999724
59649,0.5050377620482948,0.003795453672466398,3923.0,141.0,55726.0,0.9653051181102362,0.06576807658133414,19399.27799999679,84905.50579999968,278630.0,382934.7837999965,328599.55219999724
59708,0.5055373048396383,0.0037892174194062937,3923.0,141.0,55785.0,0.9653051181102362,0.0657030883633684,19399.27799999679,84905.50579999968,278925.0,383229.7837999965,328304.55219999724
59767,0.5060368476309818,0.003782525989967481,3923.0,141.0,55844.0,0.9653051181102362,0.06563822845382904,19399.27799999679,84905.50579999968,279220.0,383524.7837999965,328009.55219999724
59826,0.5065363904223253,0.003775639182117146,3923.0,141.0,55903.0,0.9653051181102362,0.06557349647310534,19399.27799999679,84905.50579999968,279515.0,383819.7837999965,327714.55219999724
59885,0.5070359332136688,0.00376953972862324,3923.0,141.0,55962.0,0.9653051181102362,0.06550889204308258,19399.27799999679,84905.50579999968,279810.0,384114.7837999965,327419.55219999724
59944,0.5075354760050124,0.0037627449608392057,3923.0,141.0,56021.0,0.9653051181102362,0.06544441478713466,19399.27799999679,84905.50579999968,280105.0,384409.7837999965,327124.55219999724
60003,0.5080350187963559,0.0037559916546567925,3923.0,141.0,56080.0,0.9653051181102362,0.06538006433011682,19399.27799999679,84905.50579999968,280400.0,384704.7837999965,326829.55219999724
60062,0.5085345615876994,0.0037507336189228284,3923.0,141.0,56139.0,0.9653051181102362,0.06531584029835837,19399.27799999679,84905.50579999968,280695.0,384999.7837999965,326534.55219999724
60121,0.509034104379043,0.003745112452216586,3925.0,139.0,56196.0,0.9657972440944882,0.06528500856605846,19245.77799999679,84928.85579999968,280980.0,385154.63379999646,326379.70219999726
60180,0.5095336471703864,0.003739182840887853,3925.0,139.0,56255.0,0.9657972440944882,0.06522100365569956,19245.77799999679,84928.85579999968,281275.0,385449.63379999646,326084.70219999726
60239,0.51003318996173,0.003732097890634049,3925.0,139.0,56314.0,0.9657972440944882,0.06515712412224639,19245.77799999679,84928.85579999968,281570.0,385744.63379999646,325789.70219999726
60298,0.5105327327530734,0.003725262638822026,3926.0,138.0,56372.0,0.9660433070866141,0.06510995389565159,19077.77799999679,84949.65579999967,281860.0,385887.43379999645,325646.9021999973
60357,0.511032275544417,0.003718904190586349,3926.0,138.0,56431.0,0.9660433070866141,0.06504630780191195,19077.77799999679,84949.65579999967,282155.0,386182.43379999645,325351.9021999973
60416,0.5115318183357604,0.003712143204886822,3928.0,136.0,56488.0,0.9665354330708661,0.06501588983050847,18929.827999996836,84972.45079999967,282440.0,386342.2787999965,325192.05719999725
60475,0.512031361127104,0.0037058408255993816,3929.0,135.0,56546.0,0.9667814960629921,0.06496899545266639,18694.877999996883,84999.94579999967,282730.0,386424.8237999965,325109.5121999972
60534,0.5125309039184476,0.003699919575380428,3929.0,135.0,56605.0,0.9667814960629921,0.06490567284501272,18694.877999996883,84999.94579999967,283025.0,386719.8237999965,324814.5121999972
60593,0.513030446709791,0.0036944514359882265,3929.0,135.0,56664.0,0.9667814960629921,0.06484247355305069,18694.877999996883,84999.94579999967,283320.0,387014.8237999965,324519.5121999972
60652,0.5135299895011346,0.00368826305524783,3929.0,135.0,56723.0,0.9667814960629921,0.06477939721690958,18694.877999996883,84999.94579999967,283615.0,387309.8237999965,324224.5121999972
60711,0.514029532292478,0.0036797321679685868,3931.0,133.0,56780.0,0.9672736220472441,0.06474938643738368,18517.86899999692,85025.64669999966,283900.0,387443.5156999966,324090.8202999971
60770,0.5145290750838216,0.0036727959796900565,3931.0,133.0,56839.0,0.9672736220472441,0.06468652295540563,18517.86899999692,85025.64669999966,284195.0,387738.5156999966,323795.8202999971
60829,0.5150286178751651,0.0036678245313088377,3932.0,132.0,56897.0,0.96751968503937,0.06464022094724556,18415.86899999692,85039.84669999966,284485.0,387940.71569999657,323593.62029999716
60888,0.5155281606665086,0.00366363124053097,3933.0,131.0,56955.0,0.9677657480314961,0.06459400867165944,18332.86899999692,85052.14669999966,284775.0,388160.0156999966,323374.3202999971
60947,0.5160277034578521,0.00365781603182864,3934.0,130.0,57013.0,0.968011811023622,0.06454788586804928,18096.918999996968,85079.74169999966,285065.0,388241.66069999663,323292.6752999971
61006,0.5165272462491957,0.0036522297189239415,3934.0,130.0,57072.0,0.968011811023622,0.06448546044651346,18096.918999996968,85079.74169999966,285360.0,388536.66069999663,322997.6752999971
61065,0.5170267890405391,0.003645363997975058,3934.0,130.0,57131.0,0.968011811023622,0.06442315565381151,18096.918999996968,85079.74169999966,285655.0,388831.66069999663,322702.6752999971
61124,0.5175263318318827,0.0036396845434511355,3934.0,130.0,57190.0,0.968011811023622,0.06436097114063216,18096.918999996968,85079.74169999966,285950.0,389126.66069999663,322407.6752999971
61183,0.5180258746232262,0.003633832971614749,3934.0,130.0,57249.0,0.968011811023622,0.06429890655901149,18096.918999996968,85079.74169999966,286245.0,389421.66069999663,322112.6752999971
61242,0.5185254174145697,0.003628179718272851,3934.0,130.0,57308.0,0.968011811023622,0.06423696156232651,18096.918999996968,85079.74169999966,286540.0,389716.66069999663,321817.6752999971
61301,0.5190249602059133,0.0036216410076021703,3934.0,130.0,57367.0,0.968011811023622,0.06417513580528866,18096.918999996968,85079.74169999966,286835.0,390011.66069999663,321522.6752999971
61360,0.5195245029972567,0.003615514675547813,3935.0,129.0,57425.0,0.968257874015748,0.0641297262059974,18012.918999996968,85092.14169999966,287125.0,390230.06069999665,321304.27529999707
61419,0.5200240457886003,0.0036104873651163767,3935.0,129.0,57484.0,0.968257874015748,0.06406812224230288,18012.918999996968,85092.14169999966,287420.0,390525.06069999665,321009.27529999707
61478,0.5205235885799437,0.003604333529974532,3935.0,129.0,57543.0,0.968257874015748,0.06400663652038127,18012.918999996968,85092.14169999966,287715.0,390820.06069999665,320714.27529999707
61537,0.5210231313712873,0.0035972400633741113,3936.0,128.0,57601.0,0.968503937007874,0.06396151908607829,17928.918999996968,85104.54169999967,288005.0,391038.4606999966,320495.8752999971
61596,0.5215226741626308,0.0035916271399938937,3936.0,128.0,57660.0,0.968503937007874,0.06390025326319891,17928.918999996968,85104.54169999967,288300.0,391333.4606999966,320200.8752999971
61655,0.5220222169539743,0.0035861535235709925,3936.0,128.0,57719.0,0.968503937007874,0.06383910469548293,17928.918999996968,85104.54169999967,288595.0,391628.4606999966,319905.8752999971
61714,0.5225217597453179,0.003581156734957662,3937.0,127.0,57777.0,0.96875,0.06379427682535567,17850.968999997014,85116.33669999965,288885.0,391852.30569999665,319682.0302999971
61773,0.5230213025366613,0.003575423205251518,3937.0,127.0,57836.0,0.96875,0.0637333462839752,17850.968999997014,85116.33669999965,289180.0,392147.30569999665,319387.0302999971
61832,0.5235208453280049,0.0035693606899514195,3937.0,127.0,57895.0,0.96875,0.06367253202225386,17850.968999997014,85116.33669999965,289475.0,392442.30569999665,319092.0302999971
61891,0.5240203881193484,0.0035633680492030925,3939.0,125.0,57952.0,0.969242125984252,0.06364414858380055,17584.01899999706,85151.03169999966,289760.0,392495.0506999967,319039.285299997
61950,0.5245199309106919,0.003556365234479429,3939.0,125.0,58011.0,0.969242125984252,0.06358353510895884,17584.01899999706,85151.03169999966,290055.0,392790.0506999967,318744.285299997
62009,0.5250194737020354,0.0035503794381909373,3939.0,125.0,58070.0,0.969242125984252,0.06352303697850312,17584.01899999706,85151.03169999966,290350.0,393085.0506999967,318449.285299997
62068,0.525519016493379,0.0035448437262542,3939.0,125.0,58129.0,0.969242125984252,0.06346265386350454,17584.01899999706,85151.03169999966,290645.0,393380.0506999967,318154.285299997
62127,0.5260185592847224,0.0035383420295322337,3939.0,125.0,58188.0,0.969242125984252,0.06340238543628374,17584.01899999706,85151.03169999966,290940.0,393675.0506999967,317859.285299997
62186,0.526518102076066,0.003534992840827166,3939.0,125.0,58247.0,0.969242125984252,0.06334223137040491,17584.01899999706,85151.03169999966,291235.0,393970.0506999967,317564.285299997
62245,0.5270176448674095,0.0035286067236462515,3939.0,125.0,58306.0,0.969242125984252,0.06328219134066994,17584.01899999706,85151.03169999966,291530.0,394265.0506999967,317269.285299997
62304,0.527517187658753,0.0035241046160392297,3940.0,124.0,58364.0,0.969488188976378,0.06323831535695942,17555.083999997005,85157.92519999966,291820.0,394533.00919999665,317001.32679999707
62363,0.5280167304500966,0.0035182462460440944,3940.0,124.0,58423.0,0.969488188976378,0.06317848724403893,17555.083999997005,85157.92519999966,292115.0,394828.00919999665,316706.32679999707
62422,0.52851627324144,0.00351280921813851,3940.0,124.0,58482.0,0.969488188976378,0.06311877222774022,17555.083999997005,85157.92519999966,292410.0,395123.00919999665,316411.32679999707
62481,0.5290158160327836,0.003506711554867394,3940.0,124.0,58541.0,0.969488188976378,0.06305916998767626,17555.083999997005,85157.92519999966,292705.0,395418.00919999665,316116.32679999707
62540,0.529515358824127,0.003501780269280122,3940.0,124.0,58600.0,0.969488188976378,0.062999680204669,17555.083999997005,85157.92519999966,293000.0,395713.00919999665,315821.32679999707
62599,0.5300149016154706,0.0034956793002361027,3940.0,124.0,58659.0,0.969488188976378,0.06294030256074379,17555.083999997005,85157.92519999966,293295.0,396008.00919999665,315526.32679999707
62658,0.5305144444068141,0.0034890171080951115,3941.0,123.0,58717.0,0.9697342519685039,0.0628969963931182,17482.37599999702,85169.19599999966,293585.0,396236.57199999667,315297.76399999706
62717,0.5310139871981576,0.003481054918601824,3941.0,123.0,58776.0,0.9697342519685039,0.06283782706443229,17482.37599999702,85169.19599999966,293880.0,396531.57199999667,315002.76399999706
62776,0.5315135299895012,0.0034740905014729547,3942.0,122.0,58834.0,0.96998031496063,0.06279469861093412,17437.37599999702,85177.69599999966,294170.0,396785.07199999667,314749.26399999706
62835,0.5320130727808446,0.003467632897792266,3942.0,122.0,58893.0,0.96998031496063,0.06273573645261399,17437.37599999702,85177.69599999966,294465.0,397080.07199999667,314454.26399999706
62894,0.5325126155721882,0.0034611759290105204,3942.0,122.0,58952.0,0.96998031496063,0.0626768849174802,17437.37599999702,85177.69599999966,294760.0,397375.07199999667,314159.26399999706
62953,0.5330121583635317,0.003455399486109952,3943.0,121.0,59010.0,0.9702263779527559,0.06263402856098994,17162.37599999702,85209.19599999966,295050.0,397421.57199999667,314112.76399999706
63012,0.5335117011548752,0.003450161495895795,3943.0,121.0,59069.0,0.9702263779527559,0.06257538246683171,17162.37599999702,85209.19599999966,295345.0,397716.57199999667,313817.76399999706
63071,0.5340112439462187,0.003444798860457321,3944.0,120.0,59127.0,0.9704724409448819,0.06253270124145804,17088.191999997012,85220.61439999966,295635.0,397943.8063999967,313590.52959999704
63130,0.5345107867375622,0.0034394861414669175,3945.0,119.0,59185.0,0.9707185039370079,0.062490099794075715,16923.24199999706,85241.10939999965,295925.0,398089.3513999967,313444.984599997
63189,0.5350103295289057,0.0034337507949782813,3945.0,119.0,59244.0,0.9707185039370079,0.06243175236196173,16923.24199999706,85241.10939999965,296220.0,398384.3513999967,313149.984599997
63248,0.5355098723202493,0.0034272221200811375,3945.0,119.0,59303.0,0.9707185039370079,0.062373513786997216,16923.24199999706,85241.10939999965,296515.0,398679.3513999967,312854.984599997
63307,0.5360094151115927,0.003421366699219681,3946.0,118.0,59361.0,0.9709645669291339,0.06233117980634053,16821.24199999706,85255.30939999965,296805.0,398881.55139999674,312652.784599997
63366,0.5365089579029363,0.003415534876630787,3946.0,118.0,59420.0,0.9709645669291339,0.06227314332607392,16821.24199999706,85255.30939999965,297100.0,399176.55139999674,312357.784599997
63425,0.5370085006942799,0.0034105664134150156,3946.0,118.0,59479.0,0.9709645669291339,0.06221521482065431,16821.24199999706,85255.30939999965,297395.0,399471.55139999674,312062.784599997
63484,0.5375080434856233,0.0034048576976220663,3946.0,118.0,59538.0,0.9709645669291339,0.06215739398903661,16821.24199999706,85255.30939999965,297690.0,399766.55139999674,311767.784599997
63543,0.5380075862769669,0.0033981577384556826,3946.0,118.0,59597.0,0.9709645669291339,0.06209968053129377,16821.24199999706,85255.30939999965,297985.0,400061.55139999674,311472.784599997
63602,0.5385071290683103,0.0033925506526696517,3946.0,118.0,59656.0,0.9709645669291339,0.06204207414861168,16821.24199999706,85255.30939999965,298280.0,400356.55139999674,311177.784599997
63661,0.5390066718596539,0.0033877331822233037,3946.0,118.0,59715.0,0.9709645669291339,0.06198457454328396,16821.24199999706,85255.30939999965,298575.0,400651.55139999674,310882.784599997
63720,0.5395062146509974,0.0033818130541868404,3946.0,118.0,59774.0,0.9709645669291339,0.061927181418706845,16821.24199999706,85255.30939999965,298870.0,400946.55139999674,310587.784599997
63779,0.5400057574423409,0.003376092587507192,3946.0,118.0,59833.0,0.9709645669291339,0.06186989447937409,16821.24199999706,85255.30939999965,299165.0,401241.55139999674,310292.784599997
63838,0.5405053002336844,0.0033712215415996577,3946.0,118.0,59892.0,0.9709645669291339,0.06181271343087189,16821.24199999706,85255.30939999965,299460.0,401536.55139999674,309997.784599997
63897,0.5410048430250279,0.0033655330245683356,3946.0,118.0,59951.0,0.9709645669291339,0.06175563797987386,16821.24199999706,85255.30939999965,299755.0,401831.55139999674,309702.784599997
63956,0.5415043858163715,0.0033591673578855417,3946.0,118.0,60010.0,0.9709645669291339,0.06169866783413597,16821.24199999706,85255.30939999965,300050.0,402126.55139999674,309407.784599997
64015,0.542003928607715,0.003353578431658461,3947.0,117.0,60068.0,0.9712106299212598,0.06165742404124033,16696.24199999706,85271.80939999965,300340.0,402308.05139999674,309226.284599997
64074,0.5425034713990585,0.00334943357102742,3947.0,117.0,60127.0,0.9712106299212598,0.06160064924930549,16696.24199999706,85271.80939999965,300635.0,402603.05139999674,308931.284599997
64133,0.543003014190402,0.003343348126143495,3948.0,116.0,60185.0,0.9714566929133859,0.061559571515444465,16563.291999997105,85289.10439999965,300925.0,402777.39639999677,308756.93959999696
64192,0.5435025569817455,0.0033379337208800947,3948.0,116.0,60244.0,0.9714566929133859,0.061502991026919245,16563.291999997105,85289.10439999965,301220.0,403072.39639999677,308461.93959999696
64251,0.544002099773089,0.0033310377198787046,3948.0,116.0,60303.0,0.9714566929133859,0.06144651445113695,16563.291999997105,85289.10439999965,301515.0,403367.39639999677,308166.93959999696
64310,0.5445016425644326,0.0033252486802670556,3948.0,116.0,60362.0,0.9714566929133859,0.061390141502099205,16563.291999997105,85289.10439999965,301810.0,403662.39639999677,307871.93959999696
64369,0.545001185355776,0.0033203460501562195,3949.0,115.0,60420.0,0.9717027559055118,0.061349407323401016,16148.291999997105,85334.60439999965,302100.0,403582.89639999677,307951.43959999696
64428,0.5455007281471196,0.003316409483341836,3949.0,115.0,60479.0,0.9717027559055118,0.06129322654746384,16148.291999997105,85334.60439999965,302395.0,403877.89639999677,307656.43959999696
64487,0.5460002709384632,0.0033115349225961515,3949.0,115.0,60538.0,0.9717027559055118,0.06123714857258052,16148.291999997105,85334.60439999965,302690.0,404172.89639999677,307361.43959999696
64546,0.5464998137298066,0.0033050594710425435,3949.0,115.0,60597.0,0.9717027559055118,0.0611811731168469,16148.291999997105,85334.60439999965,302985.0,404467.89639999677,307066.43959999696
64605,0.5469993565211502,0.003298840940444997,3949.0,115.0,60656.0,0.9717027559055118,0.06112529989938859,16148.291999997105,85334.60439999965,303280.0,404762.89639999677,306771.43959999696
64664,0.5474988993124936,0.0032940045842074234,3949.0,115.0,60715.0,0.9717027559055118,0.0610695286403563,16148.291999997105,85334.60439999965,303575.0,405057.89639999677,306476.43959999696
64723,0.5479984421038372,0.003288025743213525,3949.0,115.0,60774.0,0.9717027559055118,0.061013859060921154,16148.291999997105,85334.60439999965,303870.0,405352.89639999677,306181.43959999696
64782,0.5484979848951806,0.003281624229609634,3949.0,115.0,60833.0,0.9717027559055118,0.060958290883270046,16148.291999997105,85334.60439999965,304165.0,405647.89639999677,305886.43959999696
64841,0.5489975276865242,0.003275813038636897,3950.0,114.0,60891.0,0.9719488188976378,0.06091824617140389,16069.291999997105,85346.50439999964,304455.0,405870.79639999673,305663.539599997
64900,0.5494970704778677,0.003270902295606806,3950.0,114.0,60950.0,0.9719488188976378,0.06086286594761171,16069.291999997105,85346.50439999964,304750.0,406165.79639999673,305368.539599997
64959,0.5499966132692112,0.0032659258518414882,3952.0,112.0,61007.0,0.9724409448818898,0.06083837497498422,15900.391999997199,85371.39439999964,305035.0,406306.78639999684,305227.5495999969
65018,0.5504961560605548,0.003261348452991005,3952.0,112.0,61066.0,0.9724409448818898,0.06078316773816481,15900.391999997199,85371.39439999964,305330.0,406601.78639999684,304932.5495999969
65077,0.5509956988518983,0.0032573675172157825,3952.0,112.0,61125.0,0.9724409448818898,0.06072806060512931,15900.391999997199,85371.39439999964,305625.0,406896.78639999684,304637.5495999969
65136,0.5514952416432418,0.0032528362361396233,3952.0,112.0,61184.0,0.9724409448818898,0.06067305330385655,15900.391999997199,85371.39439999964,305920.0,407191.78639999684,304342.5495999969
65195,0.5519947844345853,0.003247839499959032,3952.0,112.0,61243.0,0.9724409448818898,0.06061814556331007,15900.391999997199,85371.39439999964,306215.0,407486.78639999684,304047.5495999969
65254,0.5524943272259288,0.003243331158317783,3952.0,112.0,61302.0,0.9724409448818898,0.06056333711343366,15900.391999997199,85371.39439999964,306510.0,407781.78639999684,303752.5495999969
65313,0.5529938700172723,0.0032385226752979167,3953.0,111.0,61360.0,0.9726870078740157,0.06052393857271906,15830.391999997199,85382.39439999964,306800.0,408012.78639999684,303521.5495999969
65372,0.5534934128086159,0.003231762735646515,3953.0,111.0,61419.0,0.9726870078740157,0.06046931407942238,15830.391999997199,85382.39439999964,307095.0,408307.78639999684,303226.5495999969
65431,0.5539929555999593,0.0032257651346974717,3954.0,110.0,61477.0,0.9729330708661418,0.06043007137289664,15760.891999997199,85393.34439999964,307385.0,408539.23639999685,302995.0995999969
65490,0.5544924983913029,0.003220397008283667,3954.0,110.0,61536.0,0.9729330708661418,0.06037562986715529,15760.891999997199,85393.34439999964,307680.0,408834.23639999685,302700.0995999969
65549,0.5549920411826464,0.0032151867293502925,3954.0,110.0,61595.0,0.9729330708661418,0.06032128636592473,15760.891999997199,85393.34439999964,307975.0,409129.23639999685,302405.0995999969
65608,0.5554915839739899,0.003209958098369513,3954.0,110.0,61654.0,0.9729330708661418,0.06026704060480429,15760.891999997199,85393.34439999964,308270.0,409424.23639999685,302110.0995999969
65667,0.5559911267653335,0.003204526296505884,3954.0,110.0,61713.0,0.9729330708661418,0.060212892320343554,15760.891999997199,85393.34439999964,308565.0,409719.23639999685,301815.0995999969
65726,0.5564906695566769,0.0031984800963209183,3954.0,110.0,61772.0,0.9729330708661418,0.060158841250038037,15760.891999997199,85393.34439999964,308860.0,410014.23639999685,301520.0995999969
65785,0.5569902123480205,0.003194058265479262,3954.0,110.0,61831.0,0.9729330708661418,0.060104887132325,15760.891999997199,85393.34439999964,309155.0,410309.23639999685,301225.0995999969
65844,0.5574897551393639,0.0031893269856959985,3954.0,110.0,61890.0,0.9729330708661418,0.06005102970657919,15760.891999997199,85393.34439999964,309450.0,410604.23639999685,300930.0995999969
65903,0.5579892979307075,0.003183949184465039,3954.0,110.0,61949.0,0.9729330708661418,0.05999726871310866,15760.891999997199,85393.34439999964,309745.0,410899.23639999685,300635.0995999969
65962,0.558488840722051,0.0031800376443530047,3954.0,110.0,62008.0,0.9729330708661418,0.0599436038931506,15760.891999997199,85393.34439999964,310040.0,411194.23639999685,300340.0995999969
66021,0.5589883835133945,0.003175283015066164,3955.0,109.0,62066.0,0.9731791338582677,0.0599051816846155,15618.891999997199,85411.54439999964,310330.0,411360.43639999686,300173.89959999686
66080,0.559487926304738,0.003171327663244972,3955.0,109.0,62125.0,0.9731791338582677,0.05985169491525424,15618.891999997199,85411.54439999964,310625.0,411655.43639999686,299878.89959999686
66139,0.5599874690960815,0.003165479189916077,3956.0,108.0,62183.0,0.9734251968503937,0.05981342324498405,15555.773999997182,85421.85619999965,310915.0,411892.6301999968,299641.7057999969
66198,0.5604870118874251,0.0031603295323278453,3956.0,108.0,62242.0,0.9734251968503937,0.05976011359859815,15555.773999997182,85421.85619999965,311210.0,412187.6301999968,299346.7057999969
66257,0.5609865546787686,0.0031551238303528547,3956.0,108.0,62301.0,0.9734251968503937,0.059706898893701794,15555.773999997182,85421.85619999965,311505.0,412482.6301999968,299051.7057999969
66316,0.5614860974701121,0.0031505679817376694,3956.0,108.0,62360.0,0.9734251968503937,0.05965377887689245,15555.773999997182,85421.85619999965,311800.0,412777.6301999968,298756.7057999969
66375,0.5619856402614556,0.0031449551883544562,3957.0,107.0,62418.0,0.9736712598425197,0.05961581920903955,15471.823999997228,85434.25119999963,312090.0,412996.0751999969,298538.26079999685
66434,0.5624851830527992,0.0031406689146862995,3958.0,106.0,62476.0,0.9739173228346457,0.059577926965108226,15338.873999997275,85451.54619999963,312380.0,413170.4201999969,298363.9157999968
66493,0.5629847258441426,0.0031346966653315335,3958.0,106.0,62535.0,0.9739173228346457,0.05952506278856421,15338.873999997275,85451.54619999963,312675.0,413465.4201999969,298068.9157999968
66552,0.5634842686354862,0.0031298619071191925,3958.0,106.0,62594.0,0.9739173228346457,0.05947229234282967,15338.873999997275,85451.54619999963,312970.0,413760.4201999969,297773.9157999968
66611,0.5639838114268296,0.0031243485681997805,3958.0,106.0,62653.0,0.9739173228346457,0.059419615378841335,15338.873999997275,85451.54619999963,313265.0,414055.4201999969,297478.9157999968
66670,0.5644833542181732,0.0031188015239100443,3958.0,106.0,62712.0,0.9739173228346457,0.05936703164841758,15338.873999997275,85451.54619999963,313560.0,414350.4201999969,297183.9157999968
66729,0.5649828970095168,0.003113913652914755,3958.0,106.0,62771.0,0.9739173228346457,0.059314540904254524,15338.873999997275,85451.54619999963,313855.0,414645.4201999969,296888.9157999968
66788,0.5654824398008602,0.003109959056574926,3958.0,106.0,62830.0,0.9739173228346457,0.05926214289992214,15338.873999997275,85451.54619999963,314150.0,414940.4201999969,296593.9157999968
66847,0.5659819825922038,0.0031048025277320562,3958.0,106.0,62889.0,0.9739173228346457,0.05920983738986043,15338.873999997275,85451.54619999963,314445.0,415235.4201999969,296298.9157999968
66906,0.5664815253835472,0.003100788578211477,3959.0,105.0,62947.0,0.9741633858267716,0.0591725704720055,15244.923999997322,85464.94119999962,314735.0,415444.865199997,296089.47079999675
66965,0.5669810681748908,0.00309504321222715,3959.0,105.0,63006.0,0.9741633858267716,0.05912043604868215,15244.923999997322,85464.94119999962,315030.0,415739.865199997,295794.47079999675
67024,0.5674806109662343,0.0030896353955412203,3959.0,105.0,63065.0,0.9741633858267716,0.05906839341131535,15244.923999997322,85464.94119999962,315325.0,416034.865199997,295499.47079999675
67083,0.5679801537575778,0.0030857769157736866,3959.0,105.0,63124.0,0.9741633858267716,0.0590164423177258,15244.923999997322,85464.94119999962,315620.0,416329.865199997,295204.47079999675
67142,0.5684796965489213,0.0030802557392380614,3959.0,105.0,63183.0,0.9741633858267716,0.05896458252658544,15244.923999997322,85464.94119999962,315915.0,416624.865199997,294909.47079999675
67201,0.5689792393402648,0.0030745997070298053,3960.0,104.0,63241.0,0.9744094488188977,0.05892769452835523,15183.973999997368,85475.03619999962,316205.0,416864.010199997,294670.32579999673
67260,0.5694787821316084,0.00306823928241955,3960.0,104.0,63300.0,0.9744094488188977,0.058876003568242644,15183.973999997368,85475.03619999962,316500.0,417159.010199997,294375.32579999673
67319,0.5699783249229519,0.0030624733243365316,3960.0,104.0,63359.0,0.9744094488188977,0.05882440321454567,15183.973999997368,85475.03619999962,316795.0,417454.010199997,294080.32579999673
67378,0.5704778677142954,0.0030575627859496107,3961.0,103.0,63417.0,0.9746555118110236,0.058787734868948324,15051.023999997415,85492.33119999962,317085.0,417628.355199997,293905.9807999967
67437,0.5709774105056389,0.003053276090890715,3962.0,102.0,63475.0,0.9749015748031497,0.05875113068493557,14918.073999997461,85509.6261999996,317375.0,417802.70019999705,293731.6357999967
67496,0.5714769532969824,0.0030486612572010597,3962.0,102.0,63534.0,0.9749015748031497,0.05869977480146972,14918.073999997461,85509.6261999996,317670.0,418097.70019999705,293436.6357999967
67555,0.5719764960883259,0.0030437591092117786,3962.0,102.0,63593.0,0.9749015748031497,0.058648508622603804,14918.073999997461,85509.6261999996,317965.0,418392.70019999705,293141.6357999967
67614,0.5724760388796695,0.003037762140583378,3962.0,102.0,63652.0,0.9749015748031497,0.058597331913509035,14918.073999997461,85509.6261999996,318260.0,418687.70019999705,292846.6357999967
67673,0.5729755816710129,0.003033275055182873,3963.0,101.0,63710.0,0.9751476377952756,0.05856102138223516,14844.123999997508,85521.02119999961,318550.0,418915.1451999971,292619.1907999966
67732,0.5734751244623565,0.0030283802398348215,3964.0,100.0,63768.0,0.9753937007874016,0.05852477410972657,14741.173999997554,85535.31619999961,318840.0,419116.49019999715,292417.8457999966
67791,0.5739746672537,0.003024222503470795,3964.0,100.0,63827.0,0.9753937007874016,0.05847383871015326,14741.173999997554,85535.31619999961,319135.0,419411.49019999715,292122.8457999966
67850,0.5744742100450435,0.0030202944497153914,3964.0,100.0,63886.0,0.9753937007874016,0.058422991893883565,14741.173999997554,85535.31619999961,319430.0,419706.49019999715,291827.8457999966
67909,0.5749737528363871,0.0030158409281700787,3966.0,98.0,63943.0,0.9758858267716536,0.05840168460734218,14533.223999997601,85564.11119999959,319715.0,419812.3351999972,291722.00079999655
67968,0.5754732956277305,0.0030111606671627492,3966.0,98.0,64002.0,0.9758858267716536,0.058350988700564974,14533.223999997601,85564.11119999959,320010.0,420107.3351999972,291427.00079999655
68027,0.5759728384190741,0.0030074936473305845,3966.0,98.0,64061.0,0.9758858267716536,0.05830038073118027,14533.223999997601,85564.11119999959,320305.0,420402.3351999972,291132.00079999655
68086,0.5764723812104176,0.0030023570357630824,3966.0,98.0,64120.0,0.9758858267716536,0.058249860470581324,14533.223999997601,85564.11119999959,320600.0,420697.3351999972,290837.00079999655
68145,0.5769719240017611,0.002997637727297506,3966.0,98.0,64179.0,0.9758858267716536,0.05819942769095311,14533.223999997601,85564.11119999959,320895.0,420992.3351999972,290542.00079999655
68204,0.5774714667931046,0.002993154285410704,3966.0,98.0,64238.0,0.9758858267716536,0.0581490821652689,14533.223999997601,85564.11119999959,321190.0,421287.3351999972,290247.00079999655
68263,0.5779710095844481,0.0029880497492914297,3968.0,96.0,64295.0,0.9763779527559056,0.05812812211593396,14346.723999997601,85590.7611999996,321475.0,421412.4851999972,290121.8507999965
68322,0.5784705523757917,0.0029840695197440492,3968.0,96.0,64354.0,0.9763779527559056,0.058077925119288075,14346.723999997601,85590.7611999996,321770.0,421707.4851999972,289826.8507999965
68381,0.5789700951671352,0.0029789260513508786,3969.0,95.0,64412.0,0.9766240157480315,0.05804243868910955,14288.753999997629,85600.55819999959,322060.0,421949.31219999725,289585.0237999965
68440,0.5794696379584787,0.0029743719339319417,3969.0,95.0,64471.0,0.9766240157480315,0.05799240210403273,14288.753999997629,85600.55819999959,322355.0,422244.31219999725,289290.0237999965
68499,0.5799691807498222,0.00297021112106266,3969.0,95.0,64530.0,0.9766240157480315,0.057942451714623575,14288.753999997629,85600.55819999959,322650.0,422539.31219999725,288995.0237999965
68558,0.5804687235411657,0.0029649617686346155,3969.0,95.0,64589.0,0.9766240157480315,0.05789258729834593,14288.753999997629,85600.55819999959,322945.0,422834.31219999725,288700.0237999965
68617,0.5809682663325092,0.0029607343675543633,3969.0,95.0,64648.0,0.9766240157480315,0.057842808633429034,14288.753999997629,85600.55819999959,323240.0,423129.31219999725,288405.0237999965
68676,0.5814678091238528,0.0029566974248971486,3969.0,95.0,64707.0,0.9766240157480315,0.057793115498864234,14288.753999997629,85600.55819999959,323535.0,423424.31219999725,288110.0237999965
68735,0.5819673519151962,0.0029512810172777,3969.0,95.0,64766.0,0.9766240157480315,0.05774350767440169,14288.753999997629,85600.55819999959,323830.0,423719.31219999725,287815.0237999965
68794,0.5824668947065398,0.002946101012928714,3969.0,95.0,64825.0,0.9766240157480315,0.057693984940547144,14288.753999997629,85600.55819999959,324125.0,424014.31219999725,287520.0237999965
68853,0.5829664374978832,0.0029414502395283793,3970.0,94.0,64883.0,0.9768700787401575,0.05765907077396773,14146.753999997629,85618.75819999959,324415.0,424180.5121999972,287353.8237999965
68912,0.5834659802892268,0.002936967332251897,3971.0,93.0,64941.0,0.9771161417322834,0.05762421639192013,14063.803999997675,85631.05319999959,324705.0,424399.8571999973,287134.47879999643
68971,0.5839655230805704,0.00293163981626151,3972.0,92.0,64999.0,0.9773622047244095,0.05758942164097954,14027.737999997684,85638.65979999959,324995.0,424661.39779999724,286872.9381999965
69030,0.5844650658719138,0.002926804392831047,3972.0,92.0,65058.0,0.9773622047244095,0.05754019991308127,14027.737999997684,85638.65979999959,325290.0,424956.39779999724,286577.9381999965
69089,0.5849646086632574,0.0029221196929753402,3972.0,92.0,65117.0,0.9773622047244095,0.05749106225303594,14027.737999997684,85638.65979999959,325585.0,425251.39779999724,286282.9381999965
69148,0.5854641514546008,0.002917573875259847,3972.0,92.0,65176.0,0.9773622047244095,0.0574420084456528,14027.737999997684,85638.65979999959,325880.0,425546.39779999724,285987.9381999965
69207,0.5859636942459444,0.0029134531727602526,3972.0,92.0,65235.0,0.9773622047244095,0.05739303827647492,14027.737999997684,85638.65979999959,326175.0,425841.39779999724,285692.9381999965
69266,0.5864632370372879,0.0029085756065517997,3972.0,92.0,65294.0,0.9773622047244095,0.05734415153177605,14027.737999997684,85638.65979999959,326470.0,426136.39779999724,285397.9381999965
69325,0.5869627798286314,0.0029040927062907403,3972.0,92.0,65353.0,0.9773622047244095,0.05729534799855752,14027.737999997684,85638.65979999959,326765.0,426431.39779999724,285102.9381999965
69384,0.5874623226199749,0.002898904385811711,3972.0,92.0,65412.0,0.9773622047244095,0.05724662746454514,14027.737999997684,85638.65979999959,327060.0,426726.39779999724,284807.9381999965
69443,0.5879618654113185,0.0028944734970115264,3972.0,92.0,65471.0,0.9773622047244095,0.05719798971818614,14027.737999997684,85638.65979999959,327355.0,427021.39779999724,284512.9381999965
69502,0.588461408202662,0.0028890905246870737,3972.0,92.0,65530.0,0.9773622047244095,0.05714943454864608,14027.737999997684,85638.65979999959,327650.0,427316.39779999724,284217.9381999965
69561,0.5889609509940055,0.002884091738657074,3972.0,92.0,65589.0,0.9773622047244095,0.05710096174580584,14027.737999997684,85638.65979999959,327945.0,427611.39779999724,283922.9381999965
69620,0.589460493785349,0.002879195554973077,3972.0,92.0,65648.0,0.9773622047244095,0.05705257110025855,14027.737999997684,85638.65979999959,328240.0,427906.39779999724,283627.9381999965
69679,0.5899600365766925,0.0028748444298940176,3972.0,92.0,65707.0,0.9773622047244095,0.05700426240330659,14027.737999997684,85638.65979999959,328535.0,428201.39779999724,283332.9381999965
69738,0.5904595793680361,0.0028703560392891337,3972.0,92.0,65766.0,0.9773622047244095,0.05695603544695862,14027.737999997684,85638.65979999959,328830.0,428496.39779999724,283037.9381999965
69797,0.5909591221593795,0.002865140141155938,3972.0,92.0,65825.0,0.9773622047244095,0.05690789002392653,14027.737999997684,85638.65979999959,329125.0,428791.39779999724,282742.9381999965
69856,0.5914586649507231,0.0028610545966936754,3973.0,91.0,65883.0,0.9776082677165354,0.05687414109024279,13943.78799999773,85651.05479999959,329415.0,429009.8427999973,282524.4931999964
69915,0.5919582077420665,0.002856633333357946,3973.0,91.0,65942.0,0.9776082677165354,0.05682614603447043,13943.78799999773,85651.05479999959,329710.0,429304.8427999973,282229.4931999964
69974,0.5924577505334101,0.0028518281377143207,3973.0,91.0,66001.0,0.9776082677165354,0.05677823191471118,13943.78799999773,85651.05479999959,330005.0,429599.8427999973,281934.4931999964
70033,0.5929572933247537,0.002847658902519648,3974.0,90.0,66059.0,0.9778543307086615,0.056744677509174245,13869.78799999773,85662.45479999958,330295.0,429827.24279999733,281707.0931999964
70092,0.5934568361160971,0.0028434727221954737,3974.0,90.0,66118.0,0.9778543307086615,0.05669691262911602,13869.78799999773,85662.45479999958,330590.0,430122.24279999733,281412.0931999964
70151,0.5939563789074407,0.002839457636302659,3974.0,90.0,66177.0,0.9778543307086615,0.056649228093683626,13869.78799999773,85662.45479999958,330885.0,430417.24279999733,281117.0931999964
70210,0.5944559216987841,0.0028353940264564674,3975.0,89.0,66235.0,0.9781003937007874,0.056615866685657316,13794.78799999773,85673.95479999958,331175.0,430643.74279999733,280890.5931999964
70269,0.5949554644901277,0.0028312965181669816,3975.0,89.0,66294.0,0.9781003937007874,0.05656833027366264,13794.78799999773,85673.95479999958,331470.0,430938.74279999733,280595.5931999964
70328,0.5954550072814712,0.0028268084316171145,3975.0,89.0,66353.0,0.9781003937007874,0.056520873620748494,13794.78799999773,85673.95479999958,331765.0,431233.74279999733,280300.5931999964
70387,0.5959545500728147,0.0028217151460834897,3975.0,89.0,66412.0,0.9781003937007874,0.05647349652634719,13794.78799999773,85673.95479999958,332060.0,431528.74279999733,280005.5931999964
70446,0.5964540928641582,0.0028177723036386794,3975.0,89.0,66471.0,0.9781003937007874,0.05642619879056299,13794.78799999773,85673.95479999958,332355.0,431823.74279999733,279710.5931999964
70505,0.5969536356555017,0.0028139119600759277,3976.0,88.0,66529.0,0.9783464566929134,0.05639316360541805,13763.51699999778,85681.08189999958,332645.0,432089.59889999736,279444.73709999636
70564,0.5974531784468453,0.0028086329799119534,3976.0,88.0,66588.0,0.9783464566929134,0.05634601213083158,13763.51699999778,85681.08189999958,332940.0,432384.59889999736,279149.73709999636
70623,0.5979527212381888,0.002805011047002191,3977.0,87.0,66646.0,0.9785925196850394,0.05631309913201082,13422.566999997827,85719.17689999957,333230.0,432371.7438999974,279162.59209999634
70682,0.5984522640295323,0.0027997002813103023,3977.0,87.0,66705.0,0.9785925196850394,0.05626609320619111,13422.566999997827,85719.17689999957,333525.0,432666.7438999974,278867.59209999634
70741,0.5989518068208758,0.002794926129527201,3978.0,86.0,66763.0,0.9788385826771654,0.05623330176276841,13288.616999997874,85736.57189999957,333815.0,432840.18889999745,278694.1470999963
70800,0.5994513496122194,0.002790949324971044,3978.0,86.0,66822.0,0.9788385826771654,0.056186440677966104,13288.616999997874,85736.57189999957,334110.0,433135.18889999745,278399.1470999963
70859,0.5999508924035628,0.0027869743220368336,3978.0,86.0,66881.0,0.9788385826771654,0.05613965762994115,13288.616999997874,85736.57189999957,334405.0,433430.18889999745,278104.1470999963
70918,0.6004504351949064,0.0027819623201063366,3979.0,85.0,66939.0,0.9790846456692913,0.05610705321639076,13239.116999997874,85745.52189999957,334695.0,433679.63889999746,277854.69709999627
70977,0.6009499779862498,0.0027772570112872762,3979.0,85.0,66998.0,0.9790846456692913,0.05606041393690914,13239.116999997874,85745.52189999957,334990.0,433974.63889999746,277559.69709999627
71036,0.6014495207775934,0.002773163795237294,3979.0,85.0,67057.0,0.9790846456692913,0.0560138521313137,13239.116999997874,85745.52189999957,335285.0,434269.63889999746,277264.69709999627
71095,0.601949063568937,0.002768566561883726,3979.0,85.0,67116.0,0.9790846456692913,0.0559673676067234,13239.116999997874,85745.52189999957,335580.0,434564.63889999746,276969.69709999627
71154,0.6024486063602804,0.0027637404756028537,3979.0,85.0,67175.0,0.9790846456692913,0.05592096017089693,13239.116999997874,85745.52189999957,335875.0,434859.63889999746,276674.69709999627
71213,0.602948149151624,0.002759735246731935,3979.0,85.0,67234.0,0.9790846456692913,0.05587462963223007,13239.116999997874,85745.52189999957,336170.0,435154.63889999746,276379.69709999627
71272,0.6034476919429674,0.0027563713818488985,3979.0,85.0,67293.0,0.9790846456692913,0.05582837579975306,13239.116999997874,85745.52189999957,336465.0,435449.63889999746,276084.69709999627
71331,0.603947234734311,0.002751311923187051,3979.0,85.0,67352.0,0.9790846456692913,0.05578219848312795,13239.116999997874,85745.52189999957,336760.0,435744.63889999746,275789.69709999627
71390,0.6044467775256545,0.0027464975792538676,3979.0,85.0,67411.0,0.9790846456692913,0.055736097492646026,13239.116999997874,85745.52189999957,337055.0,436039.63889999746,275494.69709999627
71449,0.604946320316998,0.0027416273855812414,3980.0,84.0,67469.0,0.9793307086614174,0.05570406863637,13117.116999997874,85761.72189999957,337345.0,436223.8388999974,275310.4970999963
71508,0.6054458631083415,0.0027373822258706525,3980.0,84.0,67528.0,0.9793307086614174,0.05565810818369973,13117.116999997874,85761.72189999957,337640.0,436518.8388999974,275015.4970999963
71567,0.605945405899685,0.0027328599618424414,3981.0,83.0,67586.0,0.9795767716535433,0.05562619643131611,13082.116999997874,85769.22189999957,337930.0,436781.3388999974,274752.9970999963
71626,0.6064449486910285,0.002728223225215068,3981.0,83.0,67645.0,0.9795767716535433,0.05558037584117499,13082.116999997874,85769.22189999957,338225.0,437076.3388999974,274457.9970999963
71685,0.6069444914823721,0.0027238570328667095,3982.0,82.0,67703.0,0.9798228346456693,0.055548580595661576,12992.116999997874,85782.22189999957,338515.0,437289.3388999974,274244.9970999963
71744,0.6074440342737156,0.00271931267873082,3982.0,82.0,67762.0,0.9798228346456693,0.055502899197145406,12992.116999997874,85782.22189999957,338810.0,437584.3388999974,273949.9970999963
71803,0.6079435770650591,0.0027152879268494334,3982.0,82.0,67821.0,0.9798228346456693,0.05545729287077142,12992.116999997874,85782.22189999957,339105.0,437879.3388999974,273654.9970999963
71862,0.6084431198564026,0.0027099610732440023,3982.0,82.0,67880.0,0.9798228346456693,0.05541176143163285,12992.116999997874,85782.22189999957,339400.0,438174.3388999974,273359.9970999963
71921,0.6089426626477461,0.002705821745379307,3985.0,79.0,67936.0,0.9805610236220472,0.05540801712990642,12612.216999997967,85832.21189999956,339680.0,438124.4288999975,273409.9070999962
71980,0.6094422054390897,0.0027024918082208414,3985.0,79.0,67995.0,0.9805610236220472,0.0553626007224229,12612.216999997967,85832.21189999956,339975.0,438419.4288999975,273114.9070999962
72039,0.6099417482304331,0.002697188155200582,3985.0,79.0,68054.0,0.9805610236220472,0.055317258707089215,12612.216999997967,85832.21189999956,340270.0,438714.4288999975,272819.9070999962
72098,0.6104412910217767,0.002691975072358903,3985.0,79.0,68113.0,0.9805610236220472,0.055271990901273264,12612.216999997967,85832.21189999956,340565.0,439009.4288999975,272524.9070999962
72157,0.6109408338131201,0.002687918032615925,3985.0,79.0,68172.0,0.9805610236220472,0.055226797122940256,12612.216999997967,85832.21189999956,340860.0,439304.4288999975,272229.9070999962
72216,0.6114403766044637,0.0026828077988424186,3985.0,79.0,68231.0,0.9805610236220472,0.05518167719065027,12612.216999997967,85832.21189999956,341155.0,439599.4288999975,271934.9070999962
72275,0.6119399193958073,0.0026781827675641393,3986.0,78.0,68289.0,0.9808070866141733,0.0551504669664476,12528.216999997967,85844.61189999957,341445.0,439817.8288999975,271716.5070999962
72334,0.6124394621871507,0.0026739170978788435,3986.0,78.0,68348.0,0.9808070866141733,0.05510548289877513,12528.216999997967,85844.61189999957,341740.0,440112.8288999975,271421.5070999962
72393,0.6129390049784943,0.0026684918398219605,3986.0,78.0,68407.0,0.9808070866141733,0.05506057215476635,12528.216999997967,85844.61189999957,342035.0,440407.8288999975,271126.5070999962
72452,0.6134385477698377,0.002664310530921469,3986.0,78.0,68466.0,0.9808070866141733,0.05501573455529178,12528.216999997967,85844.61189999957,342330.0,440702.8288999975,270831.5070999962
72511,0.6139380905611813,0.0026599689914854853,3986.0,78.0,68525.0,0.9808070866141733,0.05497096992180497,12528.216999997967,85844.61189999957,342625.0,440997.8288999975,270536.5070999962
72570,0.6144376333525248,0.0026559057595464397,3986.0,78.0,68584.0,0.9808070866141733,0.05492627807634008,12528.216999997967,85844.61189999957,342920.0,441292.8288999975,270241.5070999962
72629,0.6149371761438683,0.002651530195739606,3986.0,78.0,68643.0,0.9808070866141733,0.05488165884150959,12528.216999997967,85844.61189999957,343215.0,441587.8288999975,269946.5070999962
72688,0.6154367189352118,0.002646841855958632,3986.0,78.0,68702.0,0.9808070866141733,0.05483711204050187,12528.216999997967,85844.61189999957,343510.0,441882.8288999975,269651.5070999962
72747,0.6159362617265554,0.002642943364801355,3986.0,78.0,68761.0,0.9808070866141733,0.05479263749707892,12528.216999997967,85844.61189999957,343805.0,442177.8288999975,269356.5070999962
72806,0.6164358045178989,0.0026383153348407437,3987.0,77.0,68819.0,0.9810531496062992,0.0547619701672939,12386.216999997967,85862.81189999956,344095.0,442344.02889999753,269190.3070999962
72865,0.6169353473092424,0.002633564185792252,3987.0,77.0,68878.0,0.9810531496062992,0.054717628491045084,12386.216999997967,85862.81189999956,344390.0,442639.02889999753,268895.3070999962
72924,0.6174348901005859,0.0026294199911693233,3987.0,77.0,68937.0,0.9810531496062992,0.05467335856508145,12386.216999997967,85862.81189999956,344685.0,442934.02889999753,268600.3070999962
72983,0.6179344328919294,0.0026253113568003063,3987.0,77.0,68996.0,0.9810531496062992,0.05462916021539262,12386.216999997967,85862.81189999956,344980.0,443229.02889999753,268305.3070999962
73042,0.618433975683273,0.0026207560486469226,3987.0,77.0,69055.0,0.9810531496062992,0.05458503326853043,12386.216999997967,85862.81189999956,345275.0,443524.02889999753,268010.3070999962
73101,0.6189335184746164,0.0026169696387939615,3988.0,76.0,69113.0,0.9812992125984252,0.05455465725503071,12253.266999998013,85880.10689999956,345565.0,443698.37389999756,267835.96209999616
73160,0.61943306126596,0.0026120549687696317,3988.0,76.0,69172.0,0.9812992125984252,0.05451066156369601,12253.266999998013,85880.10689999956,345860.0,443993.37389999756,267540.96209999616
73219,0.6199326040573034,0.0026083909507437055,3988.0,76.0,69231.0,0.9812992125984252,0.05446673677597345,12253.266999998013,85880.10689999956,346155.0,444288.37389999756,267245.96209999616
73278,0.620432146848647,0.0026043065892511594,3988.0,76.0,69290.0,0.9812992125984252,0.05442288272059827,12253.266999998013,85880.10689999956,346450.0,444583.37389999756,266950.96209999616
73337,0.6209316896399906,0.0025989258112103933,3989.0,75.0,69348.0,0.9815452755905512,0.05439273490870911,11924.31699999806,85917.00189999955,346740.0,444581.3188999976,266953.0170999961
73396,0.621431232431334,0.0025946415592257356,3989.0,75.0,69407.0,0.9815452755905512,0.05434901084527767,11924.31699999806,85917.00189999955,347035.0,444876.3188999976,266658.0170999961
73455,0.6219307752226776,0.0025897264276234897,3989.0,75.0,69466.0,0.9815452755905512,0.05430535702130556,11924.31699999806,85917.00189999955,347330.0,445171.3188999976,266363.0170999961
73514,0.622430318014021,0.0025854344993386535,3989.0,75.0,69525.0,0.9815452755905512,0.05426177326767691,11924.31699999806,85917.00189999955,347625.0,445466.3188999976,266068.0170999961
73573,0.6229298608053646,0.002580009835127084,3989.0,75.0,69584.0,0.9815452755905512,0.0542182594158183,11924.31699999806,85917.00189999955,347920.0,445761.3188999976,265773.0170999961
73632,0.6234294035967081,0.0025755259318630394,3989.0,75.0,69643.0,0.9815452755905512,0.05417481529769665,11924.31699999806,85917.00189999955,348215.0,446056.3188999976,265478.0170999961
73691,0.6239289463880516,0.0025716166906401667,3990.0,74.0,69701.0,0.9817913385826772,0.05414501092399343,11790.81699999806,85934.35189999956,348505.0,446230.1688999976,265304.1670999961
73750,0.6244284891793951,0.0025660521327029577,3990.0,74.0,69760.0,0.9817913385826772,0.05410169491525424,11790.81699999806,85934.35189999956,348800.0,446525.1688999976,265009.1670999961
73809,0.6249280319707387,0.002562088883381414,3991.0,73.0,69818.0,0.9820374015748031,0.05407199663997615,11547.81699999806,85962.65189999955,349090.0,446600.4688999976,264933.86709999613
73868,0.6254275747620822,0.0025587729364813664,3992.0,72.0,69876.0,0.9822834645669292,0.054042345806032385,11210.866999998107,86000.34689999955,349380.0,446591.21389999765,264943.1220999961
73927,0.6259271175534257,0.0025549607906512556,3992.0,72.0,69935.0,0.9822834645669292,0.053999215442260606,11210.866999998107,86000.34689999955,349675.0,446886.21389999765,264648.1220999961
73986,0.6264266603447692,0.0025509422415226518,3992.0,72.0,69994.0,0.9822834645669292,0.0539561538669478,11210.866999998107,86000.34689999955,349970.0,447181.21389999765,264353.1220999961
74045,0.6269262031361127,0.0025461878264994788,3992.0,72.0,70053.0,0.9822834645669292,0.0539131609156594,11210.866999998107,86000.34689999955,350265.0,447476.21389999765,264058.1220999961
74104,0.6274257459274563,0.002541279811202357,3992.0,72.0,70112.0,0.9822834645669292,0.053870236424484505,11210.866999998107,86000.34689999955,350560.0,447771.21389999765,263763.1220999961
74163,0.6279252887187997,0.0025359625730505446,3992.0,72.0,70171.0,0.9822834645669292,0.05382738023003385,11210.866999998107,86000.34689999955,350855.0,448066.21389999765,263468.1220999961
74222,0.6284248315101433,0.0025322817576257824,3993.0,71.0,70229.0,0.9825295275590551,0.053798065263668454,11181.93199999805,86007.24039999956,351145.0,448334.1723999976,263200.1635999961
74281,0.6289243743014867,0.0025279403718245995,3993.0,71.0,70288.0,0.9825295275590551,0.05375533447314926,11181.93199999805,86007.24039999956,351440.0,448629.1723999976,262905.1635999961
74340,0.6294239170928303,0.0025229638100585346,3993.0,71.0,70347.0,0.9825295275590551,0.053712671509281676,11181.93199999805,86007.24039999956,351735.0,448924.1723999976,262610.1635999961
74399,0.6299234598841738,0.0025189092185540635,3993.0,71.0,70406.0,0.9825295275590551,0.05367007621070176,11181.93199999805,86007.24039999956,352030.0,449219.1723999976,262315.1635999961
74458,0.6304230026755173,0.0025145381867781296,3993.0,71.0,70465.0,0.9825295275590551,0.05362754841655699,11181.93199999805,86007.24039999956,352325.0,449514.1723999976,262020.16359999613
74517,0.6309225454668609,0.0025102791136367413,3993.0,71.0,70524.0,0.9825295275590551,0.05358508796650429,11181.93199999805,86007.24039999956,352620.0,449809.1723999976,261725.16359999613
74576,0.6314220882582043,0.0025052301009162127,3994.0,70.0,70582.0,0.9827755905511811,0.0535561038403776,11039.93199999805,86025.44039999956,352910.0,449975.3723999976,261558.96359999612
74635,0.6319216310495479,0.002500753754081137,3995.0,69.0,70640.0,0.9830216535433071,0.053527165538956256,10982.981999998097,86035.13539999955,353200.0,450218.11739999766,261316.21859999606
74694,0.6324211738408914,0.0024967942186903576,3996.0,68.0,70698.0,0.9832677165354331,0.053498272953650894,10875.031999998144,86049.93039999955,353490.0,450414.9623999977,261119.37359999603
74753,0.6329207166322349,0.002493445254964391,3996.0,68.0,70757.0,0.9832677165354331,0.053456048586678795,10875.031999998144,86049.93039999955,353785.0,450709.9623999977,260824.37359999603
74812,0.6334202594235784,0.002489696449329616,3996.0,68.0,70816.0,0.9832677165354331,0.0534138908196546,10875.031999998144,86049.93039999955,354080.0,451004.9623999977,260529.37359999603
74871,0.633919802214922,0.002485722943538888,3996.0,68.0,70875.0,0.9832677165354331,0.05337179949513163,10875.031999998144,86049.93039999955,354375.0,451299.9623999977,260234.37359999603
74930,0.6344193450062654,0.002482424671110731,3996.0,68.0,70934.0,0.9832677165354331,0.05332977445615908,10875.031999998144,86049.93039999955,354670.0,451594.9623999977,259939.37359999603
74989,0.634918887797609,0.0024774058085258125,3996.0,68.0,70993.0,0.9832677165354331,0.05328781554628012,10875.031999998144,86049.93039999955,354965.0,451889.9623999977,259644.37359999603
75048,0.6354184305889525,0.002473702972691998,3996.0,68.0,71052.0,0.9832677165354331,0.0532459226095299,10875.031999998144,86049.93039999955,355260.0,452184.9623999977,259349.37359999603
75107,0.635917973380296,0.0024696496127351196,3996.0,68.0,71111.0,0.9832677165354331,0.053204095490433645,10875.031999998144,86049.93039999955,355555.0,452479.9623999977,259054.37359999603
75166,0.6364175161716396,0.0024658599757286397,3996.0,68.0,71170.0,0.9832677165354331,0.053162334034004735,10875.031999998144,86049.93039999955,355850.0,452774.9623999977,258759.37359999603
75225,0.636917058962983,0.0024618587956107716,3996.0,68.0,71229.0,0.9832677165354331,0.05312063808574277,10875.031999998144,86049.93039999955,356145.0,453069.9623999977,258464.37359999603
75284,0.6374166017543266,0.002458428931366777,3997.0,67.0,71287.0,0.983513779527559,0.05309229052653951,10795.531999998144,86061.88039999954,356435.0,453292.4123999977,258241.92359999602
75343,0.63791614454567,0.0024537245901472752,3997.0,67.0,71346.0,0.983513779527559,0.053050714731295544,10795.531999998144,86061.88039999954,356730.0,453587.4123999977,257946.92359999602
75402,0.6384156873370136,0.0024499887184085845,3997.0,67.0,71405.0,0.983513779527559,0.0530092039998939,10795.531999998144,86061.88039999954,357025.0,453882.4123999977,257651.92359999602
75461,0.638915230128357,0.002445478369620312,3997.0,67.0,71464.0,0.983513779527559,0.05296775817972198,10795.531999998144,86061.88039999954,357320.0,454177.4123999977,257356.92359999602
75520,0.6394147729197006,0.0024411226940573476,3997.0,67.0,71523.0,0.983513779527559,0.05292637711864407,10795.531999998144,86061.88039999954,357615.0,454472.4123999977,257061.92359999602
75579,0.6399143157110442,0.002436553715281462,3997.0,67.0,71582.0,0.983513779527559,0.05288506066499954,10795.531999998144,86061.88039999954,357910.0,454767.4123999977,256766.92359999602
75638,0.6404138585023876,0.0024324874110531985,3997.0,67.0,71641.0,0.983513779527559,0.05284380866760094,10795.531999998144,86061.88039999954,358205.0,455062.4123999977,256471.92359999602
75697,0.6409134012937312,0.002428671865853405,3997.0,67.0,71700.0,0.983513779527559,0.0528026209757322,10795.531999998144,86061.88039999954,358500.0,455357.4123999977,256176.92359999602
75756,0.6414129440850747,0.0024244296235654086,3997.0,67.0,71759.0,0.983513779527559,0.05276149743914674,10795.531999998144,86061.88039999954,358795.0,455652.4123999977,255881.92359999602
75815,0.6419124868764182,0.002420300548461637,3997.0,67.0,71818.0,0.983513779527559,0.05272043790806569,10795.531999998144,86061.88039999954,359090.0,455947.4123999977,255586.92359999602
75874,0.6424120296677617,0.0024163440802637153,3997.0,67.0,71877.0,0.983513779527559,0.052679442233176055,10795.531999998144,86061.88039999954,359385.0,456242.4123999977,255291.92359999602
75933,0.6429115724591052,0.002412167360675372,3997.0,67.0,71936.0,0.983513779527559,0.05263851026562891,10795.531999998144,86061.88039999954,359680.0,456537.4123999977,254996.92359999602
75992,0.6434111152504487,0.0024075770562160047,3997.0,67.0,71995.0,0.983513779527559,0.05259764185703758,10795.531999998144,86061.88039999954,359975.0,456832.4123999977,254701.92359999602
76051,0.6439106580417923,0.002403758310081721,3997.0,67.0,72054.0,0.983513779527559,0.052556836859475875,10795.531999998144,86061.88039999954,360270.0,457127.4123999977,254406.92359999602
76110,0.6444102008331358,0.0023988664419386514,3998.0,66.0,72112.0,0.9837598425196851,0.05252923400341611,10722.58199999819,86073.17539999954,360560.0,457355.75739999773,254178.578599996
76169,0.6449097436244793,0.0023956636186492036,3999.0,65.0,72170.0,0.984005905511811,0.05250167390933319,10653.08199999819,86084.12539999954,360850.0,457587.20739999774,253947.12859999598
76228,0.6454092864158228,0.002392034289979555,3999.0,65.0,72229.0,0.984005905511811,0.05246103793881513,10653.08199999819,86084.12539999954,361145.0,457882.20739999774,253652.12859999598
76287,0.6459088292071663,0.0023879922731828117,3999.0,65.0,72288.0,0.984005905511811,0.05242046482362657,10653.08199999819,86084.12539999954,361440.0,458177.20739999774,253357.12859999598
76346,0.6464083719985099,0.0023839945989447948,3999.0,65.0,72347.0,0.984005905511811,0.05237995441804417,10653.08199999819,86084.12539999954,361735.0,458472.20739999774,253062.12859999598
76405,0.6469079147898533,0.0023798252970583006,3999.0,65.0,72406.0,0.984005905511811,0.05233950657679471,10653.08199999819,86084.12539999954,362030.0,458767.20739999774,252767.12859999598
76464,0.6474074575811969,0.00237555481362235,3999.0,65.0,72465.0,0.984005905511811,0.052299121155053356,10653.08199999819,86084.12539999954,362325.0,459062.20739999774,252472.12859999598
76523,0.6479070003725403,0.002372026127609464,3999.0,65.0,72524.0,0.984005905511811,0.05225879800844191,10653.08199999819,86084.12539999954,362620.0,459357.20739999774,252177.12859999598
76582,0.6484065431638839,0.002368641319976135,3999.0,65.0,72583.0,0.984005905511811,0.05221853699302708,10653.08199999819,86084.12539999954,362915.0,459652.20739999774,251882.12859999598
76641,0.6489060859552275,0.002364380552948987,3999.0,65.0,72642.0,0.984005905511811,0.05217833796531882,10653.08199999819,86084.12539999954,363210.0,459947.20739999774,251587.12859999598
76700,0.6494056287465709,0.002361454403602466,3999.0,65.0,72701.0,0.984005905511811,0.05213820078226858,10653.08199999819,86084.12539999954,363505.0,460242.20739999774,251292.12859999598
76759,0.6499051715379145,0.002357566194609506,4000.0,64.0,72759.0,0.984251968503937,0.05211115308953999,10608.08199999819,86092.62539999954,363795.0,460495.70739999774,251038.62859999598
76818,0.650404714329258,0.002353912059305428,4000.0,64.0,72818.0,0.984251968503937,0.052071129162435885,10608.08199999819,86092.62539999954,364090.0,460790.70739999774,250743.62859999598
76877,0.6509042571206015,0.002350006491096756,4000.0,64.0,72877.0,0.984251968503937,0.05203116666883463,10608.08199999819,86092.62539999954,364385.0,461085.70739999774,250448.62859999598
76936,0.651403799911945,0.002345069881483202,4000.0,64.0,72936.0,0.984251968503937,0.051991265467401473,10608.08199999819,86092.62539999954,364680.0,461380.70739999774,250153.62859999598
76995,0.6519033427032885,0.002341432826165497,4001.0,63.0,72994.0,0.984498031496063,0.051964413273589194,10561.194999998203,86101.31409999954,364970.0,461632.50909999775,249901.82689999597
77054,0.652402885494632,0.002336868312998947,4002.0,62.0,73052.0,0.984744094488189,0.051937602201053805,10419.194999998203,86119.51409999953,365260.0,461798.70909999777,249735.62689999596
77113,0.6529024282859756,0.0023331463230268413,4003.0,61.0,73110.0,0.9849901574803149,0.051910832155408294,10335.194999998203,86131.91409999954,365550.0,462017.10909999773,249517.226899996
77172,0.653401971077319,0.0023298384155425724,4003.0,61.0,73169.0,0.9849901574803149,0.051871144974861345,10335.194999998203,86131.91409999954,365845.0,462312.10909999773,249222.226899996
77231,0.6539015138686626,0.0023262701999928162,4003.0,61.0,73228.0,0.9849901574803149,0.051831518431717835,10335.194999998203,86131.91409999954,366140.0,462607.10909999773,248927.226899996
77290,0.6544010566600061,0.002322200357160924,4003.0,61.0,73287.0,0.9849901574803149,0.05179195238711347,10335.194999998203,86131.91409999954,366435.0,462902.10909999773,248632.226899996
77349,0.6549005994513496,0.0023180463205516155,4003.0,61.0,73346.0,0.9849901574803149,0.05175244670260766,10335.194999998203,86131.91409999954,366730.0,463197.10909999773,248337.226899996
77408,0.6554001422426932,0.0023139995387978663,4003.0,61.0,73405.0,0.9849901574803149,0.0517130012401819,10335.194999998203,86131.91409999954,367025.0,463492.10909999773,248042.226899996
77467,0.6558996850340366,0.002310410102307174,4003.0,61.0,73464.0,0.9849901574803149,0.05167361586223811,10335.194999998203,86131.91409999954,367320.0,463787.10909999773,247747.226899996
77526,0.6563992278253802,0.0023063036166561493,4003.0,61.0,73523.0,0.9849901574803149,0.05163429043159714,10335.194999998203,86131.91409999954,367615.0,464082.10909999773,247452.226899996
77585,0.6568987706167236,0.0023033014267619307,4003.0,61.0,73582.0,0.9849901574803149,0.05159502481149707,10335.194999998203,86131.91409999954,367910.0,464377.10909999773,247157.226899996
77644,0.6573983134080672,0.00229911409302232,4004.0,60.0,73640.0,0.985236220472441,0.05156869816083664,10274.24499999825,86142.00909999953,368200.0,464616.2540999978,246918.08189999592
77703,0.6578978561994107,0.0022951451537271458,4004.0,60.0,73699.0,0.985236220472441,0.05152954197392636,10274.24499999825,86142.00909999953,368495.0,464911.2540999978,246623.08189999592
77762,0.6583973989907542,0.0022909942649794813,4004.0,60.0,73758.0,0.985236220472441,0.051490445204598646,10274.24499999825,86142.00909999953,368790.0,465206.2540999978,246328.08189999592
77821,0.6588969417820978,0.0022873106798509844,4005.0,59.0,73816.0,0.9854822834645669,0.05146425771963866,10089.294999998296,86164.50409999953,369080.0,465333.79909999785,246200.53689999587
77880,0.6593964845734412,0.0022832987102034477,4005.0,59.0,73875.0,0.9854822834645669,0.05142526964560863,10089.294999998296,86164.50409999953,369375.0,465628.79909999785,245905.53689999587
77939,0.6598960273647848,0.0022789096206812334,4005.0,59.0,73934.0,0.9854822834645669,0.051386340599699765,10089.294999998296,86164.50409999953,369670.0,465923.79909999785,245610.53689999587
77998,0.6603955701561283,0.0022746856681910028,4005.0,59.0,73993.0,0.9854822834645669,0.0513474704479602,10089.294999998296,86164.50409999953,369965.0,466218.79909999785,245315.53689999587
78057,0.6608951129474718,0.002271393021396323,4005.0,59.0,74052.0,0.9854822834645669,0.05130865905684308,10089.294999998296,86164.50409999953,370260.0,466513.79909999785,245020.53689999587
78116,0.6613946557388153,0.00226828519871376,4005.0,59.0,74111.0,0.9854822834645669,0.05126990629320498,10089.294999998296,86164.50409999953,370555.0,466808.79909999785,244725.53689999587
78175,0.6618941985301589,0.002264884642439407,4005.0,59.0,74170.0,0.9854822834645669,0.051231212024304446,10089.294999998296,86164.50409999953,370850.0,467103.79909999785,244430.53689999587
78234,0.6623937413215023,0.0022609606733278594,4005.0,59.0,74229.0,0.9854822834645669,0.05119257611780045,10089.294999998296,86164.50409999953,371145.0,467398.79909999785,244135.53689999587
78293,0.6628932841128459,0.0022579440106363915,4005.0,59.0,74288.0,0.9854822834645669,0.05115399844175086,10089.294999998296,86164.50409999953,371440.0,467693.79909999785,243840.53689999587
78352,0.6633928269041894,0.002254765239101918,4005.0,59.0,74347.0,0.9854822834645669,0.051115478864610986,10089.294999998296,86164.50409999953,371735.0,467988.79909999785,243545.53689999587
78411,0.6638923696955329,0.002250274697507278,4005.0,59.0,74406.0,0.9854822834645669,0.051077017255232046,10089.294999998296,86164.50409999953,372030.0,468283.79909999785,243250.53689999587
78470,0.6643919124868765,0.002245868862866495,4006.0,58.0,74464.0,0.9857283464566929,0.05105135720657576,10040.071999998298,86173.42639999953,372320.0,468533.4983999978,243000.8375999959
78529,0.6648914552782199,0.0022428593463372556,4007.0,57.0,74522.0,0.9859744094488189,0.05102573571546817,9993.18499999831,86182.11509999953,372610.0,468785.30009999784,242749.03589999588
78588,0.6653909980695635,0.002238471739285219,4007.0,57.0,74581.0,0.9859744094488189,0.05098742810607217,9993.18499999831,86182.11509999953,372905.0,469080.30009999784,242454.03589999588
78647,0.6658905408609069,0.002234803428793632,4007.0,57.0,74640.0,0.9859744094488189,0.050949177972459216,9993.18499999831,86182.11509999953,373200.0,469375.30009999784,242159.03589999588
78706,0.6663900836522505,0.0022305387695058412,4007.0,57.0,74699.0,0.9859744094488189,0.05091098518537342,9993.18499999831,86182.11509999953,373495.0,469670.30009999784,241864.03589999588
78765,0.666889626443594,0.0022262716459228787,4007.0,57.0,74758.0,0.9859744094488189,0.05087284961594617,9993.18499999831,86182.11509999953,373790.0,469965.30009999784,241569.03589999588
78824,0.6673891692349375,0.002222615455114744,4007.0,57.0,74817.0,0.9859744094488189,0.05083477113569471,9993.18499999831,86182.11509999953,374085.0,470260.30009999784,241274.03589999588
78883,0.6678887120262811,0.0022189661530524337,4007.0,57.0,74876.0,0.9859744094488189,0.05079674961652067,9993.18499999831,86182.11509999953,374380.0,470555.30009999784,240979.03589999588
78942,0.6683882548176245,0.002215705660265786,4007.0,57.0,74935.0,0.9859744094488189,0.05075878493070862,9993.18499999831,86182.11509999953,374675.0,470850.30009999784,240684.03589999588
79001,0.6688877976089681,0.002211478621945304,4007.0,57.0,74994.0,0.9859744094488189,0.05072087695092467,9993.18499999831,86182.11509999953,374970.0,471145.30009999784,240389.03589999588
79060,0.6693873404003116,0.0022080891426727533,4007.0,57.0,75053.0,0.9859744094488189,0.050683025550215026,9993.18499999831,86182.11509999953,375265.0,471440.30009999784,240094.03589999588
79119,0.6698868831916551,0.002204544194181449,4007.0,57.0,75112.0,0.9859744094488189,0.05064523060200458,9993.18499999831,86182.11509999953,375560.0,471735.30009999784,239799.03589999588
79178,0.6703864259829986,0.0022006756591352564,4007.0,57.0,75171.0,0.9859744094488189,0.05060749198009548,9993.18499999831,86182.11509999953,375855.0,472030.30009999784,239504.03589999588
79237,0.6708859687743421,0.002196875682225812,4007.0,57.0,75230.0,0.9859744094488189,0.050569809558665774,9993.18499999831,86182.11509999953,376150.0,472325.30009999784,239209.03589999588
79296,0.6713855115656856,0.0021919713457375285,4007.0,57.0,75289.0,0.9859744094488189,0.050532183212267955,9993.18499999831,86182.11509999953,376445.0,472620.30009999784,238914.03589999588
79355,0.6718850543570292,0.0021889567688062367,4007.0,57.0,75348.0,0.9859744094488189,0.05049461281582761,9993.18499999831,86182.11509999953,376740.0,472915.30009999784,238619.03589999588
79414,0.6723845971483727,0.0021847810585667606,4008.0,56.0,75406.0,0.9862204724409449,0.05046969048278641,9668.234999998356,86218.61009999953,377030.0,472916.8450999979,238617.49089999584
79473,0.6728841399397162,0.0021810224353400725,4008.0,56.0,75465.0,0.9862204724409449,0.05043222226416519,9668.234999998356,86218.61009999953,377325.0,473211.8450999979,238322.49089999584
79532,0.6733836827310598,0.0021766912371966175,4008.0,56.0,75524.0,0.9862204724409449,0.05039480963637278,9668.234999998356,86218.61009999953,377620.0,473506.8450999979,238027.49089999584
79591,0.6738832255224032,0.002172897281572351,4008.0,56.0,75583.0,0.9862204724409449,0.05035745247578244,9668.234999998356,86218.61009999953,377915.0,473801.8450999979,237732.49089999584
79650,0.6743827683137468,0.0021687373107870125,4008.0,56.0,75642.0,0.9862204724409449,0.05032015065913371,9668.234999998356,86218.61009999953,378210.0,474096.8450999979,237437.49089999584
79709,0.6748823111050902,0.0021649145074388487,4008.0,56.0,75701.0,0.9862204724409449,0.05028290406353109,9668.234999998356,86218.61009999953,378505.0,474391.8450999979,237142.49089999584
79768,0.6753818538964338,0.0021606101032000434,4009.0,55.0,75759.0,0.9864665354330708,0.05025824892187343,9625.712999998359,86226.86229999953,378795.0,474647.5752999979,236886.76069999585
79827,0.6758813966877772,0.0021575662934556904,4009.0,55.0,75818.0,0.9864665354330708,0.05022110313553058,9625.712999998359,86226.86229999953,379090.0,474942.5752999979,236591.76069999585
79886,0.6763809394791208,0.002155116653035353,4009.0,55.0,75877.0,0.9864665354330708,0.05018401221740981,9625.712999998359,86226.86229999953,379385.0,475237.5752999979,236296.76069999585
79945,0.6768804822704643,0.0021512282704645815,4009.0,55.0,75936.0,0.9864665354330708,0.05014697604603165,9625.712999998359,86226.86229999953,379680.0,475532.5752999979,236001.76069999585
80004,0.6773800250618078,0.0021471175227098568,4010.0,54.0,75994.0,0.9867125984251969,0.050122493875306234,9522.762999998406,86241.15729999951,379970.0,475733.9202999979,235800.41569999582
80063,0.6778795678531514,0.0021436681599942696,4010.0,54.0,76053.0,0.9867125984251969,0.05008555762337159,9522.762999998406,86241.15729999951,380265.0,476028.9202999979,235505.41569999582
80122,0.6783791106444949,0.002139822532464969,4010.0,54.0,76112.0,0.9867125984251969,0.05004867576945159,9522.762999998406,86241.15729999951,380560.0,476323.9202999979,235210.41569999582
80181,0.6788786534358384,0.0021365407645311083,4010.0,54.0,76171.0,0.9867125984251969,0.05001184819346229,9522.762999998406,86241.15729999951,380855.0,476618.9202999979,234915.41569999582
80240,0.6793781962271819,0.002132853890522513,4010.0,54.0,76230.0,0.9867125984251969,0.04997507477567298,9522.762999998406,86241.15729999951,381150.0,476913.9202999979,234620.41569999582
80299,0.6798777390185254,0.0021289049577642967,4010.0,54.0,76289.0,0.9867125984251969,0.04993835539670482,9522.762999998406,86241.15729999951,381445.0,477208.9202999979,234325.41569999582
80358,0.6803772818098689,0.0021254395627680273,4010.0,54.0,76348.0,0.9867125984251969,0.04990168993752955,9522.762999998406,86241.15729999951,381740.0,477503.9202999979,234030.41569999582
80417,0.6808768246012125,0.0021207056919264385,4010.0,54.0,76407.0,0.9867125984251969,0.049865078279468275,9522.762999998406,86241.15729999951,382035.0,477798.9202999979,233735.41569999582
80476,0.6813763673925559,0.002117381715250687,4010.0,54.0,76466.0,0.9867125984251969,0.04982852030419007,9522.762999998406,86241.15729999951,382330.0,478093.9202999979,233440.41569999582
80535,0.6818759101838995,0.0021141745959336305,4010.0,54.0,76525.0,0.9867125984251969,0.04979201589371081,9522.762999998406,86241.15729999951,382625.0,478388.9202999979,233145.41569999582
80594,0.682375452975243,0.002110773579113981,4010.0,54.0,76584.0,0.9867125984251969,0.04975556493039184,9522.762999998406,86241.15729999951,382920.0,478683.9202999979,232850.41569999582
80653,0.6828749957665865,0.002107781575450813,4010.0,54.0,76643.0,0.9867125984251969,0.04971916729693874,9522.762999998406,86241.15729999951,383215.0,478978.9202999979,232555.41569999582
80712,0.6833745385579301,0.002103629887321978,4011.0,53.0,76701.0,0.9869586614173228,0.04969521260779066,9438.762999998406,86253.55729999952,383505.0,479197.3202999979,232337.0156999958
80771,0.6838740813492735,0.002098686207773728,4011.0,53.0,76760.0,0.9869586614173228,0.04965891223335108,9438.762999998406,86253.55729999952,383800.0,479492.3202999979,232042.0156999958
80830,0.6843736241406171,0.0020946007550749165,4012.0,52.0,76818.0,0.9872047244094488,0.049635036496350364,9355.812999998452,86265.85229999952,384090.0,479711.66529999796,231822.67069999577
80889,0.6848731669319605,0.002090931549153591,4013.0,51.0,76876.0,0.9874507874015748,0.04961119558901705,9305.812999998452,86274.85229999952,384380.0,479960.66529999796,231573.67069999577
80948,0.6853727097233041,0.002086990568662791,4013.0,51.0,76935.0,0.9874507874015748,0.049575035825468204,9305.812999998452,86274.85229999952,384675.0,480255.66529999796,231278.67069999577
81007,0.6858722525146476,0.0020833025803010385,4013.0,51.0,76994.0,0.9874507874015748,0.0495389287345538,9305.812999998452,86274.85229999952,384970.0,480550.66529999796,230983.67069999577
81066,0.6863717953059911,0.0020791861134680915,4013.0,51.0,77053.0,0.9874507874015748,0.0495028742012681,9305.812999998452,86274.85229999952,385265.0,480845.66529999796,230688.67069999577
81125,0.6868713380973347,0.0020758744342322137,4013.0,51.0,77112.0,0.9874507874015748,0.049466872110939905,9305.812999998452,86274.85229999952,385560.0,481140.66529999796,230393.67069999577
81184,0.6873708808886781,0.0020729389730691633,4013.0,51.0,77171.0,0.9874507874015748,0.049430922349231375,9305.812999998452,86274.85229999952,385855.0,481435.66529999796,230098.67069999577
81243,0.6878704236800217,0.0020695842022567528,4013.0,51.0,77230.0,0.9874507874015748,0.0493950248021368,9305.812999998452,86274.85229999952,386150.0,481730.66529999796,229803.67069999577
81302,0.6883699664713652,0.0020660816197990645,4013.0,51.0,77289.0,0.9874507874015748,0.0493591793559814,9305.812999998452,86274.85229999952,386445.0,482025.66529999796,229508.67069999577
81361,0.6888695092627087,0.0020626400227812987,4014.0,50.0,77347.0,0.9876968503937008,0.049335676798466094,9192.862999998499,86290.1472999995,386735.0,482218.010299998,229316.32569999574
81420,0.6893690520540522,0.002059534544495177,4014.0,50.0,77406.0,0.9876968503937008,0.04929992630803243,9192.862999998499,86290.1472999995,387030.0,482513.010299998,229021.32569999574
81479,0.6898685948453958,0.00205649779564196,4014.0,50.0,77465.0,0.9876968503937008,0.049264227592385766,9192.862999998499,86290.1472999995,387325.0,482808.010299998,228726.32569999574
81538,0.6903681376367392,0.002052727155818557,4014.0,50.0,77524.0,0.9876968503937008,0.049228580539135126,9192.862999998499,86290.1472999995,387620.0,483103.010299998,228431.32569999574
81597,0.6908676804280828,0.0020490221511138495,4014.0,50.0,77583.0,0.9876968503937008,0.04919298503621457,9192.862999998499,86290.1472999995,387915.0,483398.010299998,228136.32569999574
81656,0.6913672232194263,0.0020452414254988785,4014.0,50.0,77642.0,0.9876968503937008,0.049157440971882044,9192.862999998499,86290.1472999995,388210.0,483693.010299998,227841.32569999574
81715,0.6918667660107698,0.0020416929895303824,4015.0,49.0,77700.0,0.9879429133858267,0.04913418588998348,9145.97599999851,86298.8359999995,388500.0,483944.811999998,227589.52399999573
81774,0.6923663088021134,0.002038021887447827,4016.0,48.0,77758.0,0.9881889763779528,0.049110964365201654,9063.97599999851,86311.03599999951,388790.0,484165.011999998,227369.32399999571
81833,0.6928658515934568,0.0020347075190411037,4016.0,48.0,77817.0,0.9881889763779528,0.04907555631591167,9063.97599999851,86311.03599999951,389085.0,484460.011999998,227074.32399999571
81892,0.6933653943848004,0.0020310136709722716,4016.0,48.0,77876.0,0.9881889763779528,0.04904019928686563,9063.97599999851,86311.03599999951,389380.0,484755.011999998,226779.32399999571
81951,0.6938649371761438,0.0020272961581139417,4016.0,48.0,77935.0,0.9881889763779528,0.0490048931678686,9063.97599999851,86311.03599999951,389675.0,485050.011999998,226484.32399999571
82010,0.6943644799674874,0.002023663968977242,4016.0,48.0,77994.0,0.9881889763779528,0.0489696378490428,9063.97599999851,86311.03599999951,389970.0,485345.011999998,226189.32399999571
82069,0.6948640227588309,0.00201974824527087,4016.0,48.0,78053.0,0.9881889763779528,0.04893443322082638,9063.97599999851,86311.03599999951,390265.0,485640.011999998,225894.32399999571
82128,0.6953635655501744,0.0020158394742722124,4016.0,48.0,78112.0,0.9881889763779528,0.04889927917397233,9063.97599999851,86311.03599999951,390560.0,485935.011999998,225599.32399999571
82187,0.6958631083415179,0.002012329638443439,4016.0,48.0,78171.0,0.9881889763779528,0.04886417559954737,9063.97599999851,86311.03599999951,390855.0,486230.011999998,225304.32399999571
82246,0.6963626511328614,0.0020064912157503304,4016.0,48.0,78230.0,0.9881889763779528,0.04882912238893077,9063.97599999851,86311.03599999951,391150.0,486525.011999998,225009.32399999571
82305,0.696862193924205,0.0020032061291189005,4016.0,48.0,78289.0,0.9881889763779528,0.04879411943381325,9063.97599999851,86311.03599999951,391445.0,486820.011999998,224714.32399999571
82364,0.6973617367155485,0.001999639170531659,4016.0,48.0,78348.0,0.9881889763779528,0.048759166626195914,9063.97599999851,86311.03599999951,391740.0,487115.011999998,224419.32399999571
82423,0.697861279506892,0.001996879069280199,4016.0,48.0,78407.0,0.9881889763779528,0.048724263858389044,9063.97599999851,86311.03599999951,392035.0,487410.011999998,224124.32399999571
82482,0.6983608222982355,0.0019934381148155197,4017.0,47.0,78465.0,0.9884350393700787,0.04870153488033753,8981.025999998557,86323.3309999995,392325.0,487629.35699999804,223904.97899999568
82541,0.698860365089579,0.0019899278284756547,4017.0,47.0,78524.0,0.9884350393700787,0.04866672320422578,8981.025999998557,86323.3309999995,392620.0,487924.35699999804,223609.97899999568
82600,0.6993599078809225,0.0019867558546856684,4018.0,46.0,78582.0,0.9886811023622047,0.04864406779661017,8868.075999998604,86338.6259999995,392910.0,488116.70199999807,223417.63399999565
82659,0.6998594506722661,0.0019835228919703116,4018.0,46.0,78641.0,0.9886811023622047,0.04860934683458547,8868.075999998604,86338.6259999995,393205.0,488411.70199999807,223122.63399999565
82718,0.7003589934636095,0.0019801970319497904,4019.0,45.0,78699.0,0.9889271653543307,0.04858676467032568,8818.575999998604,86347.57599999949,393495.0,488661.1519999981,222873.18399999564
82777,0.7008585362549531,0.0019770434842473024,4019.0,45.0,78758.0,0.9889271653543307,0.04855213404689709,8818.575999998604,86347.57599999949,393790.0,488956.1519999981,222578.18399999564
82836,0.7013580790462967,0.0019739519316585913,4020.0,44.0,78816.0,0.9891732283464567,0.048529624800811244,8684.62599999865,86364.9709999995,394080.0,489129.59699999815,222404.73899999558
82895,0.7018576218376401,0.001969838887915131,4020.0,44.0,78875.0,0.9891732283464567,0.048495084142590024,8684.62599999865,86364.9709999995,394375.0,489424.59699999815,222109.73899999558
82954,0.7023571646289837,0.0019664403972455458,4020.0,44.0,78934.0,0.9891732283464567,0.04846059261759529,8684.62599999865,86364.9709999995,394670.0,489719.59699999815,221814.73899999558
83013,0.7028567074203271,0.0019625671483663666,4020.0,44.0,78993.0,0.9891732283464567,0.048426150121065374,8684.62599999865,86364.9709999995,394965.0,490014.59699999815,221519.73899999558
83072,0.7033562502116707,0.0019584629719731567,4022.0,42.0,79050.0,0.9896653543307087,0.04841583204930663,6784.8759999986505,86562.94599999949,395250.0,488597.8219999981,222936.5139999956
83131,0.7038557930030142,0.0019552578281813214,4023.0,41.0,79108.0,0.9899114173228346,0.04839349941658346,6693.925999998697,86576.04099999949,395540.0,488809.9669999982,222724.36899999552
83190,0.7043553357943577,0.0019518184299799333,4023.0,41.0,79167.0,0.9899114173228346,0.04835917778579156,6693.925999998697,86576.04099999949,395835.0,489104.9669999982,222429.36899999552
83249,0.7048548785857012,0.0019472994850886457,4024.0,40.0,79225.0,0.9901574803149606,0.048336916959963484,6624.475999998744,86586.98599999948,396125.0,489336.4619999982,222197.87399999553
83308,0.7053544213770447,0.0019436855365270113,4024.0,40.0,79284.0,0.9901574803149606,0.048302684015940844,6624.475999998744,86586.98599999948,396420.0,489631.4619999982,221902.87399999553
83367,0.7058539641683883,0.0019398878434184607,4024.0,40.0,79343.0,0.9901574803149606,0.048268499526191416,6624.475999998744,86586.98599999948,396715.0,489926.4619999982,221607.87399999553
83426,0.7063535069597318,0.0019362882830310998,4024.0,40.0,79402.0,0.9901574803149606,0.04823436338791264,6624.475999998744,86586.98599999948,397010.0,490221.4619999982,221312.87399999553
83485,0.7068530497510753,0.0019329285198498023,4024.0,40.0,79461.0,0.9901574803149606,0.048200275498592564,6624.475999998744,86586.98599999948,397305.0,490516.4619999982,221017.87399999553
83544,0.7073525925424188,0.0019296481812419528,4024.0,40.0,79520.0,0.9901574803149606,0.04816623575600881,6624.475999998744,86586.98599999948,397600.0,490811.4619999982,220722.87399999553
83603,0.7078521353337623,0.0019266564676490466,4025.0,39.0,79578.0,0.9904035433070866,0.0481442053514826,6549.475999998744,86598.48599999948,397890.0,491037.9619999982,220496.37399999553
83662,0.7083516781251058,0.001923489071047787,4025.0,39.0,79637.0,0.9904035433070866,0.04811025316153092,6549.475999998744,86598.48599999948,398185.0,491332.9619999982,220201.37399999553
83721,0.7088512209164494,0.0019196038179859003,4025.0,39.0,79696.0,0.9904035433070866,0.04807634882526487,6549.475999998744,86598.48599999948,398480.0,491627.9619999982,219906.37399999553
83780,0.7093507637077928,0.0019156467891069482,4025.0,39.0,79755.0,0.9904035433070866,0.048042492241585105,6549.475999998744,86598.48599999948,398775.0,491922.9619999982,219611.37399999553
83839,0.7098503064991364,0.0019118452362905372,4025.0,39.0,79814.0,0.9904035433070866,0.04800868330967688,6549.475999998744,86598.48599999948,399070.0,492217.9619999982,219316.37399999553
83898,0.71034984929048,0.0019082919738667458,4025.0,39.0,79873.0,0.9904035433070866,0.04797492192900903,6549.475999998744,86598.48599999948,399365.0,492512.9619999982,219021.37399999553
83957,0.7108493920818234,0.0019050794072195051,4025.0,39.0,79932.0,0.9904035433070866,0.04794120799933299,6549.475999998744,86598.48599999948,399660.0,492807.9619999982,218726.37399999553
84016,0.711348934873167,0.0019016815010608232,4025.0,39.0,79991.0,0.9904035433070866,0.04790754142068177,6549.475999998744,86598.48599999948,399955.0,493102.9619999982,218431.37399999553
84075,0.7118484776645104,0.0018987978691459508,4025.0,39.0,80050.0,0.9904035433070866,0.04787392209336901,6549.475999998744,86598.48599999948,400250.0,493397.9619999982,218136.37399999553
84134,0.712348020455854,0.0018950179111540903,4025.0,39.0,80109.0,0.9904035433070866,0.047840349917987975,6549.475999998744,86598.48599999948,400545.0,493692.9619999982,217841.37399999553
84193,0.7128475632471974,0.0018922345931778935,4026.0,38.0,80167.0,0.9906496062992126,0.047818702267409405,6520.540999998688,86605.37949999949,400835.0,493960.92049999814,217573.41549999558
84252,0.713347106038541,0.0018888792795924599,4026.0,38.0,80226.0,0.9906496062992126,0.04778521578122775,6520.540999998688,86605.37949999949,401130.0,494255.92049999814,217278.41549999558
84311,0.7138466488298845,0.0018851741709659676,4026.0,38.0,80285.0,0.9906496062992126,0.047751776162066634,6520.540999998688,86605.37949999949,401425.0,494550.92049999814,216983.41549999558
84370,0.714346191621228,0.0018823877362648136,4026.0,38.0,80344.0,0.9906496062992126,0.04771838331160365,6520.540999998688,86605.37949999949,401720.0,494845.92049999814,216688.41549999558
84429,0.7148457344125716,0.001878706613946784,4026.0,38.0,80403.0,0.9906496062992126,0.04768503713179121,6520.540999998688,86605.37949999949,402015.0,495140.92049999814,216393.41549999558
84488,0.715345277203915,0.0018753231895513361,4026.0,38.0,80462.0,0.9906496062992126,0.0476517375248556,6520.540999998688,86605.37949999949,402310.0,495435.92049999814,216098.41549999558
84547,0.7158448199952586,0.0018720027903003597,4026.0,38.0,80521.0,0.9906496062992126,0.04761848439329604,6520.540999998688,86605.37949999949,402605.0,495730.92049999814,215803.41549999558
84606,0.7163443627866021,0.00186914054168099,4026.0,38.0,80580.0,0.9906496062992126,0.0475852776398837,6520.540999998688,86605.37949999949,402900.0,496025.92049999814,215508.41549999558
84665,0.7168439055779456,0.001865011514499044,4026.0,38.0,80639.0,0.9906496062992126,0.04755211716766078,6520.540999998688,86605.37949999949,403195.0,496320.92049999814,215213.41549999558
84724,0.7173434483692891,0.0018610492446275184,4026.0,38.0,80698.0,0.9906496062992126,0.04751900287993957,6520.540999998688,86605.37949999949,403490.0,496615.92049999814,214918.41549999558
84783,0.7178429911606327,0.0018580168720478017,4026.0,38.0,80757.0,0.9906496062992126,0.047485934680301475,6520.540999998688,86605.37949999949,403785.0,496910.92049999814,214623.41549999558
84842,0.7183425339519761,0.0018546454631643585,4026.0,38.0,80816.0,0.9906496062992126,0.04745291247259612,6520.540999998688,86605.37949999949,404080.0,497205.92049999814,214328.41549999558
84901,0.7188420767433197,0.0018510810285253085,4026.0,38.0,80875.0,0.9906496062992126,0.04741993616094039,6520.540999998688,86605.37949999949,404375.0,497500.92049999814,214033.41549999558
84960,0.7193416195346631,0.001848217758683441,4026.0,38.0,80934.0,0.9906496062992126,0.04738700564971751,6520.540999998688,86605.37949999949,404670.0,497795.92049999814,213738.41549999558
85019,0.7198411623260067,0.0018452733057961166,4026.0,38.0,80993.0,0.9906496062992126,0.04735412084357614,6520.540999998688,86605.37949999949,404965.0,498090.92049999814,213443.41549999558
85078,0.7203407051173503,0.0018415044882942584,4026.0,38.0,81052.0,0.9906496062992126,0.047321281647429415,6520.540999998688,86605.37949999949,405260.0,498385.92049999814,213148.41549999558
85137,0.7208402479086937,0.0018373553872244853,4026.0,38.0,81111.0,0.9906496062992126,0.04728848796645407,6520.540999998688,86605.37949999949,405555.0,498680.92049999814,212853.41549999558
85196,0.7213397907000373,0.001833840993101323,4026.0,38.0,81170.0,0.9906496062992126,0.04725573970608949,6520.540999998688,86605.37949999949,405850.0,498975.92049999814,212558.41549999558
85255,0.7218393334913807,0.0018305516004412895,4026.0,38.0,81229.0,0.9906496062992126,0.04722303677203683,6520.540999998688,86605.37949999949,406145.0,499270.92049999814,212263.41549999558
85314,0.7223388762827243,0.001827048362087174,4026.0,38.0,81288.0,0.9906496062992126,0.0471903790702581,6520.540999998688,86605.37949999949,406440.0,499565.92049999814,211968.41549999558
85373,0.7228384190740678,0.0018236848593640108,4027.0,37.0,81346.0,0.9908956692913385,0.04716947981211859,6417.590999998734,86619.67449999948,406730.0,499767.26549999823,211767.0704999955
85432,0.7233379618654113,0.0018206398875372884,4027.0,37.0,81405.0,0.9908956692913385,0.04713690420451353,6417.590999998734,86619.67449999948,407025.0,500062.26549999823,211472.0704999955
85491,0.7238375046567548,0.001817018817614584,4027.0,37.0,81464.0,0.9908956692913385,0.04710437355978992,6417.590999998734,86619.67449999948,407320.0,500357.26549999823,211177.0704999955
85550,0.7243370474480983,0.001814213302875926,4027.0,37.0,81523.0,0.9908956692913385,0.0470718877849211,6417.590999998734,86619.67449999948,407615.0,500652.26549999823,210882.0704999955
85609,0.7248365902394419,0.0018105923407011615,4028.0,36.0,81581.0,0.9911417322834646,0.047051127801983436,6333.640999998781,86632.06949999947,407905.0,500870.71049999824,210663.62549999548
85668,0.7253361330307854,0.0018070298965034,4028.0,36.0,81640.0,0.9911417322834646,0.04701872344399309,6333.640999998781,86632.06949999947,408200.0,501165.71049999824,210368.62549999548
85727,0.7258356758221289,0.0018031823970344055,4028.0,36.0,81699.0,0.9911417322834646,0.04698636368938607,6333.640999998781,86632.06949999947,408495.0,501460.71049999824,210073.62549999548
85786,0.7263352186134724,0.0018001966603754353,4029.0,35.0,81757.0,0.9913877952755905,0.046965705359848925,6273.719999998808,86642.06159999948,408785.0,501700.7815999983,209833.55439999542
85845,0.726834761404816,0.0017972361616535907,4029.0,35.0,81816.0,0.9913877952755905,0.04693342652455006,6273.719999998808,86642.06159999948,409080.0,501995.7815999983,209538.55439999542
85904,0.7273343041961594,0.0017943188434550554,4029.0,35.0,81875.0,0.9913877952755905,0.046901192028310675,6273.719999998808,86642.06159999948,409375.0,502290.7815999983,209243.55439999542
85963,0.727833846987503,0.0017908406115170028,4029.0,35.0,81934.0,0.9913877952755905,0.04686900177983551,6273.719999998808,86642.06159999948,409670.0,502585.7815999983,208948.55439999542
86022,0.7283333897788464,0.0017872814571018272,4029.0,35.0,81993.0,0.9913877952755905,0.04683685568807979,6273.719999998808,86642.06159999948,409965.0,502880.7815999983,208653.55439999542
86081,0.72883293257019,0.0017838723740709482,4029.0,35.0,82052.0,0.9913877952755905,0.04680475366224835,6273.719999998808,86642.06159999948,410260.0,503175.7815999983,208358.55439999542
86140,0.7293324753615336,0.001780355368462022,4029.0,35.0,82111.0,0.9913877952755905,0.04677269561179475,6273.719999998808,86642.06159999948,410555.0,503470.7815999983,208063.55439999542
86199,0.729832018152877,0.0017771826162877738,4029.0,35.0,82170.0,0.9913877952755905,0.04674068144642049,6273.719999998808,86642.06159999948,410850.0,503765.7815999983,207768.55439999542
86258,0.7303315609442206,0.0017736436379401444,4029.0,35.0,82229.0,0.9913877952755905,0.046708711076074105,6273.719999998808,86642.06159999948,411145.0,504060.7815999983,207473.55439999542
86317,0.730831103735564,0.001769301173331236,4030.0,34.0,82287.0,0.9916338582677166,0.04668836961432858,6161.719999998808,86657.26159999947,411435.0,504253.9815999983,207280.3543999954
86376,0.7313306465269076,0.001766248596371359,4031.0,33.0,82345.0,0.9918799212598425,0.046668055941465225,6023.719999998808,86675.06159999948,411725.0,504423.7815999983,207110.55439999542
86435,0.7318301893182511,0.0017628458120230556,4031.0,33.0,82404.0,0.9918799212598425,0.04663620061317753,6023.719999998808,86675.06159999948,412020.0,504718.7815999983,206815.55439999542
86494,0.7323297321095946,0.0017603634027435393,4031.0,33.0,82463.0,0.9918799212598425,0.04660438874372789,6023.719999998808,86675.06159999948,412315.0,505013.7815999983,206520.55439999542
86553,0.7328292749009381,0.0017571472343402507,4031.0,33.0,82522.0,0.9918799212598425,0.04657262024424341,6023.719999998808,86675.06159999948,412610.0,505308.7815999983,206225.55439999542
86612,0.7333288176922816,0.001755038952975421,4031.0,33.0,82581.0,0.9918799212598425,0.04654089502609338,6023.719999998808,86675.06159999948,412905.0,505603.7815999983,205930.55439999542
86671,0.7338283604836252,0.0017512814494463635,4031.0,33.0,82640.0,0.9918799212598425,0.046509213000888415,6023.719999998808,86675.06159999948,413200.0,505898.7815999983,205635.55439999542
86730,0.7343279032749687,0.0017480789517447162,4031.0,33.0,82699.0,0.9918799212598425,0.04647757408047965,6023.719999998808,86675.06159999948,413495.0,506193.7815999983,205340.55439999542
86789,0.7348274460663122,0.001744440064217867,4031.0,33.0,82758.0,0.9918799212598425,0.04644597817695791,6023.719999998808,86675.06159999948,413790.0,506488.7815999983,205045.55439999542
86848,0.7353269888576557,0.001741656466844245,4031.0,33.0,82817.0,0.9918799212598425,0.04641442520265291,6023.719999998808,86675.06159999948,414085.0,506783.7815999983,204750.55439999542
86907,0.7358265316489992,0.001738125944662398,4031.0,33.0,82876.0,0.9918799212598425,0.04638291507013244,6023.719999998808,86675.06159999948,414380.0,507078.7815999983,204455.55439999542
86966,0.7363260744403427,0.0017349303025183576,4031.0,33.0,82935.0,0.9918799212598425,0.04635144769220155,6023.719999998808,86675.06159999948,414675.0,507373.7815999983,204160.55439999542
87025,0.7368256172316863,0.0017321489049851916,4031.0,33.0,82994.0,0.9918799212598425,0.04632002298190175,6023.719999998808,86675.06159999948,414970.0,507668.7815999983,203865.55439999542
87084,0.7373251600230297,0.001728961285221171,4031.0,33.0,83053.0,0.9918799212598425,0.04628864085251022,6023.719999998808,86675.06159999948,415265.0,507963.7815999983,203570.55439999542
87143,0.7378247028143733,0.001725257298338499,4031.0,33.0,83112.0,0.9918799212598425,0.04625730121753899,6023.719999998808,86675.06159999948,415560.0,508258.7815999983,203275.55439999542
87202,0.7383242456057169,0.0017224648004361361,4031.0,33.0,83171.0,0.9918799212598425,0.046226003990734156,6023.719999998808,86675.06159999948,415855.0,508553.7815999983,202980.55439999542
87261,0.7388237883970603,0.0017187861718472033,4031.0,33.0,83230.0,0.9918799212598425,0.046194749086075106,6023.719999998808,86675.06159999948,416150.0,508848.7815999983,202685.55439999542
87320,0.7393233311884039,0.0017154140528747818,4031.0,33.0,83289.0,0.9918799212598425,0.0461635364177737,6023.719999998808,86675.06159999948,416445.0,509143.7815999983,202390.55439999542
87379,0.7398228739797473,0.0017127126837254757,4031.0,33.0,83348.0,0.9918799212598425,0.046132365900273524,6023.719999998808,86675.06159999948,416740.0,509438.7815999983,202095.55439999542
87438,0.7403224167710909,0.0017100108751011852,4031.0,33.0,83407.0,0.9918799212598425,0.046101237448249045,6023.719999998808,86675.06159999948,417035.0,509733.7815999983,201800.55439999542
87497,0.7408219595624344,0.0017064224808332174,4031.0,33.0,83466.0,0.9918799212598425,0.04607015097660491,6023.719999998808,86675.06159999948,417330.0,510028.7815999983,201505.55439999542
87556,0.7413215023537779,0.0017030972174366446,4031.0,33.0,83525.0,0.9918799212598425,0.04603910640047512,6023.719999998808,86675.06159999948,417625.0,510323.7815999983,201210.55439999542
87615,0.7418210451451214,0.001700031738929194,4031.0,33.0,83584.0,0.9918799212598425,0.04600810363522228,6023.719999998808,86675.06159999948,417920.0,510618.7815999983,200915.55439999542
87674,0.7423205879364649,0.0016968251101720927,4032.0,32.0,83642.0,0.9921259842519685,0.045988548486438394,5969.719999998808,86684.46159999947,418210.0,510864.18159999826,200670.15439999546
87733,0.7428201307278084,0.0016936556444110689,4032.0,32.0,83701.0,0.9921259842519685,0.045957621419534266,5969.719999998808,86684.46159999947,418505.0,511159.18159999826,200375.15439999546
87792,0.743319673519152,0.001690075235148619,4032.0,32.0,83760.0,0.9921259842519685,0.045926735921268454,5969.719999998808,86684.46159999947,418800.0,511454.18159999826,200080.15439999546
87851,0.7438192163104955,0.0016864588681576634,4032.0,32.0,83819.0,0.9921259842519685,0.045895891907889494,5969.719999998808,86684.46159999947,419095.0,511749.18159999826,199785.15439999546
87910,0.744318759101839,0.0016838980514294283,4032.0,32.0,83878.0,0.9921259842519685,0.04586508929587078,5969.719999998808,86684.46159999947,419390.0,512044.18159999826,199490.15439999546
87969,0.7448183018931825,0.0016805835834707813,4032.0,32.0,83937.0,0.9921259842519685,0.045834328001909765,5969.719999998808,86684.46159999947,419685.0,512339.18159999826,199195.15439999546
88028,0.745317844684526,0.0016778362198420274,4032.0,32.0,83996.0,0.9921259842519685,0.04580360794292725,5969.719999998808,86684.46159999947,419980.0,512634.18159999826,198900.15439999546
88087,0.7458173874758696,0.001674704840475213,4032.0,32.0,84055.0,0.9921259842519685,0.04577292903606662,5969.719999998808,86684.46159999947,420275.0,512929.18159999826,198605.15439999546
88146,0.746316930267213,0.0016715427075635813,4032.0,32.0,84114.0,0.9921259842519685,0.04574229119869308,5969.719999998808,86684.46159999947,420570.0,513224.18159999826,198310.15439999546
88205,0.7468164730585566,0.0016682730932162852,4032.0,32.0,84173.0,0.9921259842519685,0.04571169434839295,5969.719999998808,86684.46159999947,420865.0,513519.18159999826,198015.15439999546
88264,0.7473160158499,0.0016652263541507431,4032.0,32.0,84232.0,0.9921259842519685,0.0456811384029729,5969.719999998808,86684.46159999947,421160.0,513814.18159999826,197720.15439999546
88323,0.7478155586412436,0.001661986253797663,4032.0,32.0,84291.0,0.9921259842519685,0.04565062328045923,5969.719999998808,86684.46159999947,421455.0,514109.18159999826,197425.15439999546
88382,0.7483151014325872,0.0016586448384645423,4032.0,32.0,84350.0,0.9921259842519685,0.0456201488990971,5969.719999998808,86684.46159999947,421750.0,514404.18159999826,197130.15439999546
88441,0.7488146442239306,0.0016559140296270379,4032.0,32.0,84409.0,0.9921259842519685,0.045589715177349874,5969.719999998808,86684.46159999947,422045.0,514699.18159999826,196835.15439999546
88500,0.7493141870152742,0.001652353903971834,4033.0,31.0,84467.0,0.9923720472440944,0.045570621468926556,5866.7699999988545,86698.75659999947,422335.0,514900.52659999835,196633.80939999537
88559,0.7498137298066176,0.0016494611877698353,4033.0,31.0,84526.0,0.9923720472440944,0.045540261294730065,5866.7699999988545,86698.75659999947,422630.0,515195.52659999835,196338.80939999537
88618,0.7503132725979612,0.0016457186632988117,4033.0,31.0,84585.0,0.9923720472440944,0.045509941546864066,5866.7699999988545,86698.75659999947,422925.0,515490.52659999835,196043.80939999537
88677,0.7508128153893047,0.0016423968574053643,4034.0,30.0,84643.0,0.9926181102362205,0.045490939025902996,5733.819999998901,86716.05159999947,423215.0,515664.8715999984,195869.46439999534
88736,0.7513123581806482,0.0016401574368081634,4034.0,30.0,84702.0,0.9926181102362205,0.04546069239091237,5733.819999998901,86716.05159999947,423510.0,515959.8715999984,195574.46439999534
88795,0.7518119009719917,0.0016366367182450263,4034.0,30.0,84761.0,0.9926181102362205,0.04543048595078552,5733.819999998901,86716.05159999947,423805.0,516254.8715999984,195279.46439999534
88854,0.7523114437633353,0.001633257480338519,4034.0,30.0,84820.0,0.9926181102362205,0.04540031962545299,5733.819999998901,86716.05159999947,424100.0,516549.8715999984,194984.46439999534
88913,0.7528109865546788,0.0016308740062983386,4034.0,30.0,84879.0,0.9926181102362205,0.045370193335057867,5733.819999998901,86716.05159999947,424395.0,516844.8715999984,194689.46439999534
88972,0.7533105293460223,0.0016274995065070094,4034.0,30.0,84938.0,0.9926181102362205,0.04534010699995504,5733.819999998901,86716.05159999947,424690.0,517139.8715999984,194394.46439999534
89031,0.7538100721373658,0.001624320550608623,4034.0,30.0,84997.0,0.9926181102362205,0.04531006054071054,5733.819999998901,86716.05159999947,424985.0,517434.8715999984,194099.46439999534
89090,0.7543096149287093,0.0016205157599505503,4034.0,30.0,85056.0,0.9926181102362205,0.045280053878100794,5733.819999998901,86716.05159999947,425280.0,517729.8715999984,193804.46439999534
89149,0.7548091577200529,0.0016171792406035257,4034.0,30.0,85115.0,0.9926181102362205,0.04525008693311198,5733.819999998901,86716.05159999947,425575.0,518024.8715999984,193509.46439999534
89208,0.7553087005113963,0.0016137293099085777,4034.0,30.0,85174.0,0.9926181102362205,0.04522015962693929,5733.819999998901,86716.05159999947,425870.0,518319.8715999984,193214.46439999534
89267,0.7558082433027399,0.001610906207548534,4034.0,30.0,85233.0,0.9926181102362205,0.04519027188098625,5733.819999998901,86716.05159999947,426165.0,518614.8715999984,192919.46439999534
89326,0.7563077860940833,0.0016077136539033928,4034.0,30.0,85292.0,0.9926181102362205,0.04516042361686407,5733.819999998901,86716.05159999947,426460.0,518909.8715999984,192624.46439999534
89385,0.7568073288854269,0.0016042869249250505,4034.0,30.0,85351.0,0.9926181102362205,0.045130614756390894,5733.819999998901,86716.05159999947,426755.0,519204.8715999984,192329.46439999534
89444,0.7573068716767705,0.0016009964347079688,4034.0,30.0,85410.0,0.9926181102362205,0.04510084522159116,5733.819999998901,86716.05159999947,427050.0,519499.8715999984,192034.46439999534
89503,0.7578064144681139,0.0015982986139326345,4034.0,30.0,85469.0,0.9926181102362205,0.04507111493469493,5733.819999998901,86716.05159999947,427345.0,519794.8715999984,191739.46439999534
89562,0.7583059572594575,0.0015948662643341072,4034.0,30.0,85528.0,0.9926181102362205,0.04504142381813716,5733.819999998901,86716.05159999947,427640.0,520089.8715999984,191444.46439999534
89621,0.7588055000508009,0.0015918786361800595,4034.0,30.0,85587.0,0.9926181102362205,0.04501177179455708,5733.819999998901,86716.05159999947,427935.0,520384.8715999984,191149.46439999534
89680,0.7593050428421445,0.0015885234185548463,4035.0,29.0,85645.0,0.9928641732283464,0.044993309545049064,5681.869999998948,86725.24659999946,428225.0,520632.11659999844,190902.2193999953
89739,0.759804585633488,0.0015855811503241233,4035.0,29.0,85704.0,0.9928641732283464,0.044963728144953696,5681.869999998948,86725.24659999946,428520.0,520927.11659999844,190607.2193999953
89798,0.7603041284248315,0.0015830218126318572,4037.0,27.0,85761.0,0.9933562992125984,0.04495645782756854,2529.8999999989755,87048.44359999946,428805.0,518383.34359999845,193150.99239999527
89857,0.760803671216175,0.0015799344716582754,4037.0,27.0,85820.0,0.9933562992125984,0.044926939470492006,2529.8999999989755,87048.44359999946,429100.0,518678.34359999845,192855.99239999527
89916,0.7613032140075185,0.0015761855784037296,4037.0,27.0,85879.0,0.9933562992125984,0.044897459851416875,2529.8999999989755,87048.44359999946,429395.0,518973.34359999845,192560.99239999527
89975,0.7618027567988621,0.001572965027768976,4038.0,26.0,85937.0,0.9936023622047244,0.044879133092525704,2475.8999999989755,87057.84359999945,429685.0,519218.7435999984,192315.5923999953
90034,0.7623022995902056,0.0015702631087415912,4038.0,26.0,85996.0,0.9936023622047244,0.044849723437812385,2475.8999999989755,87057.84359999945,429980.0,519513.7435999984,192020.5923999953
90093,0.7628018423815491,0.0015675980105686802,4038.0,26.0,86055.0,0.9936023622047244,0.044820352302620624,2475.8999999989755,87057.84359999945,430275.0,519808.7435999984,191725.5923999953
90152,0.7633013851728926,0.001564213570213836,4038.0,26.0,86114.0,0.9936023622047244,0.0447910196113231,2475.8999999989755,87057.84359999945,430570.0,520103.7435999984,191430.5923999953
90211,0.7638009279642362,0.0015608170099030004,4038.0,26.0,86173.0,0.9936023622047244,0.04476172528849032,2475.8999999989755,87057.84359999945,430865.0,520398.7435999984,191135.5923999953
90270,0.7643004707555796,0.0015581669667230863,4038.0,26.0,86232.0,0.9936023622047244,0.04473246925889,2475.8999999989755,87057.84359999945,431160.0,520693.7435999984,190840.5923999953
90329,0.7648000135469232,0.0015543018696087011,4038.0,26.0,86291.0,0.9936023622047244,0.04470325144748641,2475.8999999989755,87057.84359999945,431455.0,520988.7435999984,190545.5923999953
90388,0.7652995563382666,0.0015512901033545175,4038.0,26.0,86350.0,0.9936023622047244,0.04467407177943975,2475.8999999989755,87057.84359999945,431750.0,521283.7435999984,190250.5923999953
90447,0.7657990991296102,0.00154837776979572,4038.0,26.0,86409.0,0.9936023622047244,0.04464493018010548,2475.8999999989755,87057.84359999945,432045.0,521578.7435999984,189955.5923999953
90506,0.7662986419209536,0.001544502199124362,4038.0,26.0,86468.0,0.9936023622047244,0.0446158265750337,2475.8999999989755,87057.84359999945,432340.0,521873.7435999984,189660.5923999953
90565,0.7667981847122972,0.0015413175855189913,4038.0,26.0,86527.0,0.9936023622047244,0.04458676088996853,2475.8999999989755,87057.84359999945,432635.0,522168.7435999984,189365.5923999953
90624,0.7672977275036408,0.0015384309722019935,4039.0,25.0,86585.0,0.9938484251968503,0.044568767655367235,2414.949999999022,87067.93859999946,432925.0,522407.8885999985,189126.44739999523
90683,0.7677972702949842,0.0015357025008990003,4040.0,24.0,86643.0,0.9940944881889764,0.04455079783421369,2280.9999999990687,87085.33359999945,433215.0,522581.3335999985,188953.00239999522
90742,0.7682968130863278,0.0015328312557925821,4040.0,24.0,86702.0,0.9940944881889764,0.04452183112560887,2280.9999999990687,87085.33359999945,433510.0,522876.3335999985,188658.00239999522
90801,0.7687963558776713,0.0015294481639872896,4040.0,24.0,86761.0,0.9940944881889764,0.044492902060549996,2280.9999999990687,87085.33359999945,433805.0,523171.3335999985,188363.00239999522
90860,0.7692958986690148,0.0015261350869252366,4040.0,24.0,86820.0,0.9940944881889764,0.04446401056570548,2280.9999999990687,87085.33359999945,434100.0,523466.3335999985,188068.00239999522
90919,0.7697954414603583,0.0015237964747279273,4040.0,24.0,86879.0,0.9940944881889764,0.04443515656793409,2280.9999999990687,87085.33359999945,434395.0,523761.3335999985,187773.00239999522
90978,0.7702949842517018,0.0015211075946488936,4040.0,24.0,86938.0,0.9940944881889764,0.04440633999428433,2280.9999999990687,87085.33359999945,434690.0,524056.3335999985,187478.00239999522
91037,0.7707945270430453,0.0015181192125728715,4041.0,23.0,86996.0,0.9943405511811023,0.044388545316739345,2230.0499999991152,87094.42859999945,434980.0,524304.4785999985,187229.8573999952
91096,0.7712940698343889,0.0015154431822630564,4041.0,23.0,87055.0,0.9943405511811023,0.04435979625889172,2230.0499999991152,87094.42859999945,435275.0,524599.4785999985,186934.8573999952
91155,0.7717936126257324,0.00151260643895243,4041.0,23.0,87114.0,0.9943405511811023,0.044331084416652955,2230.0499999991152,87094.42859999945,435570.0,524894.4785999985,186639.8573999952
91214,0.7722931554170759,0.00150902295279632,4041.0,23.0,87173.0,0.9943405511811023,0.044302409717806475,2230.0499999991152,87094.42859999945,435865.0,525189.4785999985,186344.8573999952
91273,0.7727926982084194,0.0015061258010848945,4041.0,23.0,87232.0,0.9943405511811023,0.04427377209032244,2230.0499999991152,87094.42859999945,436160.0,525484.4785999985,186049.8573999952
91332,0.7732922409997629,0.0015030927979736669,4042.0,22.0,87290.0,0.9945866141732284,0.044256120527306965,2105.0499999991152,87110.92859999945,436450.0,525665.9785999985,185868.3573999952
91391,0.7737917837911065,0.001499644231574196,4042.0,22.0,87349.0,0.9945866141732284,0.04422754975872898,2105.0499999991152,87110.92859999945,436745.0,525960.9785999985,185573.3573999952
91450,0.7742913265824499,0.0014970738727673202,4042.0,22.0,87408.0,0.9945866141732284,0.04419901585565883,2105.0499999991152,87110.92859999945,437040.0,526255.9785999985,185278.3573999952
91509,0.7747908693737935,0.00149368874008754,4042.0,22.0,87467.0,0.9945866141732284,0.044170518746789934,2105.0499999991152,87110.92859999945,437335.0,526550.9785999985,184983.3573999952
91568,0.7752904121651369,0.0014908539663420828,4042.0,22.0,87526.0,0.9945866141732284,0.04414205836099948,2105.0499999991152,87110.92859999945,437630.0,526845.9785999985,184688.3573999952
91627,0.7757899549564805,0.0014878311707479455,4042.0,22.0,87585.0,0.9945866141732284,0.04411363462734783,2105.0499999991152,87110.92859999945,437925.0,527140.9785999985,184393.3573999952
91686,0.7762894977478241,0.0014850969303314004,4042.0,22.0,87644.0,0.9945866141732284,0.044085247475077985,2105.0499999991152,87110.92859999945,438220.0,527435.9785999985,184098.3573999952
91745,0.7767890405391675,0.00148265170302905,4042.0,22.0,87703.0,0.9945866141732284,0.04405689683361491,2105.0499999991152,87110.92859999945,438515.0,527730.9785999985,183803.3573999952
91804,0.7772885833305111,0.0014798430594908766,4042.0,22.0,87762.0,0.9945866141732284,0.04402858263256503,2105.0499999991152,87110.92859999945,438810.0,528025.9785999985,183508.3573999952
91863,0.7777881261218546,0.0014761656076570082,4042.0,22.0,87821.0,0.9945866141732284,0.0440003048017156,2105.0499999991152,87110.92859999945,439105.0,528320.9785999985,183213.3573999952
91922,0.7782876689131981,0.0014731706004302081,4043.0,21.0,87879.0,0.9948326771653543,0.04398294205957225,2053.0499999991152,87120.12859999944,439395.0,528568.1785999986,182966.15739999514
91981,0.7787872117045416,0.0014699651565499322,4043.0,21.0,87938.0,0.9948326771653543,0.043954729781150455,2053.0499999991152,87120.12859999944,439690.0,528863.1785999986,182671.15739999514
92040,0.7792867544958851,0.001466841773488128,4043.0,21.0,87997.0,0.9948326771653543,0.04392655367231638,2053.0499999991152,87120.12859999944,439985.0,529158.1785999986,182376.15739999514
92099,0.7797862972872286,0.0014634165691347616,4043.0,21.0,88056.0,0.9948326771653543,0.04389841366355769,2053.0499999991152,87120.12859999944,440280.0,529453.1785999986,182081.15739999514
92158,0.7802858400785722,0.0014611354767154216,4043.0,21.0,88115.0,0.9948326771653543,0.04387030968554005,2053.0499999991152,87120.12859999944,440575.0,529748.1785999986,181786.15739999514
92217,0.7807853828699157,0.0014578134734317002,4043.0,21.0,88174.0,0.9948326771653543,0.043842241669106566,2053.0499999991152,87120.12859999944,440870.0,530043.1785999986,181491.15739999514
92276,0.7812849256612592,0.0014549926497942167,4043.0,21.0,88233.0,0.9948326771653543,0.04381420954527721,2053.0499999991152,87120.12859999944,441165.0,530338.1785999986,181196.15739999514
92335,0.7817844684526027,0.0014521139100768798,4043.0,21.0,88292.0,0.9948326771653543,0.04378621324524828,2053.0499999991152,87120.12859999944,441460.0,530633.1785999986,180901.15739999514
92394,0.7822840112439462,0.001448560626049183,4043.0,21.0,88351.0,0.9948326771653543,0.0437582527003918,2053.0499999991152,87120.12859999944,441755.0,530928.1785999986,180606.15739999514
92453,0.7827835540352898,0.00144581191801322,4043.0,21.0,88410.0,0.9948326771653543,0.04373032784225498,2053.0499999991152,87120.12859999944,442050.0,531223.1785999986,180311.15739999514
92512,0.7832830968266332,0.0014428066088648635,4043.0,21.0,88469.0,0.9948326771653543,0.043702438602559665,2053.0499999991152,87120.12859999944,442345.0,531518.1785999986,180016.15739999514
92571,0.7837826396179768,0.001440132579616039,4043.0,21.0,88528.0,0.9948326771653543,0.04367458491320176,2053.0499999991152,87120.12859999944,442640.0,531813.1785999986,179721.15739999514
92630,0.7842821824093202,0.0014371738556914087,4043.0,21.0,88587.0,0.9948326771653543,0.04364676670625067,2053.0499999991152,87120.12859999944,442935.0,532108.1785999986,179426.15739999514
92689,0.7847817252006638,0.0014342752477934718,4043.0,21.0,88646.0,0.9948326771653543,0.0436189839139488,2053.0499999991152,87120.12859999944,443230.0,532403.1785999986,179131.15739999514
92748,0.7852812679920074,0.0014308906776113529,4043.0,21.0,88705.0,0.9948326771653543,0.043591236468710916,2053.0499999991152,87120.12859999944,443525.0,532698.1785999986,178836.15739999514
92807,0.7857808107833508,0.001428123345669732,4043.0,21.0,88764.0,0.9948326771653543,0.043563524303123685,2053.0499999991152,87120.12859999944,443820.0,532993.1785999986,178541.15739999514
92866,0.7862803535746944,0.0014253564713717045,4044.0,20.0,88822.0,0.9950787401574803,0.04354661555359335,1997.0999999991618,87129.72359999944,444110.0,533236.8235999986,178297.51239999512
92925,0.7867798963660378,0.0014224004946787666,4044.0,20.0,88881.0,0.9950787401574803,0.04351896690879742,1997.0999999991618,87129.72359999944,444405.0,533531.8235999986,178002.51239999512
92984,0.7872794391573814,0.0014194655464439144,4045.0,19.0,88939.0,0.9953248031496063,0.04350210788952938,1914.1499999992084,87142.01859999944,444695.0,533751.1685999987,177783.16739999503
93043,0.7877789819487249,0.0014164468869713013,4045.0,19.0,88998.0,0.9953248031496063,0.04347452253259246,1914.1499999992084,87142.01859999944,444990.0,534046.1685999987,177488.16739999503
93102,0.7882785247400684,0.0014134114069213291,4045.0,19.0,89057.0,0.9953248031496063,0.04344697213808511,1914.1499999992084,87142.01859999944,445285.0,534341.1685999987,177193.16739999503
93161,0.7887780675314119,0.0014104898739779772,4045.0,19.0,89116.0,0.9953248031496063,0.04341945663958094,1914.1499999992084,87142.01859999944,445580.0,534636.1685999987,176898.16739999503
93220,0.7892776103227555,0.0014077360007966515,4045.0,19.0,89175.0,0.9953248031496063,0.043391975970821714,1914.1499999992084,87142.01859999944,445875.0,534931.1685999987,176603.16739999503
93279,0.7897771531140989,0.0014048324765892919,4045.0,19.0,89234.0,0.9953248031496063,0.043364530065716826,1914.1499999992084,87142.01859999944,446170.0,535226.1685999987,176308.16739999503
93338,0.7902766959054425,0.001402392375499388,4045.0,19.0,89293.0,0.9953248031496063,0.0433371188583428,1914.1499999992084,87142.01859999944,446465.0,535521.1685999987,176013.16739999503
93397,0.790776238696786,0.0013989921399500639,4045.0,19.0,89352.0,0.9953248031496063,0.04330974228294271,1914.1499999992084,87142.01859999944,446760.0,535816.1685999987,175718.16739999503
93456,0.7912757814881295,0.0013957910406243027,4045.0,19.0,89411.0,0.9953248031496063,0.0432824002739257,1914.1499999992084,87142.01859999944,447055.0,536111.1685999987,175423.16739999503
93515,0.7917753242794731,0.0013934850026239608,4045.0,19.0,89470.0,0.9953248031496063,0.04325509276586644,1914.1499999992084,87142.01859999944,447350.0,536406.1685999987,175128.16739999503
93574,0.7922748670708165,0.00139069093139386,4045.0,19.0,89529.0,0.9953248031496063,0.04322781969350461,1914.1499999992084,87142.01859999944,447645.0,536701.1685999987,174833.16739999503
93633,0.7927744098621601,0.0013878859502961952,4045.0,19.0,89588.0,0.9953248031496063,0.04320058099174436,1914.1499999992084,87142.01859999944,447940.0,536996.1685999987,174538.16739999503
93692,0.7932739526535035,0.0013849800759634912,4045.0,19.0,89647.0,0.9953248031496063,0.043173376595653845,1914.1499999992084,87142.01859999944,448235.0,537291.1685999987,174243.16739999503
93751,0.7937734954448471,0.0013821647096638524,4045.0,19.0,89706.0,0.9953248031496063,0.043146206440464636,1914.1499999992084,87142.01859999944,448530.0,537586.1685999987,173948.16739999503
93810,0.7942730382361906,0.00137879190131646,4045.0,19.0,89765.0,0.9953248031496063,0.04311907046157126,1914.1499999992084,87142.01859999944,448825.0,537881.1685999987,173653.16739999503
93869,0.7947725810275341,0.0013758780738766362,4045.0,19.0,89824.0,0.9953248031496063,0.043091968594530676,1914.1499999992084,87142.01859999944,449120.0,538176.1685999987,173358.16739999503
93928,0.7952721238188777,0.0013728092765032767,4046.0,18.0,89882.0,0.9955708661417323,0.04307554722766374,1781.199999999255,87159.31359999943,449410.0,538350.5135999987,173183.82239999506
93987,0.7957716666102211,0.001369935403321261,4046.0,18.0,89941.0,0.9955708661417323,0.04304850670837456,1781.199999999255,87159.31359999943,449705.0,538645.5135999987,172888.82239999506
94046,0.7962712094015647,0.0013668621699465529,4046.0,18.0,90000.0,0.9955708661417323,0.04302150011696404,1781.199999999255,87159.31359999943,450000.0,538940.5135999987,172593.82239999506
94105,0.7967707521929082,0.0013638486387277048,4046.0,18.0,90059.0,0.9955708661417323,0.04299452738961798,1781.199999999255,87159.31359999943,450295.0,539235.5135999987,172298.82239999506
94164,0.7972702949842517,0.0013611231442418078,4046.0,18.0,90118.0,0.9955708661417323,0.04296758846268213,1781.199999999255,87159.31359999943,450590.0,539530.5135999987,172003.82239999506
94223,0.7977698377755952,0.0013580705139921404,4046.0,18.0,90177.0,0.9955708661417323,0.042940683272661664,1781.199999999255,87159.31359999943,450885.0,539825.5135999987,171708.82239999506
94282,0.7982693805669387,0.0013551471315896878,4046.0,18.0,90236.0,0.9955708661417323,0.0429138117562207,1781.199999999255,87159.31359999943,451180.0,540120.5135999987,171413.82239999506
94341,0.7987689233582822,0.001352172165839786,4046.0,18.0,90295.0,0.9955708661417323,0.04288697385018179,1781.199999999255,87159.31359999943,451475.0,540415.5135999987,171118.82239999506
94400,0.7992684661496258,0.0013494716768271775,4046.0,18.0,90354.0,0.9955708661417323,0.04286016949152542,1781.199999999255,87159.31359999943,451770.0,540710.5135999987,170823.82239999506
94459,0.7997680089409693,0.0013467741136735747,4046.0,18.0,90413.0,0.9955708661417323,0.04283339861738956,1781.199999999255,87159.31359999943,452065.0,541005.5135999987,170528.82239999506
94518,0.8002675517323128,0.001343895108469363,4046.0,18.0,90472.0,0.9955708661417323,0.042806661165069086,1781.199999999255,87159.31359999943,452360.0,541300.5135999987,170233.82239999506
94577,0.8007670945236564,0.0013413039699678097,4046.0,18.0,90531.0,0.9955708661417323,0.042779957072015394,1781.199999999255,87159.31359999943,452655.0,541595.5135999987,169938.82239999506
94636,0.8012666373149998,0.0013386531789813891,4046.0,18.0,90590.0,0.9955708661417323,0.042753286275835835,1781.199999999255,87159.31359999943,452950.0,541890.5135999987,169643.82239999506
94695,0.8017661801063434,0.0013358564401216894,4046.0,18.0,90649.0,0.9955708661417323,0.042726648714293256,1781.199999999255,87159.31359999943,453245.0,542185.5135999987,169348.82239999506
94754,0.8022657228976868,0.0013332165221146917,4047.0,17.0,90707.0,0.9958169291338582,0.04271059796947886,1730.2499999993015,87168.40859999943,453535.0,542433.6585999987,169100.67739999504
94813,0.8027652656890304,0.0013301526192229878,4047.0,17.0,90766.0,0.9958169291338582,0.042684020123822684,1730.2499999993015,87168.40859999943,453830.0,542728.6585999987,168805.67739999504
94872,0.8032648084803738,0.0013273789936487977,4047.0,17.0,90825.0,0.9958169291338582,0.04265747533518847,1730.2499999993015,87168.40859999943,454125.0,543023.6585999987,168510.67739999504
94931,0.8037643512717174,0.0013248382203834305,4047.0,17.0,90884.0,0.9958169291338582,0.042630963541940986,1730.2499999993015,87168.40859999943,454420.0,543318.6585999987,168215.67739999504
94990,0.804263894063061,0.001322321446467229,4047.0,17.0,90943.0,0.9958169291338582,0.04260448468259817,1730.2499999993015,87168.40859999943,454715.0,543613.6585999987,167920.67739999504
95049,0.8047634368544044,0.0013195679972857338,4047.0,17.0,91002.0,0.9958169291338582,0.04257803869583057,1730.2499999993015,87168.40859999943,455010.0,543908.6585999987,167625.67739999504
95108,0.805262979645748,0.0013163668949924766,4047.0,17.0,91061.0,0.9958169291338582,0.04255162552046095,1730.2499999993015,87168.40859999943,455305.0,544203.6585999987,167330.67739999504
95167,0.8057625224370915,0.0013131674902794848,4047.0,17.0,91120.0,0.9958169291338582,0.042525245095463765,1730.2499999993015,87168.40859999943,455600.0,544498.6585999987,167035.67739999504
95226,0.806262065228435,0.0013105426307217264,4047.0,17.0,91179.0,0.9958169291338582,0.04249889735996472,1730.2499999993015,87168.40859999943,455895.0,544793.6585999987,166740.67739999504
95285,0.8067616080197785,0.0013082057605660114,4047.0,17.0,91238.0,0.9958169291338582,0.04247258225324028,1730.2499999993015,87168.40859999943,456190.0,545088.6585999987,166445.67739999504
95344,0.807261150811122,0.0013056774512669965,4047.0,17.0,91297.0,0.9958169291338582,0.04244629971471724,1730.2499999993015,87168.40859999943,456485.0,545383.6585999987,166150.67739999504
95403,0.8077606936024655,0.001303021799403001,4047.0,17.0,91356.0,0.9958169291338582,0.0424200496839722,1730.2499999993015,87168.40859999943,456780.0,545678.6585999987,165855.67739999504
95462,0.8082602363938091,0.0013005214843818764,4048.0,16.0,91414.0,0.9960629921259843,0.04240430747313067,1647.299999999348,87180.70359999943,457070.0,545898.0035999988,165636.33239999495
95521,0.8087597791851526,0.001297013100988595,4048.0,16.0,91473.0,0.9960629921259843,0.04237811580699532,1647.299999999348,87180.70359999943,457365.0,546193.0035999988,165341.33239999495
95580,0.8092593219764961,0.001294722839029254,4048.0,16.0,91532.0,0.9960629921259843,0.042351956476250265,1647.299999999348,87180.70359999943,457660.0,546488.0035999988,165046.33239999495
95639,0.8097588647678396,0.0012919871325749058,4048.0,16.0,91591.0,0.9960629921259843,0.042325829421052084,1647.299999999348,87180.70359999943,457955.0,546783.0035999988,164751.33239999495
95698,0.8102584075591831,0.001289046591898647,4048.0,16.0,91650.0,0.9960629921259843,0.04229973458170495,1647.299999999348,87180.70359999943,458250.0,547078.0035999988,164456.33239999495
95757,0.8107579503505267,0.0012864642171387048,4048.0,16.0,91709.0,0.9960629921259843,0.04227367189866015,1647.299999999348,87180.70359999943,458545.0,547373.0035999988,164161.33239999495
95816,0.8112574931418701,0.0012828749651008949,4048.0,16.0,91768.0,0.9960629921259843,0.042247641312515655,1647.299999999348,87180.70359999943,458840.0,547668.0035999988,163866.33239999495
95875,0.8117570359332137,0.0012804494104737547,4048.0,16.0,91827.0,0.9960629921259843,0.042221642764015646,1647.299999999348,87180.70359999943,459135.0,547963.0035999988,163571.33239999495
95934,0.8122565787245571,0.0012779028944324281,4048.0,16.0,91886.0,0.9960629921259843,0.042195676194050076,1647.299999999348,87180.70359999943,459430.0,548258.0035999988,163276.33239999495
95993,0.8127561215159007,0.0012752094876347926,4048.0,16.0,91945.0,0.9960629921259843,0.04216974154365422,1647.299999999348,87180.70359999943,459725.0,548553.0035999988,162981.33239999495
96052,0.8132556643072442,0.0012725965165779132,4048.0,16.0,92004.0,0.9960629921259843,0.04214383875400825,1647.299999999348,87180.70359999943,460020.0,548848.0035999988,162686.33239999495
96111,0.8137552070985877,0.0012698559887835957,4048.0,16.0,92063.0,0.9960629921259843,0.042117967766436726,1647.299999999348,87180.70359999943,460315.0,549143.0035999988,162391.33239999495
96170,0.8142547498899313,0.0012673811601372,4048.0,16.0,92122.0,0.9960629921259843,0.042092128522408234,1647.299999999348,87180.70359999943,460610.0,549438.0035999988,162096.33239999495
96229,0.8147542926812747,0.0012648141527120756,4048.0,16.0,92181.0,0.9960629921259843,0.0420663209635349,1647.299999999348,87180.70359999943,460905.0,549733.0035999988,161801.33239999495
96288,0.8152538354726183,0.0012622687698691907,4048.0,16.0,92240.0,0.9960629921259843,0.04204054503157195,1647.299999999348,87180.70359999943,461200.0,550028.0035999988,161506.33239999495
96347,0.8157533782639618,0.0012586703072236163,4048.0,16.0,92299.0,0.9960629921259843,0.042014800668417285,1647.299999999348,87180.70359999943,461495.0,550323.0035999988,161211.33239999495
96406,0.8162529210553053,0.0012560254565078697,4048.0,16.0,92358.0,0.9960629921259843,0.04198908781611103,1647.299999999348,87180.70359999943,461790.0,550618.0035999988,160916.33239999495
96465,0.8167524638466488,0.001252909308351711,4048.0,16.0,92417.0,0.9960629921259843,0.041963406416835124,1647.299999999348,87180.70359999943,462085.0,550913.0035999988,160621.33239999495
96524,0.8172520066379924,0.001249807300378759,4048.0,16.0,92476.0,0.9960629921259843,0.04193775641291285,1647.299999999348,87180.70359999943,462380.0,551208.0035999988,160326.33239999495
96583,0.8177515494293358,0.0012467295748861186,4048.0,16.0,92535.0,0.9960629921259843,0.041912137746808444,1647.299999999348,87180.70359999943,462675.0,551503.0035999988,160031.33239999495
96642,0.8182510922206794,0.0012444086295286352,4049.0,15.0,92593.0,0.9963090551181102,0.04189689782910122,1564.3499999993946,87192.99859999942,462965.0,551722.3485999989,159811.98739999486
96701,0.8187506350120229,0.0012414987808397322,4049.0,15.0,92652.0,0.9963090551181102,0.04187133535330555,1564.3499999993946,87192.99859999942,463260.0,552017.3485999989,159516.98739999486
96760,0.8192501778033664,0.0012389457564236134,4049.0,15.0,92711.0,0.9963090551181102,0.04184580405126085,1564.3499999993946,87192.99859999942,463555.0,552312.3485999989,159221.98739999486
96819,0.81974972059471,0.0012361525916065215,4049.0,15.0,92770.0,0.9963090551181102,0.04182030386597672,1564.3499999993946,87192.99859999942,463850.0,552607.3485999989,158926.98739999486
96878,0.8202492633860534,0.0012336258739626283,4049.0,15.0,92829.0,0.9963090551181102,0.04179483474060158,1564.3499999993946,87192.99859999942,464145.0,552902.3485999989,158631.98739999486
96937,0.820748806177397,0.0012310580051638899,4049.0,15.0,92888.0,0.9963090551181102,0.04176939661842227,1564.3499999993946,87192.99859999942,464440.0,553197.3485999989,158336.98739999486
96996,0.8212483489687404,0.0012288720340063659,4049.0,15.0,92947.0,0.9963090551181102,0.04174398944286362,1564.3499999993946,87192.99859999942,464735.0,553492.3485999989,158041.98739999486
97055,0.821747891760084,0.0012258469775611898,4049.0,15.0,93006.0,0.9963090551181102,0.041718613157488024,1564.3499999993946,87192.99859999942,465030.0,553787.3485999989,157746.98739999486
97114,0.8222474345514275,0.0012234537407082727,4049.0,15.0,93065.0,0.9963090551181102,0.04169326770599502,1564.3499999993946,87192.99859999942,465325.0,554082.3485999989,157451.98739999486
97173,0.822746977342771,0.0012203064388990243,4049.0,15.0,93124.0,0.9963090551181102,0.041667953032220886,1564.3499999993946,87192.99859999942,465620.0,554377.3485999989,157156.98739999486
97232,0.8232465201341146,0.0012173251038634567,4049.0,15.0,93183.0,0.9963090551181102,0.04164266908013822,1564.3499999993946,87192.99859999942,465915.0,554672.3485999989,156861.98739999486
97291,0.823746062925458,0.001214901563904676,4049.0,15.0,93242.0,0.9963090551181102,0.04161741579385555,1564.3499999993946,87192.99859999942,466210.0,554967.3485999989,156566.98739999486
97350,0.8242456057168016,0.0012122299750202854,4049.0,15.0,93301.0,0.9963090551181102,0.041592193117616846,1564.3499999993946,87192.99859999942,466505.0,555262.3485999989,156271.98739999486
97409,0.8247451485081451,0.0012093071292327362,4049.0,15.0,93360.0,0.9963090551181102,0.04156700099580121,1564.3499999993946,87192.99859999942,466800.0,555557.3485999989,155976.98739999486
97468,0.8252446912994886,0.001206408346923552,4049.0,15.0,93419.0,0.9963090551181102,0.0415418393729224,1564.3499999993946,87192.99859999942,467095.0,555852.3485999989,155681.98739999486
97527,0.8257442340908321,0.0012038955245301393,4049.0,15.0,93478.0,0.9963090551181102,0.04151670819362843,1564.3499999993946,87192.99859999942,467390.0,556147.3485999989,155386.98739999486
97586,0.8262437768821757,0.0012013877373049013,4050.0,14.0,93536.0,0.9965551181102362,0.041501854774250405,1513.3999999994412,87202.09359999941,467680.0,556395.4935999989,155138.84239999484
97645,0.8267433196735191,0.0011989462245450468,4050.0,14.0,93595.0,0.9965551181102362,0.041476778124839984,1513.3999999994412,87202.09359999941,467975.0,556690.4935999989,154843.84239999484
97704,0.8272428624648627,0.0011971020620283074,4051.0,13.0,93653.0,0.9968011811023622,0.04146196675673463,1358.4499999994878,87221.5885999994,468265.0,556845.0385999989,154689.2973999948
97763,0.8277424052562062,0.0011949523402400612,4051.0,13.0,93712.0,0.9968011811023622,0.04143694444728578,1358.4499999994878,87221.5885999994,468560.0,557140.0385999989,154394.2973999948
97822,0.8282419480475497,0.0011921982936153024,4051.0,13.0,93771.0,0.9968011811023622,0.04141195232156366,1358.4499999994878,87221.5885999994,468855.0,557435.0385999989,154099.2973999948
97881,0.8287414908388933,0.0011893057964130957,4051.0,13.0,93830.0,0.9968011811023622,0.04138699032498646,1358.4499999994878,87221.5885999994,469150.0,557730.0385999989,153804.2973999948
97940,0.8292410336302367,0.0011863400232798693,4051.0,13.0,93889.0,0.9968011811023622,0.04136205840310394,1358.4499999994878,87221.5885999994,469445.0,558025.0385999989,153509.2973999948
97999,0.8297405764215803,0.0011838453638633795,4051.0,13.0,93948.0,0.9968011811023622,0.04133715650159696,1358.4499999994878,87221.5885999994,469740.0,558320.0385999989,153214.2973999948
98058,0.8302401192129237,0.0011811426448082615,4051.0,13.0,94007.0,0.9968011811023622,0.0413122845662771,1358.4499999994878,87221.5885999994,470035.0,558615.0385999989,152919.2973999948
98117,0.8307396620042673,0.001178756061115057,4052.0,12.0,94065.0,0.9970472440944882,0.041297634456821955,1296.4999999995343,87231.7835999994,470325.0,558853.2835999989,152681.0523999948
98176,0.8312392047956108,0.0011762595459880619,4053.0,11.0,94123.0,0.9972933070866141,0.041283001955671444,1163.549999999581,87249.0785999994,470615.0,559027.628599999,152506.70739999472
98235,0.8317387475869543,0.0011738416046875202,4053.0,11.0,94182.0,0.9972933070866141,0.04125820735990227,1163.549999999581,87249.0785999994,470910.0,559322.628599999,152211.70739999472
98294,0.8322382903782978,0.0011716145395718575,4054.0,10.0,94240.0,0.9975393700787402,0.041243616090504,826.5999999996275,87286.77359999939,471200.0,559313.373599999,152220.96239999472
98353,0.8327378331696413,0.001169392055359074,4054.0,10.0,94299.0,0.9975393700787402,0.04121887486909398,826.5999999996275,87286.77359999939,471495.0,559608.373599999,151925.96239999472
98412,0.8332373759609849,0.0011663349151065983,4054.0,10.0,94358.0,0.9975393700787402,0.04119416331341706,826.5999999996275,87286.77359999939,471790.0,559903.373599999,151630.96239999472
98471,0.8337369187523284,0.0011637566956041658,4054.0,10.0,94417.0,0.9975393700787402,0.041169481370149585,826.5999999996275,87286.77359999939,472085.0,560198.373599999,151335.96239999472
98530,0.8342364615436719,0.0011611150958736013,4054.0,10.0,94476.0,0.9975393700787402,0.0411448289860956,826.5999999996275,87286.77359999939,472380.0,560493.373599999,151040.96239999472
98589,0.8347360043350154,0.0011582093969916192,4054.0,10.0,94535.0,0.9975393700787402,0.041120206108186515,826.5999999996275,87286.77359999939,472675.0,560788.373599999,150745.96239999472
98648,0.835235547126359,0.0011556588583643938,4054.0,10.0,94594.0,0.9975393700787402,0.04109561268348066,826.5999999996275,87286.77359999939,472970.0,561083.373599999,150450.96239999472
98707,0.8357350899177024,0.0011529562914111256,4054.0,10.0,94653.0,0.9975393700787402,0.04107104865916298,826.5999999996275,87286.77359999939,473265.0,561378.373599999,150155.96239999472
98766,0.836234632709046,0.0011500284208482057,4054.0,10.0,94712.0,0.9975393700787402,0.0410465139825446,826.5999999996275,87286.77359999939,473560.0,561673.373599999,149860.96239999472
98825,0.8367341755003894,0.0011467917087327987,4055.0,9.0,94770.0,0.9977854330708661,0.041032127498102706,775.649999999674,87295.86859999939,473850.0,561921.518599999,149612.8173999947
98884,0.837233718291733,0.001143701486488851,4055.0,9.0,94829.0,0.9977854330708661,0.041007645321791186,775.649999999674,87295.86859999939,474145.0,562216.518599999,149317.8173999947
98943,0.8377332610830766,0.0011415314610427217,4055.0,9.0,94888.0,0.9977854330708661,0.04098319234306621,775.649999999674,87295.86859999939,474440.0,562511.518599999,149022.8173999947
99002,0.83823280387442,0.0011383979181926434,4055.0,9.0,94947.0,0.9977854330708661,0.04095876850972708,775.649999999674,87295.86859999939,474735.0,562806.518599999,148727.8173999947
99061,0.8387323466657636,0.0011357155958159572,4055.0,9.0,95006.0,0.9977854330708661,0.04093437376969746,775.649999999674,87295.86859999939,475030.0,563101.518599999,148432.8173999947
99120,0.839231889457107,0.0011330992137330545,4055.0,9.0,95065.0,0.9977854330708661,0.04091000807102502,775.649999999674,87295.86859999939,475325.0,563396.518599999,148137.8173999947
99179,0.8397314322484506,0.0011305006318454503,4055.0,9.0,95124.0,0.9977854330708661,0.040885671361881044,775.649999999674,87295.86859999939,475620.0,563691.518599999,147842.8173999947
99238,0.840230975039794,0.0011274803124517007,4055.0,9.0,95183.0,0.9977854330708661,0.04086136359056007,775.649999999674,87295.86859999939,475915.0,563986.518599999,147547.8173999947
99297,0.8407305178311376,0.0011249033674841874,4055.0,9.0,95242.0,0.9977854330708661,0.04083708470547952,775.649999999674,87295.86859999939,476210.0,564281.518599999,147252.8173999947
99356,0.8412300606224811,0.001122536636354512,4055.0,9.0,95301.0,0.9977854330708661,0.040812834655179354,775.649999999674,87295.86859999939,476505.0,564576.518599999,146957.8173999947
99415,0.8417296034138246,0.0011196938352702995,4055.0,9.0,95360.0,0.9977854330708661,0.04078861338832168,775.649999999674,87295.86859999939,476800.0,564871.518599999,146662.8173999947
99474,0.8422291462051682,0.0011167971256029134,4055.0,9.0,95419.0,0.9977854330708661,0.04076442085369041,775.649999999674,87295.86859999939,477095.0,565166.518599999,146367.8173999947
99533,0.8427286889965117,0.001114340706863635,4055.0,9.0,95478.0,0.9977854330708661,0.04074025700019089,775.649999999674,87295.86859999939,477390.0,565461.518599999,146072.8173999947
99592,0.8432282317878552,0.0011114567241067006,4055.0,9.0,95537.0,0.9977854330708661,0.040716121776849544,775.649999999674,87295.86859999939,477685.0,565756.518599999,145777.8173999947
99651,0.8437277745791987,0.0011088158663591643,4055.0,9.0,95596.0,0.9977854330708661,0.04069201513281352,775.649999999674,87295.86859999939,477980.0,566051.518599999,145482.8173999947
99710,0.8442273173705422,0.0011058913994741921,4055.0,9.0,95655.0,0.9977854330708661,0.04066793701735032,775.649999999674,87295.86859999939,478275.0,566346.518599999,145187.8173999947
99769,0.8447268601618857,0.0011033821274268644,4055.0,9.0,95714.0,0.9977854330708661,0.04064388737984745,775.649999999674,87295.86859999939,478570.0,566641.518599999,144892.8173999947
99828,0.8452264029532293,0.0011012305708977268,4055.0,9.0,95773.0,0.9977854330708661,0.04061986616981208,775.649999999674,87295.86859999939,478865.0,566936.518599999,144597.8173999947
99887,0.8457259457445727,0.0010980263962299622,4055.0,9.0,95832.0,0.9977854330708661,0.04059587333687066,775.649999999674,87295.86859999939,479160.0,567231.518599999,144302.8173999947
99946,0.8462254885359163,0.0010953582036039092,4055.0,9.0,95891.0,0.9977854330708661,0.04057190883076862,775.649999999674,87295.86859999939,479455.0,567526.518599999,144007.8173999947
100005,0.8467250313272598,0.0010925091465821106,4055.0,9.0,95950.0,0.9977854330708661,0.040547972601369935,775.649999999674,87295.86859999939,479750.0,567821.518599999,143712.8173999947
100064,0.8472245741186033,0.0010899372967089812,4055.0,9.0,96009.0,0.9977854330708661,0.04052406459865686,775.649999999674,87295.86859999939,480045.0,568116.518599999,143417.8173999947
100123,0.8477241169099469,0.0010871749911312292,4055.0,9.0,96068.0,0.9977854330708661,0.04050018477272954,775.649999999674,87295.86859999939,480340.0,568411.518599999,143122.8173999947
100182,0.8482236597012903,0.0010847964486822349,4055.0,9.0,96127.0,0.9977854330708661,0.04047633307380567,775.649999999674,87295.86859999939,480635.0,568706.518599999,142827.8173999947
100241,0.8487232024926339,0.0010820672188467972,4055.0,9.0,96186.0,0.9977854330708661,0.04045250945222015,775.649999999674,87295.86859999939,480930.0,569001.518599999,142532.8173999947
100300,0.8492227452839773,0.0010792935377646035,4055.0,9.0,96245.0,0.9977854330708661,0.040428713858424725,775.649999999674,87295.86859999939,481225.0,569296.518599999,142237.8173999947
100359,0.8497222880753209,0.0010767296749497784,4055.0,9.0,96304.0,0.9977854330708661,0.040404946242987676,775.649999999674,87295.86859999939,481520.0,569591.518599999,141942.8173999947
100418,0.8502218308666644,0.001074096653780155,4055.0,9.0,96363.0,0.9977854330708661,0.04038120655659344,775.649999999674,87295.86859999939,481815.0,569886.518599999,141647.8173999947
100477,0.8507213736580079,0.0010715714747180154,4055.0,9.0,96422.0,0.9977854330708661,0.0403574947500423,775.649999999674,87295.86859999939,482110.0,570181.518599999,141352.8173999947
100536,0.8512209164493515,0.0010687394766573269,4055.0,9.0,96481.0,0.9977854330708661,0.04033381077425002,775.649999999674,87295.86859999939,482405.0,570476.518599999,141057.8173999947
100595,0.851720459240695,0.0010664492448218567,4055.0,9.0,96540.0,0.9977854330708661,0.040310154580247524,775.649999999674,87295.86859999939,482700.0,570771.518599999,140762.8173999947
100654,0.8522200020320385,0.0010642540293407078,4055.0,9.0,96599.0,0.9977854330708661,0.04028652611918056,775.649999999674,87295.86859999939,482995.0,571066.518599999,140467.8173999947
100713,0.852719544823382,0.0010619971893628848,4055.0,9.0,96658.0,0.9977854330708661,0.04026292534230933,775.649999999674,87295.86859999939,483290.0,571361.518599999,140172.8173999947
100772,0.8532190876147255,0.0010599183460166294,4055.0,9.0,96717.0,0.9977854330708661,0.040239352201008216,775.649999999674,87295.86859999939,483585.0,571656.518599999,139877.8173999947
100831,0.853718630406069,0.0010575625823126885,4055.0,9.0,96776.0,0.9977854330708661,0.04021580664676538,775.649999999674,87295.86859999939,483880.0,571951.518599999,139582.8173999947
100890,0.8542181731974126,0.0010547145433640276,4055.0,9.0,96835.0,0.9977854330708661,0.040192288631182474,775.649999999674,87295.86859999939,484175.0,572246.518599999,139287.8173999947
100949,0.854717715988756,0.0010519503990870946,4055.0,9.0,96894.0,0.9977854330708661,0.040168798105974304,775.649999999674,87295.86859999939,484470.0,572541.518599999,138992.8173999947
101008,0.8552172587800996,0.0010493657557681976,4055.0,9.0,96953.0,0.9977854330708661,0.04014533502296848,775.649999999674,87295.86859999939,484765.0,572836.518599999,138697.8173999947
101067,0.855716801571443,0.0010467962542588527,4056.0,8.0,97011.0,0.9980314960629921,0.04013179376057467,702.6999999997206,87307.16359999939,485055.0,573064.8635999991,138469.4723999946
101126,0.8562163443627866,0.0010444827034061877,4057.0,7.0,97069.0,0.9982775590551181,0.04011826829895378,619.7499999997672,87319.45859999939,485345.0,573284.2085999992,138250.12739999453
101185,0.8567158871541302,0.0010417872153175817,4057.0,7.0,97128.0,0.9982775590551181,0.04009487572268617,619.7499999997672,87319.45859999939,485640.0,573579.2085999992,137955.12739999453
101244,0.8572154299454736,0.0010394086376255213,4057.0,7.0,97187.0,0.9982775590551181,0.04007151041049346,619.7499999997672,87319.45859999939,485935.0,573874.2085999992,137660.12739999453
101303,0.8577149727368172,0.0010365261384871034,4057.0,7.0,97246.0,0.9982775590551181,0.04004817231473895,619.7499999997672,87319.45859999939,486230.0,574169.2085999992,137365.12739999453
101362,0.8582145155281606,0.0010343698605686379,4057.0,7.0,97305.0,0.9982775590551181,0.04002486138789684,619.7499999997672,87319.45859999939,486525.0,574464.2085999992,137070.12739999453
101421,0.8587140583195042,0.0010318934090277902,4057.0,7.0,97364.0,0.9982775590551181,0.040001577582551934,619.7499999997672,87319.45859999939,486820.0,574759.2085999992,136775.12739999453
101480,0.8592136011108477,0.0010298482421526335,4057.0,7.0,97423.0,0.9982775590551181,0.03997832085139929,619.7499999997672,87319.45859999939,487115.0,575054.2085999992,136480.12739999453
101539,0.8597131439021912,0.0010275388160896372,4057.0,7.0,97482.0,0.9982775590551181,0.03995509114724392,619.7499999997672,87319.45859999939,487410.0,575349.2085999992,136185.12739999453
101598,0.8602126866935347,0.0010248946463539505,4057.0,7.0,97541.0,0.9982775590551181,0.03993188842300045,619.7499999997672,87319.45859999939,487705.0,575644.2085999992,135890.12739999453
101657,0.8607122294848782,0.0010217797260656046,4057.0,7.0,97600.0,0.9982775590551181,0.03990871263169285,619.7499999997672,87319.45859999939,488000.0,575939.2085999992,135595.12739999453
101716,0.8612117722762218,0.001019451408092657,4057.0,7.0,97659.0,0.9982775590551181,0.03988556372645405,619.7499999997672,87319.45859999939,488295.0,576234.2085999992,135300.12739999453
101775,0.8617113150675653,0.0010174093125934417,4057.0,7.0,97718.0,0.9982775590551181,0.03986244166052567,619.7499999997672,87319.45859999939,488590.0,576529.2085999992,135005.12739999453
101834,0.8622108578589088,0.0010152168561297157,4058.0,6.0,97776.0,0.9985236220472441,0.039849166290237055,486.79999999981374,87336.75359999937,488880.0,576703.5535999992,134830.78239999455
101893,0.8627104006502523,0.0010129642948674127,4058.0,6.0,97835.0,0.9985236220472441,0.03982609207698272,486.79999999981374,87336.75359999937,489175.0,576998.5535999992,134535.78239999455
101952,0.8632099434415959,0.001009883391191106,4058.0,6.0,97894.0,0.9985236220472441,0.03980304456999372,486.79999999981374,87336.75359999937,489470.0,577293.5535999992,134240.78239999455
102011,0.8637094862329393,0.001007039523231236,4058.0,6.0,97953.0,0.9985236220472441,0.039780023722931844,486.79999999981374,87336.75359999937,489765.0,577588.5535999992,133945.78239999455
102070,0.8642090290242829,0.0010039803565215625,4058.0,6.0,98012.0,0.9985236220472441,0.039757029489565984,486.79999999981374,87336.75359999937,490060.0,577883.5535999992,133650.78239999455
102129,0.8647085718156263,0.0010018710880046308,4058.0,6.0,98071.0,0.9985236220472441,0.0397340618237719,486.79999999981374,87336.75359999937,490355.0,578178.5535999992,133355.78239999455
102188,0.8652081146069699,0.0009987057814549608,4058.0,6.0,98130.0,0.9985236220472441,0.03971112067953184,486.79999999981374,87336.75359999937,490650.0,578473.5535999992,133060.78239999455
102247,0.8657076573983135,0.000996397508210894,4058.0,6.0,98189.0,0.9985236220472441,0.039688206010934306,486.79999999981374,87336.75359999937,490945.0,578768.5535999992,132765.78239999455
102306,0.8662072001896569,0.0009937529294818787,4058.0,6.0,98248.0,0.9985236220472441,0.03966531777217368,486.79999999981374,87336.75359999937,491240.0,579063.5535999992,132470.78239999455
102365,0.8667067429810005,0.0009913410982918894,4058.0,6.0,98307.0,0.9985236220472441,0.039642455917549946,486.79999999981374,87336.75359999937,491535.0,579358.5535999992,132175.78239999455
102424,0.8672062857723439,0.0009887872337433485,4058.0,6.0,98366.0,0.9985236220472441,0.03961962040146841,486.79999999981374,87336.75359999937,491830.0,579653.5535999992,131880.78239999455
102483,0.8677058285636875,0.0009861475446389992,4058.0,6.0,98425.0,0.9985236220472441,0.03959681117843935,486.79999999981374,87336.75359999937,492125.0,579948.5535999992,131585.78239999455
102542,0.868205371355031,0.000982758712958789,4059.0,5.0,98483.0,0.99876968503937,0.039583780304655654,411.79999999981374,87348.25359999937,492415.0,580175.0535999992,131359.28239999455
102601,0.8687049141463745,0.000980394199672705,4059.0,5.0,98542.0,0.99876968503937,0.039561017923801914,411.79999999981374,87348.25359999937,492710.0,580470.0535999992,131064.28239999455
102660,0.869204456937718,0.0009780493729570749,4059.0,5.0,98601.0,0.99876968503937,0.039538281706604325,411.79999999981374,87348.25359999937,493005.0,580765.0535999992,130769.28239999455
102719,0.8697039997290615,0.0009753038977619546,4059.0,5.0,98660.0,0.99876968503937,0.03951557160797905,411.79999999981374,87348.25359999937,493300.0,581060.0535999992,130474.28239999455
102778,0.8702035425204051,0.0009734333167225647,4059.0,5.0,98719.0,0.99876968503937,0.039492887582945765,411.79999999981374,87348.25359999937,493595.0,581355.0535999992,130179.28239999455
102837,0.8707030853117486,0.0009706017256228592,4059.0,5.0,98778.0,0.99876968503937,0.03947022958662738,411.79999999981374,87348.25359999937,493890.0,581650.0535999992,129884.28239999455
102896,0.8712026281030921,0.0009681391988785992,4059.0,5.0,98837.0,0.99876968503937,0.039447597574249725,411.79999999981374,87348.25359999937,494185.0,581945.0535999992,129589.28239999455
102955,0.8717021708944356,0.0009657598752971848,4059.0,5.0,98896.0,0.99876968503937,0.039424991501141274,411.79999999981374,87348.25359999937,494480.0,582240.0535999992,129294.28239999455
103014,0.8722017136857791,0.0009633693540263472,4059.0,5.0,98955.0,0.99876968503937,0.03940241132273283,411.79999999981374,87348.25359999937,494775.0,582535.0535999992,128999.28239999455
103073,0.8727012564771226,0.0009607021104537456,4059.0,5.0,99014.0,0.99876968503937,0.039379856994557254,411.79999999981374,87348.25359999937,495070.0,582830.0535999992,128704.28239999455
103132,0.8732007992684662,0.0009572394981183112,4059.0,5.0,99073.0,0.99876968503937,0.03935732847224915,411.79999999981374,87348.25359999937,495365.0,583125.0535999992,128409.28239999455
103191,0.8737003420598096,0.0009549253514384116,4059.0,5.0,99132.0,0.99876968503937,0.03933482571154461,411.79999999981374,87348.25359999937,495660.0,583420.0535999992,128114.28239999455
103250,0.8741998848511532,0.0009528301104095428,4059.0,5.0,99191.0,0.99876968503937,0.03931234866828087,411.79999999981374,87348.25359999937,495955.0,583715.0535999992,127819.28239999455
103309,0.8746994276424968,0.0009505313191553376,4059.0,5.0,99250.0,0.99876968503937,0.039289897298396076,411.79999999981374,87348.25359999937,496250.0,584010.0535999992,127524.28239999455
103368,0.8751989704338402,0.0009481625839906601,4059.0,5.0,99309.0,0.99876968503937,0.03926747155792895,411.79999999981374,87348.25359999937,496545.0,584305.0535999992,127229.28239999455
103427,0.8756985132251838,0.0009450142246693535,4059.0,5.0,99368.0,0.99876968503937,0.039245071403018555,411.79999999981374,87348.25359999937,496840.0,584600.0535999992,126934.28239999455
103486,0.8761980560165272,0.0009423207541415572,4059.0,5.0,99427.0,0.99876968503937,0.03922269678990395,411.79999999981374,87348.25359999937,497135.0,584895.0535999992,126639.28239999455
103545,0.8766975988078708,0.0009387581359536409,4059.0,5.0,99486.0,0.99876968503937,0.03920034767492395,411.79999999981374,87348.25359999937,497430.0,585190.0535999992,126344.28239999455
103604,0.8771971415992142,0.0009365423820478392,4059.0,5.0,99545.0,0.99876968503937,0.03917802401451682,411.79999999981374,87348.25359999937,497725.0,585485.0535999992,126049.28239999455
103663,0.8776966843905578,0.0009339748345669421,4059.0,5.0,99604.0,0.99876968503937,0.039155725765219994,411.79999999981374,87348.25359999937,498020.0,585780.0535999992,125754.28239999455
103722,0.8781962271819013,0.000931173864705994,4059.0,5.0,99663.0,0.99876968503937,0.03913345288366981,411.79999999981374,87348.25359999937,498315.0,586075.0535999992,125459.28239999455
103781,0.8786957699732448,0.0009275486609248184,4059.0,5.0,99722.0,0.99876968503937,0.03911120532660121,411.79999999981374,87348.25359999937,498610.0,586370.0535999992,125164.28239999455
103840,0.8791953127645883,0.0009244635187292356,4059.0,5.0,99781.0,0.99876968503937,0.03908898305084746,411.79999999981374,87348.25359999937,498905.0,586665.0535999992,124869.28239999455
103899,0.8796948555559319,0.000920722334471322,4059.0,5.0,99840.0,0.99876968503937,0.03906678601333988,411.79999999981374,87348.25359999937,499200.0,586960.0535999992,124574.28239999455
103958,0.8801943983472754,0.0009180379590148759,4059.0,5.0,99899.0,0.99876968503937,0.039044614171107564,411.79999999981374,87348.25359999937,499495.0,587255.0535999992,124279.28239999455
104017,0.8806939411386189,0.0009154749165922916,4059.0,5.0,99958.0,0.99876968503937,0.0390224674812771,411.79999999981374,87348.25359999937,499790.0,587550.0535999992,123984.28239999455
104076,0.8811934839299624,0.0009134051040884225,4059.0,5.0,100017.0,0.99876968503937,0.03900034590107229,411.79999999981374,87348.25359999937,500085.0,587845.0535999992,123689.28239999455
104135,0.8816930267213059,0.0009106582128815573,4059.0,5.0,100076.0,0.99876968503937,0.0389782493878139,411.79999999981374,87348.25359999937,500380.0,588140.0535999992,123394.28239999455
104194,0.8821925695126495,0.000907511260578303,4059.0,5.0,100135.0,0.99876968503937,0.03895617789891932,411.79999999981374,87348.25359999937,500675.0,588435.0535999992,123099.28239999455
104253,0.8826921123039929,0.0009045434761107413,4059.0,5.0,100194.0,0.99876968503937,0.03893413139190239,411.79999999981374,87348.25359999937,500970.0,588730.0535999992,122804.28239999455
104312,0.8831916550953365,0.000902297124762044,4059.0,5.0,100253.0,0.99876968503937,0.038912109824373035,411.79999999981374,87348.25359999937,501265.0,589025.0535999992,122509.28239999455
104371,0.8836911978866799,0.0008995906162647682,4059.0,5.0,100312.0,0.99876968503937,0.038890113154037044,411.79999999981374,87348.25359999937,501560.0,589320.0535999992,122214.28239999455
104430,0.8841907406780235,0.0008967583687319999,4059.0,5.0,100371.0,0.99876968503937,0.038868141338695775,411.79999999981374,87348.25359999937,501855.0,589615.0535999992,121919.28239999455
104489,0.8846902834693671,0.000894253657664455,4059.0,5.0,100430.0,0.99876968503937,0.03884619433624592,411.79999999981374,87348.25359999937,502150.0,589910.0535999992,121624.28239999455
104548,0.8851898262607105,0.0008916576484383435,4059.0,5.0,100489.0,0.99876968503937,0.03882427210467919,411.79999999981374,87348.25359999937,502445.0,590205.0535999992,121329.28239999455
104607,0.8856893690520541,0.0008884120844150585,4059.0,5.0,100548.0,0.99876968503937,0.03880237460208208,411.79999999981374,87348.25359999937,502740.0,590500.0535999992,121034.28239999455
104666,0.8861889118433975,0.0008858429877448858,4059.0,5.0,100607.0,0.99876968503937,0.038780501786635585,411.79999999981374,87348.25359999937,503035.0,590795.0535999992,120739.28239999455
104725,0.8866884546347411,0.0008832681545592105,4059.0,5.0,100666.0,0.99876968503937,0.038758653616614944,411.79999999981374,87348.25359999937,503330.0,591090.0535999992,120444.28239999455
104784,0.8871879974260846,0.0008806805628037344,4059.0,5.0,100725.0,0.99876968503937,0.03873683005038937,411.79999999981374,87348.25359999937,503625.0,591385.0535999992,120149.28239999455
104843,0.8876875402174281,0.0008784973282602776,4059.0,5.0,100784.0,0.99876968503937,0.038715031046421794,411.79999999981374,87348.25359999937,503920.0,591680.0535999992,119854.28239999455
104902,0.8881870830087716,0.0008764571586066904,4059.0,5.0,100843.0,0.99876968503937,0.03869325656326857,411.79999999981374,87348.25359999937,504215.0,591975.0535999992,119559.28239999455
104961,0.8886866258001151,0.0008739530918458226,4059.0,5.0,100902.0,0.99876968503937,0.03867150655957927,411.79999999981374,87348.25359999937,504510.0,592270.0535999992,119264.28239999455
105020,0.8891861685914587,0.0008709732600312715,4059.0,5.0,100961.0,0.99876968503937,0.03864978099409636,411.79999999981374,87348.25359999937,504805.0,592565.0535999992,118969.28239999455
105079,0.8896857113828022,0.000868343173837256,4059.0,5.0,101020.0,0.99876968503937,0.038628079825654985,411.79999999981374,87348.25359999937,505100.0,592860.0535999992,118674.28239999455
105138,0.8901852541741457,0.0008649249402013741,4060.0,4.0,101078.0,0.9990157480314961,0.03861591432212901,328.8499999998603,87360.54859999937,505390.0,593079.3985999993,118454.93739999447
105197,0.8906847969654892,0.0008622744585670906,4061.0,3.0,101136.0,0.999261811023622,0.03860376246470907,255.89999999990687,87371.84359999937,505680.0,593307.7435999992,118226.5923999945
105256,0.8911843397568328,0.0008589194922720569,4061.0,3.0,101195.0,0.999261811023622,0.03858212358440374,255.89999999990687,87371.84359999937,505975.0,593602.7435999992,117931.5923999945
105315,0.8916838825481762,0.0008562957252195326,4061.0,3.0,101254.0,0.999261811023622,0.03856050894934245,255.89999999990687,87371.84359999937,506270.0,593897.7435999992,117636.5923999945
105374,0.8921834253395198,0.0008533563201190883,4061.0,3.0,101313.0,0.999261811023622,0.0385389185187997,255.89999999990687,87371.84359999937,506565.0,594192.7435999992,117341.5923999945
105433,0.8926829681308632,0.0008501429007990952,4061.0,3.0,101372.0,0.999261811023622,0.03851735225214117,255.89999999990687,87371.84359999937,506860.0,594487.7435999992,117046.5923999945
105492,0.8931825109222068,0.0008473585854113841,4061.0,3.0,101431.0,0.999261811023622,0.03849581010882342,255.89999999990687,87371.84359999937,507155.0,594782.7435999992,116751.5923999945
105551,0.8936820537135504,0.0008442784589617178,4061.0,3.0,101490.0,0.999261811023622,0.038474292048393664,255.89999999990687,87371.84359999937,507450.0,595077.7435999992,116456.5923999945
105610,0.8941815965048938,0.0008414909800569199,4061.0,3.0,101549.0,0.999261811023622,0.03845279803048954,255.89999999990687,87371.84359999937,507745.0,595372.7435999992,116161.5923999945
105669,0.8946811392962374,0.0008387519766161416,4061.0,3.0,101608.0,0.999261811023622,0.03843132801483879,255.89999999990687,87371.84359999937,508040.0,595667.7435999992,115866.5923999945
105728,0.8951806820875808,0.0008363939095479241,4061.0,3.0,101667.0,0.999261811023622,0.03840988196125908,255.89999999990687,87371.84359999937,508335.0,595962.7435999992,115571.5923999945
105787,0.8956802248789244,0.0008339969650773827,4061.0,3.0,101726.0,0.999261811023622,0.03838845982965771,255.89999999990687,87371.84359999937,508630.0,596257.7435999992,115276.5923999945
105846,0.8961797676702679,0.0008313482079629838,4061.0,3.0,101785.0,0.999261811023622,0.038367061580031364,255.89999999990687,87371.84359999937,508925.0,596552.7435999992,114981.5923999945
105905,0.8966793104616114,0.0008287576874128723,4061.0,3.0,101844.0,0.999261811023622,0.03834568717246589,255.89999999990687,87371.84359999937,509220.0,596847.7435999992,114686.5923999945
105964,0.8971788532529549,0.0008262378676845462,4061.0,3.0,101903.0,0.999261811023622,0.038324336567136005,255.89999999990687,87371.84359999937,509515.0,597142.7435999992,114391.5923999945
106023,0.8976783960442984,0.0008229154932461725,4061.0,3.0,101962.0,0.999261811023622,0.0383030097243051,255.89999999990687,87371.84359999937,509810.0,597437.7435999992,114096.5923999945
106082,0.898177938835642,0.0008205894721963013,4061.0,3.0,102021.0,0.999261811023622,0.03828170660432496,255.89999999990687,87371.84359999937,510105.0,597732.7435999992,113801.5923999945
106141,0.8986774816269855,0.0008178218765350258,4061.0,3.0,102080.0,0.999261811023622,0.0382604271676355,255.89999999990687,87371.84359999937,510400.0,598027.7435999992,113506.5923999945
106200,0.899177024418329,0.0008150659258207569,4061.0,3.0,102139.0,0.999261811023622,0.0382391713747646,255.89999999990687,87371.84359999937,510695.0,598322.7435999992,113211.5923999945
106259,0.8996765672096725,0.0008126612530677071,4061.0,3.0,102198.0,0.999261811023622,0.038217939186327744,255.89999999990687,87371.84359999937,510990.0,598617.7435999992,112916.5923999945
106318,0.900176110001016,0.0008100241542789296,4061.0,3.0,102257.0,0.999261811023622,0.0381967305630279,255.89999999990687,87371.84359999937,511285.0,598912.7435999992,112621.5923999945
106377,0.9006756527923595,0.0008074842366867124,4061.0,3.0,102316.0,0.999261811023622,0.03817554546565517,255.89999999990687,87371.84359999937,511580.0,599207.7435999992,112326.5923999945
106436,0.9011751955837031,0.0008046350742343909,4061.0,3.0,102375.0,0.999261811023622,0.03815438385508663,255.89999999990687,87371.84359999937,511875.0,599502.7435999992,112031.5923999945
106495,0.9016747383750465,0.0008014727462648328,4061.0,3.0,102434.0,0.999261811023622,0.03813324569228602,255.89999999990687,87371.84359999937,512170.0,599797.7435999992,111736.5923999945
106554,0.9021742811663901,0.000798549237027157,4061.0,3.0,102493.0,0.999261811023622,0.03811213093830358,255.89999999990687,87371.84359999937,512465.0,600092.7435999992,111441.5923999945
106613,0.9026738239577335,0.0007954629830580999,4061.0,3.0,102552.0,0.999261811023622,0.038091039554275744,255.89999999990687,87371.84359999937,512760.0,600387.7435999992,111146.5923999945
106672,0.9031733667490771,0.0007935283662163025,4061.0,3.0,102611.0,0.999261811023622,0.03806997150142493,255.89999999990687,87371.84359999937,513055.0,600682.7435999992,110851.5923999945
106731,0.9036729095404207,0.0007906369882686358,4061.0,3.0,102670.0,0.999261811023622,0.0380489267410593,255.89999999990687,87371.84359999937,513350.0,600977.7435999992,110556.5923999945
106790,0.9041724523317641,0.0007885617535679514,4061.0,3.0,102729.0,0.999261811023622,0.03802790523457253,255.89999999990687,87371.84359999937,513645.0,601272.7435999992,110261.5923999945
106849,0.9046719951231077,0.0007859776385686834,4061.0,3.0,102788.0,0.999261811023622,0.03800690694344355,255.89999999990687,87371.84359999937,513940.0,601567.7435999992,109966.5923999945
106908,0.9051715379144512,0.0007834854097413175,4061.0,3.0,102847.0,0.999261811023622,0.037985931829236354,255.89999999990687,87371.84359999937,514235.0,601862.7435999992,109671.5923999945
106967,0.9056710807057947,0.0007805218535936062,4061.0,3.0,102906.0,0.999261811023622,0.03796497985359971,255.89999999990687,87371.84359999937,514530.0,602157.7435999992,109376.5923999945
107026,0.9061706234971382,0.0007783090958646323,4061.0,3.0,102965.0,0.999261811023622,0.03794405097826696,255.89999999990687,87371.84359999937,514825.0,602452.7435999992,109081.5923999945
107085,0.9066701662884817,0.0007752686221455553,4062.0,2.0,103023.0,0.999507874015748,0.0379324835411122,122.94999999995343,87389.13859999937,515115.0,602627.0885999993,108907.2473999944
107144,0.9071697090798252,0.0007722419099549765,4062.0,2.0,103082.0,0.999507874015748,0.03791159560964683,122.94999999995343,87389.13859999937,515410.0,602922.0885999993,108612.2473999944
107203,0.9076692518711688,0.0007694538698286823,4062.0,2.0,103141.0,0.999507874015748,0.03789073066985066,122.94999999995343,87389.13859999937,515705.0,603217.0885999993,108317.2473999944
107262,0.9081687946625123,0.0007662475354103855,4062.0,2.0,103200.0,0.999507874015748,0.03786988868378363,122.94999999995343,87389.13859999937,516000.0,603512.0885999993,108022.2473999944
107321,0.9086683374538558,0.0007639323459082064,4062.0,2.0,103259.0,0.999507874015748,0.03784906961358914,122.94999999995343,87389.13859999937,516295.0,603807.0885999993,107727.2473999944
107380,0.9091678802451993,0.000760850039135462,4062.0,2.0,103318.0,0.999507874015748,0.03782827342149376,122.94999999995343,87389.13859999937,516590.0,604102.0885999993,107432.2473999944
107439,0.9096674230365428,0.0007586597735397906,4062.0,2.0,103377.0,0.999507874015748,0.03780750006980705,122.94999999995343,87389.13859999937,516885.0,604397.0885999993,107137.2473999944
107498,0.9101669658278864,0.0007560779840631876,4062.0,2.0,103436.0,0.999507874015748,0.03778674952092132,122.94999999995343,87389.13859999937,517180.0,604692.0885999993,106842.2473999944
107557,0.9106665086192298,0.0007534619851706553,4062.0,2.0,103495.0,0.999507874015748,0.03776602173731138,122.94999999995343,87389.13859999937,517475.0,604987.0885999993,106547.2473999944
107616,0.9111660514105734,0.0007508338807299515,4062.0,2.0,103554.0,0.999507874015748,0.037745316681534344,122.94999999995343,87389.13859999937,517770.0,605282.0885999993,106252.2473999944
107675,0.9116655942019168,0.0007482751836428866,4062.0,2.0,103613.0,0.999507874015748,0.0377246343162294,122.94999999995343,87389.13859999937,518065.0,605577.0885999993,105957.2473999944
107734,0.9121651369932604,0.0007451593342525382,4062.0,2.0,103672.0,0.999507874015748,0.03770397460411755,122.94999999995343,87389.13859999937,518360.0,605872.0885999993,105662.2473999944
107793,0.912664679784604,0.0007430774301743736,4062.0,2.0,103731.0,0.999507874015748,0.037683337508001444,122.94999999995343,87389.13859999937,518655.0,606167.0885999993,105367.2473999944
107852,0.9131642225759474,0.0007405381021750865,4062.0,2.0,103790.0,0.999507874015748,0.037662722990765125,122.94999999995343,87389.13859999937,518950.0,606462.0885999993,105072.2473999944
107911,0.913663765367291,0.0007374854795405666,4062.0,2.0,103849.0,0.999507874015748,0.03764213101537378,122.94999999995343,87389.13859999937,519245.0,606757.0885999993,104777.2473999944
107970,0.9141633081586344,0.0007352988093995308,4062.0,2.0,103908.0,0.999507874015748,0.037621561544873575,122.94999999995343,87389.13859999937,519540.0,607052.0885999993,104482.2473999944
108029,0.914662850949978,0.0007327774695384302,4062.0,2.0,103967.0,0.999507874015748,0.0376010145423914,122.94999999995343,87389.13859999937,519835.0,607347.0885999993,104187.2473999944
108088,0.9151623937413215,0.0007303907873998629,4062.0,2.0,104026.0,0.999507874015748,0.03758048997113463,122.94999999995343,87389.13859999937,520130.0,607642.0885999993,103892.2473999944
108147,0.915661936532665,0.0007275504824587914,4062.0,2.0,104085.0,0.999507874015748,0.037559987794390966,122.94999999995343,87389.13859999937,520425.0,607937.0885999993,103597.2473999944
108206,0.9161614793240085,0.0007248216432787839,4062.0,2.0,104144.0,0.999507874015748,0.03753950797552816,122.94999999995343,87389.13859999937,520720.0,608232.0885999993,103302.2473999944
108265,0.916661022115352,0.0007218358531974982,4062.0,2.0,104203.0,0.999507874015748,0.03751905047799381,122.94999999995343,87389.13859999937,521015.0,608527.0885999993,103007.2473999944
108324,0.9171605649066956,0.0007185074935535319,4062.0,2.0,104262.0,0.999507874015748,0.037498615265315165,122.94999999995343,87389.13859999937,521310.0,608822.0885999993,102712.2473999944
108383,0.9176601076980391,0.0007155135984117231,4062.0,2.0,104321.0,0.999507874015748,0.037478202301098884,122.94999999995343,87389.13859999937,521605.0,609117.0885999993,102417.2473999944
108442,0.9181596504893826,0.0007125884495959844,4062.0,2.0,104380.0,0.999507874015748,0.03745781154903082,122.94999999995343,87389.13859999937,521900.0,609412.0885999993,102122.2473999944
108501,0.9186591932807261,0.0007093796857404682,4062.0,2.0,104439.0,0.999507874015748,0.03743744297287582,122.94999999995343,87389.13859999937,522195.0,609707.0885999993,101827.2473999944
108560,0.9191587360720697,0.0007063021814244519,4062.0,2.0,104498.0,0.999507874015748,0.037417096536477526,122.94999999995343,87389.13859999937,522490.0,610002.0885999993,101532.2473999944
108619,0.9196582788634131,0.0007040333471638598,4062.0,2.0,104557.0,0.999507874015748,0.03739677220375809,122.94999999995343,87389.13859999937,522785.0,610297.0885999993,101237.2473999944
108678,0.9201578216547567,0.0007017409070071986,4062.0,2.0,104616.0,0.999507874015748,0.03737646993871805,122.94999999995343,87389.13859999937,523080.0,610592.0885999993,100942.2473999944
108737,0.9206573644461001,0.0006990876706886208,4062.0,2.0,104675.0,0.999507874015748,0.037356189705436055,122.94999999995343,87389.13859999937,523375.0,610887.0885999993,100647.2473999944
108796,0.9211569072374437,0.0006962184767880964,4062.0,2.0,104734.0,0.999507874015748,0.03733593146806868,122.94999999995343,87389.13859999937,523670.0,611182.0885999993,100352.2473999944
108855,0.9216564500287873,0.0006940382910658518,4062.0,2.0,104793.0,0.999507874015748,0.037315695190850214,122.94999999995343,87389.13859999937,523965.0,611477.0885999993,100057.2473999944
108914,0.9221559928201307,0.0006915925923949437,4062.0,2.0,104852.0,0.999507874015748,0.03729548083809244,122.94999999995343,87389.13859999937,524260.0,611772.0885999993,99762.2473999944
108973,0.9226555356114743,0.0006886506588331697,4062.0,2.0,104911.0,0.999507874015748,0.03727528837418443,122.94999999995343,87389.13859999937,524555.0,612067.0885999993,99467.2473999944
109032,0.9231550784028177,0.0006865611685342022,4062.0,2.0,104970.0,0.999507874015748,0.03725511776359234,122.94999999995343,87389.13859999937,524850.0,612362.0885999993,99172.2473999944
109091,0.9236546211941613,0.000683902540732978,4062.0,2.0,105029.0,0.999507874015748,0.03723496897085919,122.94999999995343,87389.13859999937,525145.0,612657.0885999993,98877.2473999944
109150,0.9241541639855048,0.0006812940280801954,4062.0,2.0,105088.0,0.999507874015748,0.03721484196060467,122.94999999995343,87389.13859999937,525440.0,612952.0885999993,98582.2473999944
109209,0.9246537067768483,0.0006788627426072433,4062.0,2.0,105147.0,0.999507874015748,0.03719473669752493,122.94999999995343,87389.13859999937,525735.0,613247.0885999993,98287.2473999944
109268,0.9251532495681918,0.0006761308742637514,4062.0,2.0,105206.0,0.999507874015748,0.03717465314639236,122.94999999995343,87389.13859999937,526030.0,613542.0885999993,97992.2473999944
109327,0.9256527923595353,0.0006731320804912789,4062.0,2.0,105265.0,0.999507874015748,0.03715459127205539,122.94999999995343,87389.13859999937,526325.0,613837.0885999993,97697.2473999944
109386,0.9261523351508788,0.0006701747998126165,4062.0,2.0,105324.0,0.999507874015748,0.03713455103943832,122.94999999995343,87389.13859999937,526620.0,614132.0885999993,97402.2473999944
109445,0.9266518779422224,0.0006671071064701055,4062.0,2.0,105383.0,0.999507874015748,0.03711453241354105,122.94999999995343,87389.13859999937,526915.0,614427.0885999993,97107.2473999944
109504,0.9271514207335659,0.0006639426494085748,4062.0,2.0,105442.0,0.999507874015748,0.03709453535943893,122.94999999995343,87389.13859999937,527210.0,614722.0885999993,96812.2473999944
109563,0.9276509635249094,0.0006608607359949324,4062.0,2.0,105501.0,0.999507874015748,0.03707455984228252,122.94999999995343,87389.13859999937,527505.0,615017.0885999993,96517.2473999944
109622,0.928150506316253,0.0006581103126196074,4062.0,2.0,105560.0,0.999507874015748,0.03705460582729744,122.94999999995343,87389.13859999937,527800.0,615312.0885999993,96222.2473999944
109681,0.9286500491075964,0.000655664833191627,4062.0,2.0,105619.0,0.999507874015748,0.0370346732797841,122.94999999995343,87389.13859999937,528095.0,615607.0885999993,95927.2473999944
109740,0.92914959189894,0.0006531375885609629,4062.0,2.0,105678.0,0.999507874015748,0.03701476216511755,122.94999999995343,87389.13859999937,528390.0,615902.0885999993,95632.2473999944
109799,0.9296491346902834,0.0006502489289212492,4062.0,2.0,105737.0,0.999507874015748,0.03699487244874726,122.94999999995343,87389.13859999937,528685.0,616197.0885999993,95337.2473999944
109858,0.930148677481627,0.0006480876250570872,4062.0,2.0,105796.0,0.999507874015748,0.03697500409619691,122.94999999995343,87389.13859999937,528980.0,616492.0885999993,95042.2473999944
109917,0.9306482202729705,0.000645375866464707,4062.0,2.0,105855.0,0.999507874015748,0.036955157073064224,122.94999999995343,87389.13859999937,529275.0,616787.0885999993,94747.2473999944
109976,0.931147763064314,0.0006429306811107607,4062.0,2.0,105914.0,0.999507874015748,0.03693533134502073,122.94999999995343,87389.13859999937,529570.0,617082.0885999993,94452.2473999944
110035,0.9316473058556576,0.0006394747973103886,4062.0,2.0,105973.0,0.999507874015748,0.036915526877811605,122.94999999995343,87389.13859999937,529865.0,617377.0885999993,94157.2473999944
110094,0.932146848647001,0.0006368831714328117,4063.0,1.0,106031.0,0.999753937007874,0.036904826784384254,72.94999999995343,87398.13859999937,530155.0,617626.0885999993,93908.2473999944
110153,0.9326463914383446,0.0006341213557294538,4063.0,1.0,106090.0,0.999753937007874,0.036885059871269964,72.94999999995343,87398.13859999937,530450.0,617921.0885999993,93613.2473999944
110212,0.9331459342296881,0.0006311448883489772,4063.0,1.0,106149.0,0.999753937007874,0.03686531412187421,72.94999999995343,87398.13859999937,530745.0,618216.0885999993,93318.2473999944
110271,0.9336454770210316,0.0006286611991479533,4063.0,1.0,106208.0,0.999753937007874,0.036845589502226335,72.94999999995343,87398.13859999937,531040.0,618511.0885999993,93023.2473999944
110330,0.9341450198123751,0.0006257722664567081,4063.0,1.0,106267.0,0.999753937007874,0.03682588597842835,72.94999999995343,87398.13859999937,531335.0,618806.0885999993,92728.2473999944
110389,0.9346445626037186,0.0006230218638468478,4063.0,1.0,106326.0,0.999753937007874,0.03680620351665474,72.94999999995343,87398.13859999937,531630.0,619101.0885999993,92433.2473999944
110448,0.9351441053950621,0.0006203876857368146,4063.0,1.0,106385.0,0.999753937007874,0.036786542083152254,72.94999999995343,87398.13859999937,531925.0,619396.0885999993,92138.2473999944
110507,0.9356436481864057,0.0006174810328182632,4063.0,1.0,106444.0,0.999753937007874,0.03676690164423973,72.94999999995343,87398.13859999937,532220.0,619691.0885999993,91843.2473999944
110566,0.9361431909777492,0.0006148317655702647,4063.0,1.0,106503.0,0.999753937007874,0.036747282166307904,72.94999999995343,87398.13859999937,532515.0,619986.0885999993,91548.2473999944
110625,0.9366427337690927,0.0006120170271085825,4063.0,1.0,106562.0,0.999753937007874,0.03672768361581921,72.94999999995343,87398.13859999937,532810.0,620281.0885999993,91253.2473999944
110684,0.9371422765604362,0.0006090890567904905,4063.0,1.0,106621.0,0.999753937007874,0.036708105959307576,72.94999999995343,87398.13859999937,533105.0,620576.0885999993,90958.2473999944
110743,0.9376418193517797,0.0006057136021706072,4063.0,1.0,106680.0,0.999753937007874,0.03668854916337827,72.94999999995343,87398.13859999937,533400.0,620871.0885999993,90663.2473999944
110802,0.9381413621431233,0.0006029699499155775,4063.0,1.0,106739.0,0.999753937007874,0.036669013194707674,72.94999999995343,87398.13859999937,533695.0,621166.0885999993,90368.2473999944
110861,0.9386409049344667,0.0005999637473102338,4063.0,1.0,106798.0,0.999753937007874,0.036649498020043116,72.94999999995343,87398.13859999937,533990.0,621461.0885999993,90073.2473999944
110920,0.9391404477258103,0.0005971254348127117,4063.0,1.0,106857.0,0.999753937007874,0.036630003606202666,72.94999999995343,87398.13859999937,534285.0,621756.0885999993,89778.2473999944
110979,0.9396399905171537,0.0005942874588253222,4063.0,1.0,106916.0,0.999753937007874,0.03661052992007497,72.94999999995343,87398.13859999937,534580.0,622051.0885999993,89483.2473999944
111038,0.9401395333084973,0.0005914501728280318,4063.0,1.0,106975.0,0.999753937007874,0.03659107692861903,72.94999999995343,87398.13859999937,534875.0,622346.0885999993,89188.2473999944
111097,0.9406390760998409,0.0005886815692003687,4063.0,1.0,107034.0,0.999753937007874,0.036571644598864056,72.94999999995343,87398.13859999937,535170.0,622641.0885999993,88893.2473999944
111156,0.9411386188911843,0.0005854587523535074,4063.0,1.0,107093.0,0.999753937007874,0.036552232897909244,72.94999999995343,87398.13859999937,535465.0,622936.0885999993,88598.2473999944
111215,0.9416381616825279,0.0005824295594704544,4063.0,1.0,107152.0,0.999753937007874,0.03653284179292362,72.94999999995343,87398.13859999937,535760.0,623231.0885999993,88303.2473999944
111274,0.9421377044738714,0.0005790388287071397,4063.0,1.0,107211.0,0.999753937007874,0.03651347125114582,72.94999999995343,87398.13859999937,536055.0,623526.0885999993,88008.2473999944
111333,0.9426372472652149,0.0005763119126068355,4063.0,1.0,107270.0,0.999753937007874,0.03649412123988395,72.94999999995343,87398.13859999937,536350.0,623821.0885999993,87713.2473999944
111392,0.9431367900565584,0.0005733375924718902,4063.0,1.0,107329.0,0.999753937007874,0.03647479172651537,72.94999999995343,87398.13859999937,536645.0,624116.0885999993,87418.2473999944
111451,0.9436363328479019,0.00057054684356069,4063.0,1.0,107388.0,0.999753937007874,0.03645548267848651,72.94999999995343,87398.13859999937,536940.0,624411.0885999993,87123.2473999944
111510,0.9441358756392454,0.0005674169702691286,4063.0,1.0,107447.0,0.999753937007874,0.03643619406331271,72.94999999995343,87398.13859999937,537235.0,624706.0885999993,86828.2473999944
111569,0.944635418430589,0.0005644272527419573,4063.0,1.0,107506.0,0.999753937007874,0.03641692584857801,72.94999999995343,87398.13859999937,537530.0,625001.0885999993,86533.2473999944
111628,0.9451349612219325,0.000561342416795391,4063.0,1.0,107565.0,0.999753937007874,0.036397678001935,72.94999999995343,87398.13859999937,537825.0,625296.0885999993,86238.2473999944
111687,0.945634504013276,0.0005582666631831313,4063.0,1.0,107624.0,0.999753937007874,0.03637845049110461,72.94999999995343,87398.13859999937,538120.0,625591.0885999993,85943.2473999944
111746,0.9461340468046195,0.0005548046560672555,4063.0,1.0,107683.0,0.999753937007874,0.036359243283875936,72.94999999995343,87398.13859999937,538415.0,625886.0885999993,85648.2473999944
111805,0.946633589595963,0.0005522660342432605,4063.0,1.0,107742.0,0.999753937007874,0.036340056348106074,72.94999999995343,87398.13859999937,538710.0,626181.0885999993,85353.2473999944
111864,0.9471331323873066,0.0005495346868947601,4063.0,1.0,107801.0,0.999753937007874,0.036320889651719944,72.94999999995343,87398.13859999937,539005.0,626476.0885999993,85058.2473999944
111923,0.94763267517865,0.0005464030340523579,4063.0,1.0,107860.0,0.999753937007874,0.03630174316271008,72.94999999995343,87398.13859999937,539300.0,626771.0885999993,84763.2473999944
111982,0.9481322179699936,0.0005439747540933579,4063.0,1.0,107919.0,0.999753937007874,0.036282616849136466,72.94999999995343,87398.13859999937,539595.0,627066.0885999993,84468.2473999944
112041,0.948631760761337,0.0005404724516150038,4063.0,1.0,107978.0,0.999753937007874,0.03626351067912639,72.94999999995343,87398.13859999937,539890.0,627361.0885999993,84173.2473999944
112100,0.9491313035526806,0.00053737128585171,4063.0,1.0,108037.0,0.999753937007874,0.03624442462087422,72.94999999995343,87398.13859999937,540185.0,627656.0885999993,83878.2473999944
112159,0.9496308463440241,0.000535015246915477,4063.0,1.0,108096.0,0.999753937007874,0.03622535864264125,72.94999999995343,87398.13859999937,540480.0,627951.0885999993,83583.2473999944
112218,0.9501303891353676,0.0005321077281781272,4063.0,1.0,108155.0,0.999753937007874,0.03620631271275553,72.94999999995343,87398.13859999937,540775.0,628246.0885999993,83288.2473999944
112277,0.9506299319267112,0.0005287326440751691,4063.0,1.0,108214.0,0.999753937007874,0.036187286799611675,72.94999999995343,87398.13859999937,541070.0,628541.0885999993,82993.2473999944
112336,0.9511294747180546,0.0005258218038247119,4063.0,1.0,108273.0,0.999753937007874,0.036168280871670705,72.94999999995343,87398.13859999937,541365.0,628836.0885999993,82698.2473999944
112395,0.9516290175093982,0.000523276072556763,4063.0,1.0,108332.0,0.999753937007874,0.03614929489745985,72.94999999995343,87398.13859999937,541660.0,629131.0885999993,82403.2473999944
112454,0.9521285603007417,0.0005201701555121959,4063.0,1.0,108391.0,0.999753937007874,0.036130328845572414,72.94999999995343,87398.13859999937,541955.0,629426.0885999993,82108.2473999944
112513,0.9526281030920852,0.0005169181376690632,4063.0,1.0,108450.0,0.999753937007874,0.03611138268466755,72.94999999995343,87398.13859999937,542250.0,629721.0885999993,81813.2473999944
112572,0.9531276458834287,0.0005138318287227991,4063.0,1.0,108509.0,0.999753937007874,0.03609245638347013,72.94999999995343,87398.13859999937,542545.0,630016.0885999993,81518.2473999944
112631,0.9536271886747723,0.0005108843912324496,4063.0,1.0,108568.0,0.999753937007874,0.036073549910770566,72.94999999995343,87398.13859999937,542840.0,630311.0885999993,81223.2473999944
112690,0.9541267314661157,0.0005084753805011586,4063.0,1.0,108627.0,0.999753937007874,0.03605466323542462,72.94999999995343,87398.13859999937,543135.0,630606.0885999993,80928.2473999944
112749,0.9546262742574593,0.0005054733403082132,4063.0,1.0,108686.0,0.999753937007874,0.036035796326353224,72.94999999995343,87398.13859999937,543430.0,630901.0885999993,80633.2473999944
112808,0.9551258170488028,0.0005021079545688132,4063.0,1.0,108745.0,0.999753937007874,0.036016949152542374,72.94999999995343,87398.13859999937,543725.0,631196.0885999993,80338.2473999944
112867,0.9556253598401463,0.0004993799976394591,4063.0,1.0,108804.0,0.999753937007874,0.03599812168304287,72.94999999995343,87398.13859999937,544020.0,631491.0885999993,80043.2473999944
112926,0.9561249026314899,0.0004967452067849182,4063.0,1.0,108863.0,0.999753937007874,0.035979313886970225,72.94999999995343,87398.13859999937,544315.0,631786.0885999993,79748.2473999944
112985,0.9566244454228333,0.0004939810915442854,4063.0,1.0,108922.0,0.999753937007874,0.035960525733504445,72.94999999995343,87398.13859999937,544610.0,632081.0885999993,79453.2473999944
113044,0.9571239882141769,0.0004905911837289224,4063.0,1.0,108981.0,0.999753937007874,0.035941757191889884,72.94999999995343,87398.13859999937,544905.0,632376.0885999993,79158.2473999944
113103,0.9576235310055203,0.00048720543651882623,4063.0,1.0,109040.0,0.999753937007874,0.035923008231435065,72.94999999995343,87398.13859999937,545200.0,632671.0885999993,78863.2473999944
113162,0.9581230737968639,0.00048452531068607303,4063.0,1.0,109099.0,0.999753937007874,0.03590427882151252,72.94999999995343,87398.13859999937,545495.0,632966.0885999993,78568.2473999944
113221,0.9586226165882074,0.0004815069888075198,4063.0,1.0,109158.0,0.999753937007874,0.035885568931558635,72.94999999995343,87398.13859999937,545790.0,633261.0885999993,78273.2473999944
113280,0.9591221593795509,0.00047901811579641597,4063.0,1.0,109217.0,0.999753937007874,0.03586687853107345,72.94999999995343,87398.13859999937,546085.0,633556.0885999993,77978.2473999944
113339,0.9596217021708945,0.0004752245826788445,4063.0,1.0,109276.0,0.999753937007874,0.03584820758962052,72.94999999995343,87398.13859999937,546380.0,633851.0885999993,77683.2473999944
113398,0.9601212449622379,0.00047159953005249783,4063.0,1.0,109335.0,0.999753937007874,0.03582955607682675,72.94999999995343,87398.13859999937,546675.0,634146.0885999993,77388.2473999944
113457,0.9606207877535815,0.0004689707431497439,4063.0,1.0,109394.0,0.999753937007874,0.035810923962382224,72.94999999995343,87398.13859999937,546970.0,634441.0885999993,77093.2473999944
113516,0.961120330544925,0.0004661152317434549,4063.0,1.0,109453.0,0.999753937007874,0.035792311216040026,72.94999999995343,87398.13859999937,547265.0,634736.0885999993,76798.2473999944
113575,0.9616198733362685,0.00046262546769261785,4063.0,1.0,109512.0,0.999753937007874,0.03577371780761611,72.94999999995343,87398.13859999937,547560.0,635031.0885999993,76503.2473999944
113634,0.962119416127612,0.0004595114001869904,4063.0,1.0,109571.0,0.999753937007874,0.0357551437069891,72.94999999995343,87398.13859999937,547855.0,635326.0885999993,76208.2473999944
113693,0.9626189589189555,0.0004558535374981848,4063.0,1.0,109630.0,0.999753937007874,0.03573658888410017,72.94999999995343,87398.13859999937,548150.0,635621.0885999993,75913.2473999944
113752,0.963118501710299,0.00045201079640678734,4063.0,1.0,109689.0,0.999753937007874,0.03571805330895281,72.94999999995343,87398.13859999937,548445.0,635916.0885999993,75618.2473999944
113811,0.9636180445016426,0.0004487533777425098,4063.0,1.0,109748.0,0.999753937007874,0.035699536951612765,72.94999999995343,87398.13859999937,548740.0,636211.0885999993,75323.2473999944
113870,0.9641175872929861,0.00044537256895346554,4063.0,1.0,109807.0,0.999753937007874,0.03568103978220778,72.94999999995343,87398.13859999937,549035.0,636506.0885999993,75028.2473999944
113929,0.9646171300843296,0.00044257680932853006,4063.0,1.0,109866.0,0.999753937007874,0.035662561770927505,72.94999999995343,87398.13859999937,549330.0,636801.0885999993,74733.2473999944
113988,0.9651166728756732,0.00043884602475130453,4063.0,1.0,109925.0,0.999753937007874,0.0356441028880233,72.94999999995343,87398.13859999937,549625.0,637096.0885999993,74438.2473999944
114047,0.9656162156670166,0.0004353694155912173,4063.0,1.0,109984.0,0.999753937007874,0.03562566310380808,72.94999999995343,87398.13859999937,549920.0,637391.0885999993,74143.2473999944
114106,0.9661157584583602,0.000432497256164095,4063.0,1.0,110043.0,0.999753937007874,0.03560724238865616,72.94999999995343,87398.13859999937,550215.0,637686.0885999993,73848.2473999944
114165,0.9666153012497036,0.0004295057632175436,4063.0,1.0,110102.0,0.999753937007874,0.03558884071300311,72.94999999995343,87398.13859999937,550510.0,637981.0885999993,73553.2473999944
114224,0.9671148440410472,0.00042675807019533106,4063.0,1.0,110161.0,0.999753937007874,0.035570458047345564,72.94999999995343,87398.13859999937,550805.0,638276.0885999993,73258.2473999944
114283,0.9676143868323906,0.0004232016813071328,4063.0,1.0,110220.0,0.999753937007874,0.035552094362241105,72.94999999995343,87398.13859999937,551100.0,638571.0885999993,72963.2473999944
114342,0.9681139296237342,0.0004204416261101684,4063.0,1.0,110279.0,0.999753937007874,0.03553374962830806,72.94999999995343,87398.13859999937,551395.0,638866.0885999993,72668.2473999944
114401,0.9686134724150778,0.00041743323835538793,4063.0,1.0,110338.0,0.999753937007874,0.03551542381622538,72.94999999995343,87398.13859999937,551690.0,639161.0885999993,72373.2473999944
114460,0.9691130152064212,0.00041445899583261194,4063.0,1.0,110397.0,0.999753937007874,0.03549711689673248,72.94999999995343,87398.13859999937,551985.0,639456.0885999993,72078.2473999944
114519,0.9696125579977648,0.0004109584038511336,4063.0,1.0,110456.0,0.999753937007874,0.03547882884062906,72.94999999995343,87398.13859999937,552280.0,639751.0885999993,71783.2473999944
114578,0.9701121007891083,0.00040701039612690577,4063.0,1.0,110515.0,0.999753937007874,0.035460559618774985,72.94999999995343,87398.13859999937,552575.0,640046.0885999993,71488.2473999944
114637,0.9706116435804518,0.00040364738030553655,4063.0,1.0,110574.0,0.999753937007874,0.03544230920209008,72.94999999995343,87398.13859999937,552870.0,640341.0885999993,71193.2473999944
114696,0.9711111863717953,0.000399552327847071,4063.0,1.0,110633.0,0.999753937007874,0.035424077561554024,72.94999999995343,87398.13859999937,553165.0,640636.0885999993,70898.2473999944
114755,0.9716107291631388,0.00039610413071830016,4063.0,1.0,110692.0,0.999753937007874,0.03540586466820618,72.94999999995343,87398.13859999937,553460.0,640931.0885999993,70603.2473999944
114814,0.9721102719544823,0.00039295762696667545,4063.0,1.0,110751.0,0.999753937007874,0.03538767049314544,72.94999999995343,87398.13859999937,553755.0,641226.0885999993,70308.2473999944
114873,0.9726098147458259,0.0003899590854222129,4063.0,1.0,110810.0,0.999753937007874,0.035369495007530054,72.94999999995343,87398.13859999937,554050.0,641521.0885999993,70013.2473999944
114932,0.9731093575371693,0.00038610356144282344,4063.0,1.0,110869.0,0.999753937007874,0.035351338182577526,72.94999999995343,87398.13859999937,554345.0,641816.0885999993,69718.2473999944
114991,0.9736089003285129,0.00038276171135341906,4064.0,0.0,110927.0,1.0,0.035341896322320876,0.0,87409.43359999936,554635.0,642044.4335999994,69489.90239999432
115050,0.9741084431198564,0.00037862420576696557,4064.0,0.0,110986.0,1.0,0.03532377227292482,0.0,87409.43359999936,554930.0,642339.4335999994,69194.90239999432
115109,0.9746079859111999,0.000374558627169582,4064.0,0.0,111045.0,1.0,0.03530566680276955,0.0,87409.43359999936,555225.0,642634.4335999994,68899.90239999432
115168,0.9751075287025435,0.00037088723306770676,4064.0,0.0,111104.0,1.0,0.03528757988330092,0.0,87409.43359999936,555520.0,642929.4335999994,68604.90239999432
115227,0.9756070714938869,0.0003666596573996878,4064.0,0.0,111163.0,1.0,0.03526951148602324,0.0,87409.43359999936,555815.0,643224.4335999994,68309.90239999432
115286,0.9761066142852305,0.00036319195869981193,4064.0,0.0,111222.0,1.0,0.03525146158249918,0.0,87409.43359999936,556110.0,643519.4335999994,68014.90239999432
115345,0.9766061570765739,0.000360014328359024,4064.0,0.0,111281.0,1.0,0.03523343014434956,0.0,87409.43359999936,556405.0,643814.4335999994,67719.90239999432
115404,0.9771056998679175,0.00035674376723468694,4064.0,0.0,111340.0,1.0,0.03521541714325327,0.0,87409.43359999936,556700.0,644109.4335999994,67424.90239999432
115463,0.977605242659261,0.0003525072117190943,4064.0,0.0,111399.0,1.0,0.03519742255094706,0.0,87409.43359999936,556995.0,644404.4335999994,67129.90239999432
115522,0.9781047854506045,0.0003490432385052924,4064.0,0.0,111458.0,1.0,0.03517944633922543,0.0,87409.43359999936,557290.0,644699.4335999994,66834.90239999432
115581,0.9786043282419481,0.0003459366758450768,4064.0,0.0,111517.0,1.0,0.035161488479940474,0.0,87409.43359999936,557585.0,644994.4335999994,66539.90239999432
115640,0.9791038710332916,0.0003416530800316217,4064.0,0.0,111576.0,1.0,0.035143548945001726,0.0,87409.43359999936,557880.0,645289.4335999994,66244.90239999432
115699,0.9796034138246351,0.00033808529767818284,4064.0,0.0,111635.0,1.0,0.03512562770637603,0.0,87409.43359999936,558175.0,645584.4335999994,65949.90239999432
115758,0.9801029566159786,0.0003352007570611001,4064.0,0.0,111694.0,1.0,0.03510772473608736,0.0,87409.43359999936,558470.0,645879.4335999994,65654.90239999432
115817,0.9806024994073221,0.00033227350149296956,4064.0,0.0,111753.0,1.0,0.035089840006216705,0.0,87409.43359999936,558765.0,646174.4335999994,65359.90239999432
115876,0.9811020421986656,0.00032798847144919916,4064.0,0.0,111812.0,1.0,0.03507197348890193,0.0,87409.43359999936,559060.0,646469.4335999994,65064.90239999432
115935,0.9816015849900092,0.0003242646686457321,4064.0,0.0,111871.0,1.0,0.0350541251563376,0.0,87409.43359999936,559355.0,646764.4335999994,64769.90239999432
115994,0.9821011277813526,0.00032093224693395176,4064.0,0.0,111930.0,1.0,0.03503629498077487,0.0,87409.43359999936,559650.0,647059.4335999994,64474.90239999432
116053,0.9826006705726962,0.0003175518324787032,4064.0,0.0,111989.0,1.0,0.0350184829345213,0.0,87409.43359999936,559945.0,647354.4335999994,64179.90239999432
116112,0.9831002133640397,0.00031384055638101365,4064.0,0.0,112048.0,1.0,0.03500068898994075,0.0,87409.43359999936,560240.0,647649.4335999994,63884.90239999432
116171,0.9835997561553832,0.00030981981202536657,4064.0,0.0,112107.0,1.0,0.03498291311945322,0.0,87409.43359999936,560535.0,647944.4335999994,63589.90239999432
116230,0.9840992989467268,0.00030514700475000976,4064.0,0.0,112166.0,1.0,0.03496515529553471,0.0,87409.43359999936,560830.0,648239.4335999994,63294.90239999432
116289,0.9845988417380702,0.00030079874250548024,4064.0,0.0,112225.0,1.0,0.034947415490717094,0.0,87409.43359999936,561125.0,648534.4335999994,62999.90239999432
116348,0.9850983845294138,0.00029757993869745426,4064.0,0.0,112284.0,1.0,0.03492969367758793,0.0,87409.43359999936,561420.0,648829.4335999994,62704.90239999432
116407,0.9855979273207572,0.00029366815888163004,4064.0,0.0,112343.0,1.0,0.03491198982879037,0.0,87409.43359999936,561715.0,649124.4335999994,62409.90239999432
116466,0.9860974701121008,0.00028920376800585556,4064.0,0.0,112402.0,1.0,0.034894303917022994,0.0,87409.43359999936,562010.0,649419.4335999994,62114.90239999432
116525,0.9865970129034443,0.0002842433160407747,4064.0,0.0,112461.0,1.0,0.03487663591503969,0.0,87409.43359999936,562305.0,649714.4335999994,61819.90239999432
116584,0.9870965556947878,0.00028005047167672454,4064.0,0.0,112520.0,1.0,0.034858985795649486,0.0,87409.43359999936,562600.0,650009.4335999994,61524.90239999432
116643,0.9875960984861314,0.00027467915400648926,4064.0,0.0,112579.0,1.0,0.03484135353171643,0.0,87409.43359999936,562895.0,650304.4335999994,61229.90239999432
116702,0.9880956412774748,0.00027067977151316847,4064.0,0.0,112638.0,1.0,0.03482373909615945,0.0,87409.43359999936,563190.0,650599.4335999994,60934.90239999432
116761,0.9885951840688184,0.0002651590127411938,4064.0,0.0,112697.0,1.0,0.03480614246195219,0.0,87409.43359999936,563485.0,650894.4335999994,60639.90239999432
116820,0.9890947268601619,0.0002613501597289361,4064.0,0.0,112756.0,1.0,0.03478856360212292,0.0,87409.43359999936,563780.0,651189.4335999994,60344.90239999432
116879,0.9895942696515054,0.0002569677309974368,4064.0,0.0,112815.0,1.0,0.034771002489754364,0.0,87409.43359999936,564075.0,651484.4335999994,60049.90239999432
116938,0.9900938124428489,0.00025248187418518657,4064.0,0.0,112874.0,1.0,0.034753459097983545,0.0,87409.43359999936,564370.0,651779.4335999994,59754.90239999432
116997,0.9905933552341925,0.0002488491150718283,4064.0,0.0,112933.0,1.0,0.03473593340000171,0.0,87409.43359999936,564665.0,652074.4335999994,59459.90239999432
117056,0.9910928980255359,0.00024278118112562483,4064.0,0.0,112992.0,1.0,0.034718425369054125,0.0,87409.43359999936,564960.0,652369.4335999994,59164.90239999432
117115,0.9915924408168795,0.00023726995099815834,4064.0,0.0,113051.0,1.0,0.03470093497843999,0.0,87409.43359999936,565255.0,652664.4335999994,58869.90239999432
117174,0.9920919836082229,0.0002310148070297258,4064.0,0.0,113110.0,1.0,0.034683462201512284,0.0,87409.43359999936,565550.0,652959.4335999994,58574.90239999432
117233,0.9925915263995665,0.00022610176754498255,4064.0,0.0,113169.0,1.0,0.0346660070116776,0.0,87409.43359999936,565845.0,653254.4335999994,58279.90239999432
117292,0.9930910691909101,0.00021993512524304295,4064.0,0.0,113228.0,1.0,0.03464856938239607,0.0,87409.43359999936,566140.0,653549.4335999994,57984.90239999432
117351,0.9935906119822535,0.00021453526003998905,4064.0,0.0,113287.0,1.0,0.03463114928718119,0.0,87409.43359999936,566435.0,653844.4335999994,57689.90239999432
117410,0.9940901547735971,0.00020833696431884222,4064.0,0.0,113346.0,1.0,0.03461374669959969,0.0,87409.43359999936,566730.0,654139.4335999994,57394.90239999432
117469,0.9945896975649405,0.00019966843496960527,4064.0,0.0,113405.0,1.0,0.03459636159327142,0.0,87409.43359999936,567025.0,654434.4335999994,57099.90239999432
117528,0.9950892403562841,0.0001914850225499064,4064.0,0.0,113464.0,1.0,0.03457899394186917,0.0,87409.43359999936,567320.0,654729.4335999994,56804.90239999432
117587,0.9955887831476276,0.00018419271148159257,4064.0,0.0,113523.0,1.0,0.03456164371911861,0.0,87409.43359999936,567615.0,655024.4335999994,56509.90239999432
117646,0.9960883259389711,0.00017681058526850625,4064.0,0.0,113582.0,1.0,0.034544310898798086,0.0,87409.43359999936,567910.0,655319.4335999994,56214.90239999432
117705,0.9965878687303146,0.00016711937416998953,4064.0,0.0,113641.0,1.0,0.03452699545473854,0.0,87409.43359999936,568205.0,655614.4335999994,55919.90239999432
117764,0.9970874115216581,0.0001576525387626267,4064.0,0.0,113700.0,1.0,0.03450969736082334,0.0,87409.43359999936,568500.0,655909.4335999994,55624.90239999432
117823,0.9975869543130017,0.00014814657219683214,4064.0,0.0,113759.0,1.0,0.03449241659098818,0.0,87409.43359999936,568795.0,656204.4335999994,55329.90239999432
117882,0.9980864971043452,0.0001361460800736934,4064.0,0.0,113818.0,1.0,0.03447515311922092,0.0,87409.43359999936,569090.0,656499.4335999994,55034.90239999432
117941,0.9985860398956887,0.00012600475548800504,4064.0,0.0,113877.0,1.0,0.03445790691956148,0.0,87409.43359999936,569385.0,656794.4335999994,54739.90239999432
118000,0.9990855826870322,0.00010980380256391506,4064.0,0.0,113936.0,1.0,0.034440677966101695,0.0,87409.43359999936,569680.0,657089.4335999994,54444.90239999432
118059,0.9995851254783757,8.811026087903434e-05,4064.0,0.0,113995.0,1.0,0.0344234662329852,0.0,87409.43359999936,569975.0,657384.4335999994,54149.90239999432
