period,feature,psi,ks,band,missing_reference,missing_current,missing_change,mean_reference,mean_current
2018-07,TransactionAmt,0.008586795406879986,0.020500000000000018,stable,0.0,0.0,0.0,134.40138803679685,142.66090110926942
2018-07,card1,0.0010943196613470722,0.012300000000000033,stable,0.0,0.0,0.0,9867.868400108375,9925.578031365549
2018-07,card2,0.007125356588217574,0.014820000000000055,stable,0.014869864869441527,0.019367588932806323,0.004497724063364796,362.8612139482217,360.61575067285565
2018-07,card3,0.01009127282945484,0.026540000000000008,stable,0.0017420496494733634,0.00887415529771771,0.007132105648244347,153.30461674819608,152.25629711580518
2018-07,card5,0.006423865414920904,0.025400000000000034,stable,0.006673976360619094,0.011028943006502614,0.0043549666458835195,199.59472936142464,200.69878166698896
2018-07,addr1,0.000660864744745521,0.006279999999999952,stable,0.11379627120940157,0.09997449955374219,-0.013821771655659384,290.47071805785447,290.5419399623171
2018-07,addr2,0.010809861578797767,0.00748,stable,0.11379627120940157,0.09997449955374219,-0.013821771655659384,86.77257560232259,86.96274207029424
2018-07,dist1,0.010847012680793881,0.0410041454864154,stable,0.6078271581941952,0.5344638531174296,-0.07336330507676558,121.45554985831872,93.13896801051709
2018-07,dist2,0.07796959886616853,0.09072700582534587,stable,0.9320537135503099,0.9521611628203493,0.02010744927003949,237.77498442367602,230.59648187633263
2018-07,C1,0.013873807821176701,0.05309999999999998,stable,0.0,0.0,0.0,15.232353015883767,8.55202091036593
2018-07,C2,0.014875044414070011,0.05794000000000005,stable,0.0,0.0,0.0,16.61607384766485,8.762348591100345
2018-07,C3,,0.0046800000000000175,unknown,0.0,0.0,0.0,0.00543781962271819,0.010085426494963662
2018-07,C4,0.02059166360243389,0.05893999999999999,stable,0.0,0.0,0.0,4.63823576726386,1.0721152620170853
2018-07,C5,0.003249667497466517,0.027680000000000038,stable,0.0,0.0,0.0,5.483623039929556,5.671541501976285
2018-07,C6,0.011338814356663313,0.042140000000000066,stable,0.0,0.0,0.0,9.60298836657974,5.947953589187811
2018-07,C7,0.0029434067467948,0.01746000000000003,stable,0.0,0.0,0.0,3.4869272191553495,0.40355731225296443
2018-07,C8,0.028489997180760503,0.06874000000000002,stable,0.0,0.0,0.0,6.074963169302672,1.1067703684814485
2018-07,C9,0.08024378441647272,0.12038000000000001,stable,0.0,0.0,0.0,4.3681418701527415,5.057554507203876
2018-07,C10,0.027995996035579163,0.06662000000000001,stable,0.0,0.0,0.0,6.197605157990991,0.9180033150580135
2018-07,C11,0.01846157162305105,0.02398,stable,0.0,0.0,0.0,11.034773258373692,6.14190998342471
2018-07,C12,0.04781866354954669,0.08564000000000005,stable,0.0,0.0,0.0,4.964756832729367,0.9498278719877598
2018-07,C13,0.02315241510284842,0.06438000000000005,stable,0.0,0.0,0.0,32.713120618417044,30.041629478515873
2018-07,C14,0.006285335341102608,0.032299999999999995,stable,0.0,0.0,0.0,8.610481508449894,6.088754303200306
2018-07,D1,0.026973657582624055,0.07856000000000002,stable,0.0019812375114302166,0.005304092821624379,0.003322855310194162,90.64199060013235,115.28852513651395
2018-07,D2,0.019091298993643015,0.06853254249291785,stable,0.4895159515020151,0.4238939181435675,-0.06562203335844757,167.2682931885939,188.48021423512748
2018-07,D3,0.0009673100220359144,0.008211340878963969,stable,0.4607054560233007,0.3747928088741553,-0.08591264714914543,28.642409137294923,29.172448251249108
2018-07,D4,0.056170891965881986,0.1005600000000001,stable,0.29586056829342633,0.20549534616855794,-0.09036522212486839,134.97500736492134,179.16508593712388
2018-07,D5,0.0027686806000632577,0.01370539483902461,stable,0.5373154231720121,0.4253601938033916,-0.11195522936862051,42.40101652888781,41.44378619450176
2018-07,D6,0.028049354218363187,0.10327140065146578,stable,0.8762086395502422,0.8864847634833609,0.01027612393311872,63.98103722449259,87.02313826799956
2018-07,D7,0.02786569620981489,0.06883178018979275,stable,0.9366173332881769,0.9272344766033406,-0.009382856684836294,44.717906759284,32.61713684948309
2018-07,D8,0.019196647305340295,0.04563432098765435,stable,0.8695896975649405,0.8967231926558715,0.027133495090930992,149.7005347063145,144.17228371514398
2018-07,D9,0.011851514390667795,0.028788888888888864,stable,0.8695896975649405,0.8967231926558715,0.027133495090930992,0.5602651748810471,0.554505842215853
2018-07,D10,0.045368902763231606,0.08830000000000005,stable,0.1405302773732516,0.07387479280887416,-0.06665548456437745,118.33504005753113,163.93349028030178
2018-07,D11,0.09213392604172546,0.10265999999999997,stable,0.5206527076912656,0.2699859747545582,-0.2506667329367074,138.20242957886416,195.17898873460834
2018-07,D12,0.025783731533402795,0.07842615071283099,stable,0.8884432045246723,0.8998342470993242,0.011391042574651955,52.512171982619584,68.42706211812627
2018-07,D13,0.012549121083661578,0.06626052095587043,stable,0.8963385206759915,0.8985719750095627,0.0022334543335711388,17.152063381863474,23.63318667504714
2018-07,D14,0.01576300253727407,0.06371872246861299,stable,0.8945118027567989,0.9026137957414255,0.00810199298462666,51.71775423388715,73.46739984289081
2018-07,D15,0.09200389917750856,0.12934,stable,0.1646056998679175,0.07286752518169068,-0.09173817468622683,157.24798374325698,214.55633638176442
2018-07,id_01,0.07361199092377689,0.12029252817815428,stable,0.7450130389135368,0.8133494836159633,0.0683364447024265,-9.927638132554124,-12.981351185190245
2018-07,id_02,0.06136382554969606,0.08872857785272625,stable,0.750899600365767,0.8185388244294275,0.06763922406366052,171218.44375993134,201695.68261663857
2018-07,id_03,0.009108120586621285,0.0074350295857988176,stable,0.8855073322721577,0.9051893408134642,0.019682008541306528,0.06206322795341098,0.025013448090371166
2018-07,id_04,,0.014429349112426035,unknown,0.8855073322721577,0.9051893408134642,0.019682008541306528,-0.06030689591421705,-0.16541151156535772
2018-07,id_05,0.0315929316721754,0.039228288404859465,stable,0.7576645951163342,0.8226316460538059,0.06496705093747168,1.7279079720841668,1.1117101574293724
2018-07,id_06,0.0166673945799621,0.06796885342534686,stable,0.7576645951163342,0.8226316460538059,0.06496705093747168,-6.631704909727742,-7.7299259578750625
2018-07,id_07,0.16091448127075159,0.17345969078250234,moderate,0.990980712568158,0.9932678821879383,0.0022871696197802605,13.80356723773762,10.138257575757576
2018-07,id_08,0.04482546999297044,0.04825078406690704,stable,0.990980712568158,0.9932678821879383,0.0022871696197802605,-38.85402487678949,-38.378787878787875
2018-07,id_09,0.009119676947089721,0.009969382716049384,stable,0.8695896975649405,0.8967231926558715,0.027133495090930992,0.09918844343450739,0.005185185185185185
2018-07,id_10,,0.016363456790123455,unknown,0.8695896975649405,0.8967231926558715,0.027133495090930992,-0.3103716929069956,-0.4222222222222222
2018-07,id_11,,0.015365786659161274,unknown,0.7506604125038101,0.8187938288920056,0.06813341638819548,99.73444663985661,99.80605197040055
2018-07,id_13,2.760290094186216,0.5165097655736508,significant,0.7773859518406881,0.8254111946959072,0.04802524285521903,47.506370638014644,36.598700065727016
2018-07,id_14,0.010400310213617666,0.0348168215305969,stable,0.8556046161140651,0.9151982659696545,0.05959364985558935,-345.6647170060249,-343.55435272891293
2018-07,id_17,0.03719415956724757,0.0875110768793923,stable,0.753012073695262,0.8203876067831187,0.06737553308785671,188.6928396966191,193.8744232270888
2018-07,id_18,0.0572504021978122,0.08633319267266093,stable,0.920788600264165,0.9314165497896213,0.010627949525456315,14.18646785313452,14.635248187395426
2018-07,id_19,0.04911714910679626,0.04001291743640756,stable,0.7530967419649812,0.8205533596837945,0.06745661771881328,351.5076171288954,347.07851357112406
2018-07,id_20,0.08653903448458711,0.10554437508906933,stable,0.7531390760998409,0.8210633686089507,0.06792429250910981,401.5382036441586,412.46337466153625
2018-07,id_21,0.06520173596839912,0.09122763525472885,stable,0.990976479154672,0.9932678821879383,0.0022914030332662483,371.4062866525921,342.4488636363636
2018-07,id_22,0.01017099349039183,0.012211021240771062,stable,0.9909553120872422,0.9932551319648094,0.002299819877567222,16.00842499414931,16.226843100189036
2018-07,id_24,,,unknown,0.9917152098079723,0.9936758893280633,0.0019606795200909355,12.7639243740419,13.411290322580646
2018-07,id_25,0.15538874279116544,0.10012830002467309,moderate,0.9910124631693027,0.993306132857325,0.0022936696880223595,330.0975035327367,343.91809523809525
2018-07,id_26,0.06536917434099242,0.05996474460215404,stable,0.9909680123277,0.9932551319648094,0.0022871196371093694,148.2620107804078,149.34026465028356
2018-07,id_32,0.00035889479045526695,0.045743465527760874,stable,0.8600645172215261,0.9164095371669004,0.05634501994537433,26.59603690818333,26.24405125076266
2018-07,has_identity,,0.06722000000000006,unknown,0.0,0.0,0.0,0.25498696108646324,0.1866505163840367
2018-07,V219,0.0551349444693567,0.09797822503472764,stable,0.7672998442103837,0.8347826086956521,0.06748276448526846,0.7931141128848865,1.5939959870350362
2018-07,V264,0.041594543367485005,0.10212539280753208,stable,0.7672998442103837,0.8347826086956521,0.06748276448526846,144.35008277787801,212.72430146065258
2018-07,V223,,0.005815113443432662,unknown,0.7672998442103837,0.8347826086956521,0.06748276448526846,0.09217264747350708,0.0858928847044297
2018-07,V263,0.03845026508538857,0.08961829912023467,stable,0.7672998442103837,0.8347826086956521,0.06748276448526846,74.82365604583589,167.90537914852243
2018-07,V237,,0.019733776817410065,unknown,0.7672998442103837,0.8347826086956521,0.06748276448526846,0.16285987174239322,0.19362555949992283
2018-07,V240,8.692426464874347e-05,0.00020324124093218376,stable,0.7672998442103837,0.8347826086956521,0.06748276448526846,1.0010278801109747,1.0010032412409322
2018-07,V246,0.00012718117939196827,0.06647728970520139,stable,0.7672998442103837,0.8347826086956521,0.06748276448526846,1.1772774821485423,1.525544065442198
2018-07,V252,0.00012718117939196827,0.005175036271029554,stable,0.7672998442103837,0.8347826086956521,0.06748276448526846,1.0316550689043527,1.0175953079178885
2018-07,V260,0.005445884876288668,0.021059848742089826,stable,0.7672998442103837,0.8347826086956521,0.06748276448526846,0.9617137399372356,0.9799351751813552
2018-07,V262,0.0048008271354301755,0.019592745794104027,stable,0.7672998442103837,0.8347826086956521,0.06748276448526846,1.0091053804520853,1.054638061429233
2018-07,V265,0.03603322785698651,0.09809822503472765,stable,0.7672998442103837,0.8347826086956521,0.06748276448526846,98.5912143482233,191.70553823259993
2018-07,V268,5.960837017860351e-05,0.00925607964191999,stable,0.7672998442103837,0.8347826086956521,0.06748276448526846,18.207679998226013,11.244392644827299
2018-07,V273,0.03604789747528546,0.07906569532335239,stable,0.7672998442103837,0.8347826086956521,0.06748276448526846,36.513354583421886,114.4562858493631
2018-07,V95,0.0032899306705509554,0.02317999999999998,stable,0.00020532055406915703,0.0,-0.00020532055406915703,0.2189187758688219,0.2504398826979472
2018-07,V96,0.02306160615073312,0.07038,stable,0.00020532055406915703,0.0,-0.00020532055406915703,1.2722326315009473,1.5845467295677675
2018-07,V98,,0.0018399999999999528,unknown,0.00020532055406915703,0.0,-0.00020532055406915703,0.05938370012808706,0.05793701389774321
2018-07,V100,0.00372175126418785,0.02403999999999995,stable,0.00020532055406915703,0.0,-0.00020532055406915703,0.24350937364370626,0.29050108376896594
2018-07,V103,,0.007959999999999967,unknown,0.00020532055406915703,0.0,-0.00020532055406915703,0.1784347973366361,0.18410047175825578
2018-07,V106,,0.01973999999999998,unknown,0.00020532055406915703,0.0,-0.00020532055406915703,0.07884022992155991,0.12660971567002421
2018-07,V105,,0.032400000000000095,unknown,0.00020532055406915703,0.0,-0.00020532055406915703,0.12691416050049223,0.2163457860512559
2018-07,V108,0.0003503530332016878,0.0044599999999999085,stable,0.00020532055406915703,0.0,-0.00020532055406915703,1.004691585421364,1.009371413999745
2018-07,V109,1.7450632964595143e-05,0.011199999999999988,stable,0.00020532055406915703,0.0,-0.00020532055406915703,1.0138990335249347,1.0258192018360321
2018-07,V111,0.0003503530332016878,0.0024000000000000687,stable,0.00020532055406915703,0.0,-0.00020532055406915703,1.0028560237966697,1.0056738492923627
2018-07,V114,0.00035653688651863776,0.007379999999999942,stable,0.00020532055406915703,0.0,-0.00020532055406915703,1.0090232567986703,1.0174423052403416
2018-07,V115,2.0030023501658037e-05,0.018920000000000048,stable,0.00020532055406915703,0.0,-0.00020532055406915703,1.029608222977336,1.0512303965319394
2018-07,V117,0.0003503530332016878,0.00018,stable,0.00020532055406915703,0.0,-0.00020532055406915703,1.0006287910063831,1.0008797653958945
2018-07,V118,1.7450632964595143e-05,0.0004999999999999449,stable,0.00020532055406915703,0.0,-0.00020532055406915703,1.0014481247419733,1.0021547877087849
2018-07,V120,0.0003503530332016878,0.0006200000000000649,stable,0.00020532055406915703,0.0,-0.00020532055406915703,1.0010204621719754,1.0018997832462069
2018-07,V121,1.7450632964595143e-05,0.0030400000000000427,stable,0.00020532055406915703,0.0,-0.00020532055406915703,1.0038235574327543,1.0074206298610227
2018-07,V123,0.00035653688651863776,0.010340000000000016,stable,0.00020532055406915703,0.0,-0.00020532055406915703,1.0300125969915421,1.0435930128777253
2018-07,V124,2.0030023501658037e-05,0.027660000000000018,stable,0.00020532055406915703,0.0,-0.00020532055406915703,1.0829030243365407,1.1190488333545836
2018-07,V128,0.009011657113060026,0.04382000000000008,stable,0.00020532055406915703,0.0,-0.00020532055406915703,74.56188631434888,95.8211249218871
2018-07,V127,0.021487198590700352,0.07042000000000004,stable,0.00020532055406915703,0.0,-0.00020532055406915703,157.08918084329193,202.3608717958553
2018-07,V131,0.003962475941158205,0.02403999999999995,stable,0.00020532055406915703,0.0,-0.00020532055406915703,27.897589159858335,34.301180860486454
2018-07,V130,0.015236742788850385,0.055379999999999985,stable,0.00020532055406915703,0.0,-0.00020532055406915703,82.75806087732268,112.51812112059625
2018-07,V134,,0.008000000000000007,unknown,0.00020532055406915703,0.0,-0.00020532055406915703,29.042006704843423,32.56349191350717
2018-07,V136,,0.032400000000000095,unknown,0.00020532055406915703,0.0,-0.00020532055406915703,22.74077328566627,39.458595234220255
2018-07,V293,,0.008440000000000003,unknown,2.5400480915772006e-05,2.550044625780951e-05,9.996534203750467e-08,0.1523496041657847,0.163079512419034
2018-07,V307,0.013469348596914347,0.05798000000000003,stable,2.5400480915772006e-05,2.550044625780951e-05,9.996534203750467e-08,237.79158422297218,243.806359249237
2018-07,V284,,0.0016400000000000858,unknown,2.5400480915772006e-05,2.550044625780951e-05,9.996534203750467e-08,0.08697768934422759,0.0823302902024787
2018-07,V285,0.006798465545854251,0.03992000000000007,stable,2.5400480915772006e-05,2.550044625780951e-05,9.996534203750467e-08,1.0861394521823802,1.2430892028357219
2018-07,V286,,0.0051800000000000734,unknown,2.5400480915772006e-05,2.550044625780951e-05,9.996534203750467e-08,0.03239278608018289,0.026406385474575408
2018-07,V297,,0.012780000000000014,unknown,2.5400480915772006e-05,2.550044625780951e-05,9.996534203750467e-08,0.06328902247999661,0.08539042178813688
2018-07,V298,,0.02517999999999998,unknown,2.5400480915772006e-05,2.550044625780951e-05,9.996534203750467e-08,0.15813047711781889,0.22224205640842556
2018-07,V299,,0.01532,unknown,2.5400480915772006e-05,2.550044625780951e-05,9.996534203750467e-08,0.09217010287456077,0.13372775029326261
2018-07,V303,0.026839524336327417,0.06663999999999992,stable,2.5400480915772006e-05,2.550044625780951e-05,9.996534203750467e-08,0.28399517378603784,0.2258504615698475
2018-07,V308,0.006473198532419842,0.040020000000000056,stable,2.5400480915772006e-05,2.550044625780951e-05,9.996534203750467e-08,103.29691253404022,119.91067291030667
2018-07,V312,0.0018530818168712411,0.018019999999999925,stable,2.5400480915772006e-05,2.550044625780951e-05,9.996534203750467e-08,36.549113843767,41.528693035633296
2018-07,V310,0.0064357344211394205,0.04180000000000006,stable,2.5400480915772006e-05,2.550044625780951e-05,9.996534203750467e-08,110.94206936017235,131.32047898166354
2018-07,V316,,0.008440000000000003,unknown,2.5400480915772006e-05,2.550044625780951e-05,9.996534203750467e-08,23.99506695003597,31.968426649541403
2018-07,V318,,0.010099999999999998,unknown,2.5400480915772006e-05,2.550044625780951e-05,9.996534203750467e-08,46.7352232698563,47.24825418998946
2018-07,V320,,0.02523999999999993,unknown,2.5400480915772006e-05,2.550044625780951e-05,9.996534203750467e-08,26.984193300953322,41.50734359057571
2018-07,V168,0.04949380011706209,0.09501171829793231,stable,0.7534057811494564,0.8193165880402907,0.06591080689083428,1.214937467274397,1.5884552960270977
2018-07,V203,0.04116078473296788,0.10197084468280293,stable,0.7534057811494564,0.8193165880402907,0.06591080689083428,440.01147361155296,304.2360909769828
2018-07,V173,,0.0070071766283253956,unknown,0.7534057811494564,0.8193165880402907,0.06591080689083428,0.058129254328363335,0.05045515489379719
2018-07,V183,,0.018039506033448505,unknown,0.7534057811494564,0.8193165880402907,0.06591080689083428,0.20934943647584958,0.3071766283254534
2018-07,V215,0.003287667234731101,0.022301103662409227,stable,0.7534057811494564,0.8193165880402907,0.06591080689083428,81.78879538962393,81.90791437454445
2018-07,V202,0.02539803866607701,0.07838226236680546,stable,0.7534057811494564,0.8193165880402907,0.06591080689083428,86.74391070107535,152.57940611942934
2018-07,V205,,0.009962211558817269,unknown,0.7534057811494564,0.8193165880402907,0.06591080689083428,19.253519422625835,12.315682440064519
2018-07,V211,0.02325470589401588,0.06410425658034014,stable,0.7534057811494564,0.8193165880402907,0.06591080689083428,38.78254787077114,91.40004769830931
2018-07,V13,0.05471916606060091,0.11662,stable,0.14060647881599891,0.07405329593267883,-0.06655318288332009,0.5799386707060258,0.6997879430475613
2018-07,V14,,9.999999999999994e-05,unknown,0.14060647881599891,0.07405329593267883,-0.06655318288332009,0.9994950801098509,0.9994905125168682
2018-07,V17,0.001181387691940445,0.012740000000000085,stable,0.14060647881599891,0.07405329593267883,-0.06655318288332009,0.1345032696641667,0.1249896725510176
2018-07,V20,0.002446664035473095,0.018020000000000008,stable,0.14060647881599891,0.07405329593267883,-0.06655318288332009,0.8480683735421978,0.8604141995538542
2018-07,V23,0.0001668609790170101,0.009159999999999946,stable,0.14060647881599891,0.07405329593267883,-0.06655318288332009,1.035021736185515,1.0479055933463688
2018-07,V26,0.023124022675790588,0.02024,stable,0.14060647881599891,0.07405329593267883,-0.06655318288332009,0.9856849053583084,1.0047093167359753
2018-07,V27,,0.0006599999999999939,unknown,0.14060647881599891,0.07405329593267883,-0.06655318288332009,0.0007561483232965111,0.0012806036738178513
2018-07,V30,0.0007117726663036545,0.017159999999999953,stable,0.14060647881599891,0.07405329593267883,-0.06655318288332009,0.40457876134530363,0.41576932609952905
2018-07,V54,0.08333983046380825,0.13540000000000002,stable,0.14158651403799913,0.07851587402779549,-0.06307064001020364,0.5969344728782715,0.7460012176223157
2018-07,V56,4.3957535963379105e-05,0.018919999999999937,stable,0.14158651403799913,0.07851587402779549,-0.06307064001020364,1.1132755670189525,1.1409536196590657
2018-07,V60,0.0016887786127244568,0.013380000000000059,stable,0.14158651403799913,0.07851587402779549,-0.06307064001020364,0.14243900755038935,0.1382969891520921
2018-07,V62,0.00406974882154759,0.02331999999999998,stable,0.14158651403799913,0.07851587402779549,-0.06307064001020364,0.865338238702773,0.8974429931370379
2018-07,V65,,0.00012000000000000004,unknown,0.14158651403799913,0.07851587402779549,-0.06307064001020364,0.9996597146534761,0.9998201239760903
2018-07,V67,0.025793575136015958,0.02096,stable,0.14158651403799913,0.07851587402779549,-0.06307064001020364,0.9948390055777206,1.0268845472658845
2018-07,V68,,0.00027999999999994696,unknown,0.14158651403799913,0.07851587402779549,-0.06307064001020364,0.0005153596914746192,0.001023909674562763
2018-07,V70,0.0010504633475563593,0.014920000000000044,stable,0.14158651403799913,0.07851587402779549,-0.06307064001020364,0.40582726326742974,0.41954007084348016
2018-07,V76,0.037938788074574695,0.09670000000000001,stable,0.16466496765672098,0.07295677674359301,-0.09170819091312797,0.5681952366593266,0.6683583649667162
2018-07,V77,0.0004794324001133841,0.010759999999999992,stable,0.16466496765672098,0.07295677674359301,-0.09170819091312797,1.088599960976994,1.1164658634538152
2018-07,V80,0.0027677701527892068,0.016240000000000032,stable,0.16466496765672098,0.07295677674359301,-0.09170819091312797,0.14813791845205365,0.13500577653078066
2018-07,V82,6.144623302407009e-08,0.0007599999999999829,stable,0.16466496765672098,0.07295677674359301,-0.09170819091312797,0.8444477104391609,0.8465368322605491
2018-07,V86,0.000562097229727916,0.012479999999999936,stable,0.16466496765672098,0.07295677674359301,-0.09170819091312797,1.065847521405639,1.1043764097485833
2018-07,V88,,0.0005400000000000001,unknown,0.16466496765672098,0.07295677674359301,-0.09170819091312797,0.9991942002691067,0.9996286515926721
2018-07,V89,,0.00046000000000001595,unknown,0.16466496765672098,0.07295677674359301,-0.09170819091312797,0.0008564789592513664,0.0013203498927215713
2018-07,V91,0.00044151507365070095,0.009579999999999922,stable,0.16466496765672098,0.07295677674359301,-0.09170819091312797,0.4177235397413839,0.42727072674258676
2018-07,V169,,0.0038203394625175857,unknown,0.7530544078301216,0.8197118449572868,0.06665743712716521,0.1686881241160588,0.15594059405940594
2018-07,V171,0.06231531065808606,0.06738661951909475,stable,0.7530544078301216,0.8197118449572868,0.06665743712716521,1.5378905412934472,1.894059405940594
2018-07,V175,0.0006871865578988211,0.012271004243281425,stable,0.7530544078301216,0.8197118449572868,0.06665743712716521,0.14329918998842842,0.16272984441301272
2018-07,V180,0.004932073909340342,0.020358642149929218,stable,0.7530544078301216,0.8197118449572868,0.06665743712716521,0.4235974799639995,0.545968882602546
2018-07,V184,,0.006406223479490825,unknown,0.7530544078301216,0.8197118449572868,0.06665743712716521,0.12526464663780912,0.14052333804809053
2018-07,V189,0.021116772408966724,0.04177900990099004,stable,0.7530544078301216,0.8197118449572868,0.06665743712716521,1.0352033600480006,1.0716407355021216
2018-07,V197,0.020401149489572886,0.03917338048090524,stable,0.7530544078301216,0.8197118449572868,0.06665743712716521,0.95264218060258,0.9125884016973126
2018-07,V198,0.021116772408966724,0.03972121640735503,stable,0.7530544078301216,0.8197118449572868,0.06665743712716521,0.9652252175031072,0.9285007072135785
2018-07,V210,0.00021485766466521256,0.007743451202263052,stable,0.7530544078301216,0.8197118449572868,0.06665743712716521,10.385491751457096,9.293336429589203
2018-07,V209,0.0001017578649528153,0.007431881188118772,stable,0.7530544078301216,0.8197118449572868,0.06665743712716521,20.49693711594712,14.151070116567814
2018-07,V36,0.06245887423316741,0.11793999999999999,stable,0.29593465302943067,0.20550809639168685,-0.09042655663774382,0.5567534415840155,0.6828700731801258
2018-07,V37,5.319612708100413e-07,0.0017199999999999438,stable,0.29593465302943067,0.20550809639168685,-0.09042655663774382,1.111234039738683,1.1269418410579022
2018-07,V40,0.006792184595166639,0.02742,stable,0.29593465302943067,0.20550809639168685,-0.09042655663774382,0.18187557685427647,0.16614777249967905
2018-07,V41,,0.00041999999999999996,unknown,0.29593465302943067,0.20550809639168685,-0.09042655663774382,0.9992273534902878,0.9996308897162666
2018-07,V44,0.00042903847476618553,0.00552000000000008,stable,0.29593465302943067,0.20550809639168685,-0.09042655663774382,1.0875014656232431,1.1179548080626525
2018-07,V47,0.00021347814759015458,0.0033400000000000096,stable,0.29593465302943067,0.20550809639168685,-0.09042655663774382,1.0396935870339694,1.0394145589934523
2018-07,V48,0.0022407878268981595,0.02102000000000004,stable,0.29593465302943067,0.20550809639168685,-0.09042655663774382,0.37916800702296594,0.4009821543201951
2018-07,V52,0.0021542679485987352,0.014859999999999984,stable,0.29593465302943067,0.20550809639168685,-0.09042655663774382,0.18595527068182297,0.17054499935806908
2018-07,V138,,0.015655346131471792,unknown,0.8524570731872524,0.9123294657656509,0.05987239257839849,0.03751578101687134,0.056282722513089
2018-07,V139,0.017175115561195088,0.05000351367073885,stable,0.8524570731872524,0.9123294657656509,0.05987239257839849,1.0781016871341673,1.1876090750436301
2018-07,V142,,0.02566595695171614,unknown,0.8524570731872524,0.9123294657656509,0.05987239257839849,0.045205440146906924,0.13670738801628854
2018-07,V146,,0.02057204188481676,unknown,0.8524570731872524,0.9123294657656509,0.05987239257839849,0.1440519912774016,0.19008144269924374
2018-07,V156,0.0007629170209859145,0.012488435136707388,stable,0.8524570731872524,0.9123294657656509,0.05987239257839849,0.7815763801216573,0.8061372891215823
2018-07,V162,,0.03020699243746361,unknown,0.8524570731872524,0.9123294657656509,0.05987239257839849,6.623533082749914,16.27865037812682
2018-07,V324,0.04875661536670096,0.09083746624533173,stable,0.8517860771497273,0.9112329465765651,0.059446869426837745,0.5028777081161366,1.0959494398161447
2018-07,V323,0.0676184226315619,0.10753761562769326,stable,0.8517860771497273,0.9112329465765651,0.059446869426837745,0.8302794875822967,2.161160586038495
2018-07,V325,,0.007147428899741404,unknown,0.8517860771497273,0.9112329465765651,0.059446869426837745,0.04527213264592051,0.04969836253950014
2018-07,V328,,0.041196828497558124,unknown,0.8517860771497273,0.9112329465765651,0.059446869426837745,0.141143371274332,0.25682275208273486
2018-07,V329,0.024413504472145593,0.05152964665326065,stable,0.8517860771497273,0.9112329465765651,0.059446869426837745,0.20396738121420716,0.7365699511634588
2018-07,V332,0.055208918565472526,0.10753761562769326,stable,0.8517860771497273,0.9112329465765651,0.059446869426837745,112.74322446126276,324.01347600930865
2018-07,V335,,0.06696422292444704,unknown,0.8517860771497273,0.9112329465765651,0.059446869426837745,25.245174019174044,52.943323759469656
2018-07,V220,,0.005678717526658494,unknown,0.7501862701933824,0.8218411322198138,0.07165486202643145,0.17397898661243857,0.13941172260788665
2018-07,V221,0.07118932858607961,0.08460619051026982,stable,0.7501862701933824,0.8218411322198138,0.07165486202643145,1.2868327402135231,1.464968152866242
2018-07,V234,0.00932117118568097,0.03636342517712732,stable,0.7501862701933824,0.8218411322198138,0.07165486202643145,1.5561514997458057,1.325771130036499
2018-07,V238,,0.0031716209833250186,unknown,0.7501862701933824,0.8218411322198138,0.07165486202643145,0.122089476359939,0.12853360051527946
2018-07,V250,0.040198157854836096,0.08460619051026982,stable,0.7501862701933824,0.8218411322198138,0.07165486202643145,0.8031265887137773,0.7260430830888142
2018-07,V271,,0.012878499964216639,unknown,0.7501862701933824,0.8218411322198138,0.07165486202643145,9.82580762766005,7.857618600784867
2018-07,V1,,0.0001,unknown,0.5206527076912656,0.2699859747545582,-0.2506667329367074,0.999929347034121,1.0
2018-07,V2,5.457492467096076e-06,0.009680000000000022,stable,0.5206527076912656,0.2699859747545582,-0.2506667329367074,1.039658392909975,1.054231071522138
2018-07,V3,5.457492467096076e-06,0.013219999999999898,stable,0.5206527076912656,0.2699859747545582,-0.2506667329367074,1.0711077943468796,1.0918697057025588
2018-07,V5,0.0003954009546769935,0.00718000000000002,stable,0.5206527076912656,0.2699859747545582,-0.2506667329367074,0.8719724100168242,0.8857392367478822
2018-07,V7,8.39980394219671e-05,0.007620000000000071,stable,0.5206527076912656,0.2699859747545582,-0.2506667329367074,1.0667493895142166,1.0845515675486856
2018-07,V8,7.11208512590555e-05,0.0027000000000000357,stable,0.5206527076912656,0.2699859747545582,-0.2506667329367074,1.023810049501234,1.0306348790498647
2018-07,V10,0.0002563380387915618,0.009400000000000075,stable,0.5206527076912656,0.2699859747545582,-0.2506667329367074,0.46156257865662215,0.4563618897912846
2018-07,V160,1.182985403519985,0.12729999999999997,significant,0.8524570731872524,0.9118322070636237,0.05937513387637128,55376.92903217853,3310.179803599194
2018-07,V166,0.10912764656345607,0.09254510484454093,moderate,0.8524570731872524,0.9118322070636237,0.05937513387637128,381.79216501828546,154.40844540323627
2018-07,V281,,0.0041999999999999815,unknown,0.0019812375114302166,0.005304092821624379,0.003322855310194162,0.08806861564042961,0.0824723767528905
2018-07,V282,0.020494841791581262,0.06223999999999996,stable,0.0019812375114302166,0.005304092821624379,0.003322855310194162,0.8253855812138385,0.780129207578127
2018-07,V283,0.023338817502719184,0.06169999999999998,stable,0.0019812375114302166,0.005304092821624379,0.003322855310194162,0.995955426981353,0.9656215551054939
2018-07,V289,0.00019589698050845596,0.006659999999999999,stable,0.0019812375114302166,0.005304092821624379,0.003322855310194162,0.23260854811069448,0.24418694080549644
2018-07,V296,,0.030179999999999985,unknown,0.0019812375114302166,0.005304092821624379,0.003322855310194162,0.18788070312367444,0.2637090778578204
2018-07,V300,,0.0027399999999999647,unknown,0.0019812375114302166,0.005304092821624379,0.003322855310194162,0.04490812223221406,0.0511574845540544
2018-07,V314,0.0002881413706794224,0.009899999999999909,stable,0.0019812375114302166,0.005304092821624379,0.003322855310194162,40.93868015134437,43.666601288655414
2018-07,hour,0.010387273339100203,0.03131999999999999,stable,0.0,0.0,0.0,13.815073915399465,14.021152620170852
2018-07,day_of_week,0.018123861753099366,0.06525999999999998,stable,0.0,0.0,0.0,2.946186964473194,3.136733392834375
2018-07,amount_log,0.008586795406879986,0.020500000000000018,stable,0.0,0.0,0.0,4.382521202395477,4.4124046401042465
2018-07,amount_cents,0.006757623372265036,0.036839999999999984,stable,0.0,0.0,0.0,0.3755282276065321,0.395836717208198
2018-07,amount_is_round,,0.0025200000000000222,unknown,0.0,0.0,0.0,0.5179200392860771,0.5131582302690297
2018-07,match_true_count,0.24211361435474088,0.23200000000000004,moderate,0.0,0.0,0.0,2.32405298540319,3.3850312380466656
2018-07,match_missing_count,0.2940777092726135,0.2519,significant,0.0,0.0,0.0,4.798432366986148,3.2244166772918526
2018-07,screen_width,0.012755581075610768,0.02348028065893837,stable,0.8691600060961154,0.9164095371669004,0.047249531070785,1824.5967029589244,1842.3991763270287
2018-07,screen_height,0.011995060101907136,0.02289826723611965,stable,0.8691600060961154,0.9164095371669004,0.047249531070785,1077.2156989630014,1074.9665954850518
2018-07,screen_area,0.024787097248895742,0.022809066503965858,stable,0.8691600060961154,0.9164095371669004,0.047249531070785,2148944.194813389,2167746.248322148
2018-07,email_domains_match,,0.029347860098368345,unknown,0.7756947031530463,0.836682391941859,0.060987688788812666,0.8101237154262095,0.8394878600983683
2018-07,ProductCD_code,0.028749530848281166,0.08314000000000002,stable,0.0,0.0,0.0,3.1803137806075794,3.420910365931404
2018-07,card4_code,0.000638330474287638,0.012039999999999995,stable,0.0,0.0,0.0,3.605047922240661,3.6078031365548897
2018-07,card6_code,0.018087785583572963,0.029140000000000027,stable,0.0,0.0,0.0,2.7371050225217597,2.752224913935994
2018-07,P_emaildomain_code,0.0026102849958861076,0.013480000000000047,stable,0.0,0.0,0.0,20.27140837199851,20.52913425984955
2018-07,R_emaildomain_code,0.014039123938774442,0.05697999999999992,stable,0.0,0.0,0.0,4.7000647712263355,3.625423944919036
2018-07,M1_code,,0.23494000000000004,unknown,0.0,0.0,0.0,0.9911542825210824,1.4596327935738875
2018-07,M2_code,,0.23494000000000004,unknown,0.0,0.0,0.0,0.9401225996545535,1.398125717200051
2018-07,M3_code,0.23696048274996212,0.23494000000000004,moderate,0.0,0.0,0.0,0.8867244386493718,1.3191253346933571
2018-07,M4_code,0.0039419045556895755,0.031000000000000028,stable,0.0,0.0,0.0,0.8132154468791276,0.839882697947214
2018-07,M5_code,0.008063728852351838,0.04466000000000003,stable,0.0,0.0,0.0,0.5789256443255326,0.6468443197755961
2018-07,M6_code,0.033723064711339436,0.07948,stable,0.0,0.0,0.0,1.0224392081823417,1.1403417059798546
2018-07,M7_code,0.23212711138968,0.23978000000000005,moderate,0.0,0.0,0.0,0.4144046127273343,0.6868162692847125
2018-07,M8_code,0.232177037870573,0.2398,moderate,0.0,0.0,0.0,0.4992316354522979,0.831990309830422
2018-07,M9_code,,0.2398,unknown,0.0,0.0,0.0,0.6735149185491245,1.1273237281652428
2018-07,id_12_code,,0.06722000000000006,unknown,0.0,0.0,0.0,0.47594362786602096,0.34053295932678823
2018-07,id_15_code,0.030205127182945934,0.06631999999999993,stable,0.0,0.0,0.0,0.40176575676499476,0.2863700114752008
2018-07,id_16_code,0.02837387055592685,0.06603999999999999,stable,0.0,0.0,0.0,0.34342720222169537,0.229988524799184
2018-07,id_23_code,,0.0020000000000000018,unknown,0.0,0.0,0.0,0.022221187387814544,0.01646053805941604
2018-07,id_27_code,,0.0020000000000000018,unknown,0.0,0.0,0.0,0.009070088393673587,0.00675761825831952
2018-07,id_28_code,0.02766620535699732,0.06665999999999994,stable,0.0,0.0,0.0,0.3656589731432248,0.25835777126099707
2018-07,id_29_code,0.02766620535699732,0.06665999999999994,stable,0.0,0.0,0.0,0.36826887255732044,0.25913553487186025
2018-07,id_30_code,0.046125767613451184,0.07264000000000004,stable,0.0,0.0,0.0,5.976089680631286,2.5889583067703685
2018-07,id_31_code,0.41447537800483175,0.19288000000000005,significant,0.0,0.0,0.0,15.858411369255258,4.0466658166517915
2018-07,id_33_code,0.020231785908145356,0.047799999999999954,stable,0.0,0.0,0.0,12.020542638940631,7.670980492158613
2018-07,id_34_code,,0.054400000000000004,unknown,0.0,0.0,0.0,0.5253581467809124,0.3403289557567257
2018-07,id_35_code,0.027435078677099108,0.06631999999999993,stable,0.0,0.0,0.0,0.3893639719578691,0.26600790513833994
2018-07,id_36_code,0.027435078677099108,0.06631999999999993,stable,0.0,0.0,0.0,0.26224514850814507,0.18653576437587657
2018-07,id_37_code,0.027435078677099108,0.06631999999999993,stable,0.0,0.0,0.0,0.44423112744267956,0.3211781206171108
2018-07,id_38_code,0.027435078677099108,0.07809999999999995,stable,0.0,0.0,0.0,0.3771294069834389,0.2295422669896723
2018-07,DeviceType_code,0.02735433059986868,0.06623999999999997,stable,0.0,0.0,0.0,0.3465705117350222,0.26760168302945303
2018-07,DeviceInfo_code,0.03620293753519106,0.07108000000000003,stable,0.0,0.0,0.0,267.1259948521692,173.89867397679458
2018-07,P_email_provider_code,0.002504322249295414,0.01326000000000005,stable,0.0,0.0,0.0,17.34171901988011,17.5623740915466
2018-07,P_email_suffix_code,0.0002575885692061324,0.003980000000000011,stable,0.0,0.0,0.0,2.759660649574965,2.778745378044116
2018-07,R_email_provider_code,0.014113808669861429,0.05697999999999992,stable,0.0,0.0,0.0,4.117807430487351,3.1836032130562284
2018-07,R_email_suffix_code,0.019957862749109177,0.05735999999999997,stable,0.0,0.0,0.0,0.7931829342635554,0.5990947341578478
2018-07,device_brand_code,0.03171751542280993,0.06638,stable,0.0,0.0,0.0,148.35870770819926,100.5018997832462
2018-07,browser_family_code,0.032319208403366335,0.06962000000000002,stable,0.0,0.0,0.0,2.881009330443323,1.9357516256534488
2018-07,card1_addr1_code,0.022805563957386133,0.05774,stable,0.0,0.0,0.0,18599.467347681784,17473.92449317863
2018-07,card1_freq,0.005721953819400038,0.024139999999999995,stable,0.0,0.0,0.0,0.004310963388824863,0.00420452775357586
2018-07,card2_freq,0.0062961242744946355,0.020299999999999985,stable,0.0,0.0,0.0,0.030589887100843205,0.03152047505916094
2018-07,card3_freq,0.008674937249917265,0.015320000000000004,stable,0.0,0.0,0.0,0.7844944688685959,0.7941708420323753
2018-07,card5_freq,0.0037927309517055926,0.023799999999999988,stable,0.0,0.0,0.0,0.2879029026168135,0.2976588175053023
2018-07,addr1_freq,0.001724093541654027,0.01536000000000004,stable,0.0,0.0,0.0,0.04646929091810429,0.0457564369300897
2018-07,addr2_freq,0.00934112102086157,0.021400000000000002,stable,0.0,0.0,0.0,0.7836646478129485,0.7997978805041099
2018-07,P_emaildomain_freq,0.00367798799075252,0.019820000000000004,stable,0.0,0.0,0.0,0.21620300774556866,0.22125764845254747
2018-07,R_emaildomain_freq,0.018145994325787843,0.05698,stable,0.0,0.0,0.0,0.591020048010293,0.6316267732976809
2018-07,DeviceInfo_freq,0.013942282237660322,0.06322,stable,0.0,0.0,0.0,0.6321141791710317,0.6787845886639716
2018-07,id_30_freq,0.019523780827559498,0.05553999999999999,stable,0.0,0.0,0.0,0.7419923804069077,0.7894919348234889
2018-07,id_31_freq,0.18895477098472394,0.12638,moderate,0.0,0.0,0.0,0.569208971091412,0.616705146104547
2018-07,id_33_freq,0.013123605291103612,0.04641999999999999,stable,0.0,0.0,0.0,0.7570517379974453,0.7974811390599729
2018-07,card1_addr1_freq,0.021256486449132077,0.05662,stable,0.0,0.0,0.0,0.0013318732440966324,0.0012467783025309016
2018-07,P_email_provider_freq,0.0035048001039298636,0.019820000000000004,stable,0.0,0.0,0.0,0.21826946467780875,0.22339201253515195
2018-07,R_email_provider_freq,0.01819397123356704,0.05698,stable,0.0,0.0,0.0,0.591305371164419,0.6318917903030448
2018-07,device_brand_freq,0.013891281090979212,0.06322,stable,0.0,0.0,0.0,0.6321677629940776,0.6788345441222907
2018-07,browser_family_freq,0.016977677672124804,0.06645999999999999,stable,0.0,0.0,0.0,0.5860470086328589,0.631980358883975
2018-07,TransactionAmt_mean_by_card1,0.009465116985620595,0.02732000000000001,stable,0.0,0.0182328190743338,0.0182328190743338,134.40138757251106,134.17969392249492
2018-07,TransactionAmt_std_by_card1,0.010317503145346435,0.03444,stable,0.007154468791275782,0.02796123932168813,0.020806770530412348,184.20882225512287,184.96701185194922
2018-07,TransactionAmt_ratio_to_card1_mean,0.006673983839613491,0.017839999999999967,stable,0.0,0.0182328190743338,0.0182328190743338,0.9999999998390867,1.1044327004014443
2018-07,TransactionAmt_mean_by_addr1,0.008510893255035583,0.02070000000000001,stable,0.0,6.375111564452378e-05,6.375111564452378e-05,134.40138877388117,136.23262715780777
2018-07,TransactionAmt_std_by_addr1,0.010252508852715312,0.02166,stable,0.00026247163612964404,8.925156190233329e-05,-0.00017322007422731074,218.7574806332354,222.89477251820753
2018-07,TransactionAmt_ratio_to_addr1_mean,0.0022554924532254836,0.013660000000000005,stable,0.0,6.375111564452378e-05,6.375111564452378e-05,0.999999999927986,1.046995048542496
2018-07,TransactionAmt_mean_by_card1_addr1,0.00983904667009057,0.03002000000000002,stable,0.0,0.056636491138594924,0.056636491138594924,134.40138794130837,131.98648232727842
2018-07,TransactionAmt_std_by_card1_addr1,0.010298397043981,0.03989999999999999,stable,0.031327259796118806,0.08314420502358791,0.0518169452274691,158.6121803478903,161.2381394651684
2018-07,TransactionAmt_ratio_to_card1_addr1_mean,0.04002905679248742,0.03972000000000003,stable,0.0,0.056636491138594924,0.056636491138594924,1.0000000002325469,1.1793354354961008
2018-07,D15_mean_by_card1,0.008755364408973782,0.039319999999999966,stable,0.011269346699630846,0.02700497258702027,0.015735625887389425,156.35746512963993,161.77026866385924
2018-07,D15_std_by_card1,0.010763334269618147,0.04054000000000002,stable,0.02197988281911471,0.03909218411322198,0.017112301294107273,171.91801599251494,175.67403286092585
2018-07,D15_ratio_to_card1_mean,0.09790572743950726,0.10802,stable,0.17546017204592407,0.105890603085554,-0.06956956896037007,0.999999999911685,1.920074143507785
2018-08,TransactionAmt,0.006431530587841488,0.02505999999999997,stable,0.0,0.0,0.0,134.40138803679685,140.0504941499987
2018-08,card1,0.004294570716392371,0.013559999999999961,stable,0.0,0.0,0.0,9867.868400108375,9947.65783329442
2018-08,card2,0.00898582832205678,0.016619999999999968,stable,0.014869864869441527,0.018834150517550004,0.003964285648108476,362.8612139482217,359.5736098992623
2018-08,card3,0.018676400045209294,0.03602000000000005,stable,0.0017420496494733634,0.007925389783900174,0.006183340134426811,153.30461674819608,151.91979917105763
2018-08,card5,0.009504122536667168,0.023760000000000003,stable,0.006673976360619094,0.010286144187615118,0.003612167826996024,199.59472936142464,200.48986251818457
2018-08,addr1,0.0008201110743423252,0.008140000000000036,stable,0.11379627120940157,0.08931953199989623,-0.02447673920950534,290.47071805785447,290.896820875114
2018-08,addr2,0.005156256830044582,0.006,stable,0.11379627120940157,0.08931953199989623,-0.02447673920950534,86.77257560232259,86.92738719234275
2018-08,dist1,0.014128313465828617,0.037002890907584796,stable,0.6078271581941952,0.5302228448387682,-0.07760431335542695,121.45554985831872,87.39012066156778
2018-08,dist2,0.07244435083013352,0.06851620074931036,stable,0.9320537135503099,0.9528886813500402,0.020834967799730375,237.77498442367602,215.50743392070484
2018-08,C1,0.08552589940101664,0.025519999999999987,stable,0.0,0.0,0.0,15.232353015883767,7.961799880665162
2018-08,C2,0.08308349074081017,0.02966000000000002,stable,0.0,0.0,0.0,16.61607384766485,8.122447920720159
2018-08,C3,,0.0040400000000000436,unknown,0.0,0.0,0.0,0.00543781962271819,0.009079824629672866
2018-08,C4,0.026070048059851175,0.06643999999999994,stable,0.0,0.0,0.0,4.63823576726386,0.6998469400990998
2018-08,C5,0.0015266770074256792,0.019440000000000013,stable,0.0,0.0,0.0,5.483623039929556,5.573715204814901
2018-08,C6,0.01756355288369654,0.029880000000000004,stable,0.0,0.0,0.0,9.60298836657974,5.781721015902664
2018-08,C7,0.009502527742405653,0.030280000000000085,stable,0.0,0.0,0.0,3.4869272191553495,0.329662489947337
2018-08,C8,0.03474388524416965,0.07610000000000006,stable,0.0,0.0,0.0,6.074963169302672,0.7832127013775391
2018-08,C9,0.05489365097573867,0.10144,stable,0.0,0.0,0.0,4.3681418701527415,5.317884660284847
2018-08,C10,0.029298594163617398,0.06898000000000004,stable,0.0,0.0,0.0,6.197605157990991,0.8304926453420499
2018-08,C11,0.037437637303620624,0.019119999999999998,stable,0.0,0.0,0.0,11.034773258373692,5.83396892105741
2018-08,C12,0.03927240276089835,0.07662000000000002,stable,0.0,0.0,0.0,4.964756832729367,0.6611668871766934
2018-08,C13,0.018663553603778943,0.05946000000000001,stable,0.0,0.023464861078683168,0.023464861078683168,32.713120618417044,30.699621438533573
2018-08,C14,0.01157730469032983,0.023320000000000007,stable,0.0,0.0,0.0,8.610481508449894,5.926609074636159
2018-08,D1,0.02894181141820169,0.08051999999999998,stable,0.0019812375114302166,0.005201442394998314,0.0032202048835680975,90.64199060013235,116.87005332950856
2018-08,D2,0.021341144761957614,0.06954705309674958,stable,0.4895159515020151,0.4217578540483047,-0.06775809745371042,167.2682931885939,190.98743803136006
2018-08,D3,0.0013285283920881775,0.013519520778734528,stable,0.4607054560233007,0.3763717020779827,-0.084333753945318,28.642409137294923,30.748367236573902
2018-08,D4,0.06524637717495851,0.11012,stable,0.29586056829342633,0.20388097647028303,-0.0919795918231433,134.97500736492134,184.66648201251303
2018-08,D5,0.0015528869748064982,0.015789313816851114,stable,0.5373154231720121,0.4293070796689755,-0.10800834350303656,42.40101652888781,44.81926040411846
2018-08,D6,0.04089690442900715,0.11918827657378739,stable,0.8762086395502422,0.8868783562923185,0.010669716742076285,63.98103722449259,90.66460268317853
2018-08,D7,0.02745172345473202,0.05913998181695179,stable,0.9366173332881769,0.9298259267906711,-0.006791406497505759,44.717906759284,35.19297597042514
2018-08,D8,0.01933872959652833,0.021972106763410215,stable,0.8695896975649405,0.8998884478688355,0.03029875030389495,149.7005347063145,153.84307212197015
2018-08,D9,0.027085847697364718,0.02866348276755637,stable,0.8695896975649405,0.8998884478688355,0.03029875030389495,0.5602651748810471,0.5632068841865595
2018-08,D10,0.049873629715773096,0.09577999999999998,stable,0.1405302773732516,0.07110799802838094,-0.06942227934487066,118.33504005753113,170.67196838518683
2018-08,D11,0.10357951367034379,0.11550000000000005,moderate,0.5206527076912656,0.2701118115547254,-0.2505408961365402,138.20242957886416,203.23861738048694
2018-08,D12,0.04319156914365905,0.09760777442094659,stable,0.8884432045246723,0.9098373414273484,0.02139413690267611,52.512171982619584,68.22687383110343
2018-08,D13,0.026397667593823646,0.09136951070962962,stable,0.8963385206759915,0.8980854541209433,0.0017469334449518037,17.152063381863474,24.10029273259514
2018-08,D14,0.030528383729610236,0.08793089175633328,stable,0.8945118027567989,0.9007704879757179,0.006258685218919036,51.71775423388715,82.86496732026144
2018-08,D15,0.102766039040795,0.14217999999999997,moderate,0.1646056998679175,0.06909746543181051,-0.095508234436107,157.24798374325698,221.345186506333
2018-08,id_01,0.05917325151774398,0.1045683792440743,stable,0.7450130389135368,0.8177679196824655,0.07275488076892878,-9.927638132554124,-11.650010676916507
2018-08,id_02,0.07415471762402122,0.06676579247768188,stable,0.750899600365767,0.8227358808727009,0.07183628050693391,171218.44375993134,192495.7894775355
2018-08,id_03,0.0013367929216049604,0.00641541147845992,stable,0.8855073322721577,0.9093703790178224,0.02386304674566464,0.06206322795341098,0.0413625304136253
2018-08,id_04,,0.007618540145985401,unknown,0.8855073322721577,0.9093703790178224,0.02386304674566464,-0.06030689591421705,-0.11936453413482181
2018-08,id_05,0.007380837403995626,0.016317584433012747,stable,0.7576645951163342,0.8260175889174255,0.06835299380109128,1.7279079720841668,1.3837322001043764
2018-08,id_06,0.009762378265166544,0.06226032654887048,stable,0.7576645951163342,0.8260175889174255,0.06835299380109128,-6.631704909727742,-7.3204353984939985
2018-08,id_07,0.13200959851569757,0.15922417237110595,moderate,0.990980712568158,0.9932031027057877,0.002222390137629704,13.80356723773762,10.774809160305344
2018-08,id_08,0.06278293429354434,0.05749376109611226,stable,0.990980712568158,0.9932031027057877,0.002222390137629704,-38.85402487678949,-38.83015267175573
2018-08,id_09,0.0001158555010629583,0.018821124643690124,stable,0.8695896975649405,0.8998884478688355,0.03029875030389495,0.09918844343450739,0.05726872246696035
2018-08,id_10,,0.0038822441046903362,unknown,0.8695896975649405,0.8998884478688355,0.03029875030389495,-0.3103716929069956,-0.29852293340243585
2018-08,id_11,,0.006714705882352942,unknown,0.7506604125038101,0.8235919786234985,0.07293156611968843,99.73444663985661,99.76933901225819
2018-08,id_13,2.5982194464235313,0.509365265099124,significant,0.7773859518406881,0.831193088956339,0.05380713711565088,47.506370638014644,36.825034578146614
2018-08,id_14,0.015165402993227838,0.05707067055393589,stable,0.8556046161140651,0.9110177186292059,0.055413102515140755,-345.6647170060249,-339.09183673469386
2018-08,id_17,0.016423154688128994,0.05183504132231409,stable,0.753012073695262,0.8242145951695333,0.07120252147427131,188.6928396966191,191.3693181818182
2018-08,id_18,0.06584271046496742,0.11388521004651286,stable,0.920788600264165,0.9330946636573534,0.012306063393188404,14.18646785313452,14.853043815432338
2018-08,id_19,0.03489034954056729,0.03329374077354591,stable,0.7530967419649812,0.8242664798817029,0.07116973791672165,351.5076171288954,347.2850605255388
2018-08,id_20,0.0869170590119293,0.0809829131818518,stable,0.7531390760998409,0.8247464134692712,0.07160733736943037,401.5382036441586,400.85929982976836
2018-08,id_21,0.0470197586147757,0.06917194463992493,stable,0.990976479154672,0.9931901315277454,0.0022136523730733604,371.4062866525921,353.61333333333334
2018-08,id_22,0.0001528896573543681,0.02810337334091137,stable,0.9909553120872422,0.9931901315277454,0.0022348194405031885,16.00842499414931,15.788571428571428
2018-08,id_24,,,unknown,0.9917152098079723,0.9935662956909747,0.0018510858830023125,12.7639243740419,13.058467741935484
2018-08,id_25,0.1001738395377815,0.08415943296772313,moderate,0.9910124631693027,0.9931901315277454,0.002177668358442686,330.0975035327367,324.752380952381
2018-08,id_26,0.12548046381373018,0.1128362739518118,moderate,0.9909680123277,0.9931901315277454,0.002222119200045336,148.2620107804078,152.88380952380953
2018-08,id_32,7.933531237849366e-05,0.06830765819997064,stable,0.8600645172215261,0.911653306353283,0.05158878913175691,26.59603690818333,26.061371311114375
2018-08,has_identity,,0.07258000000000009,unknown,0.0,0.0,0.0,0.25498696108646324,0.18223208031753443
2018-08,V219,0.02337402936780816,0.06379341385886839,stable,0.7672998442103837,0.8367706955145666,0.06947085130418296,0.7931141128848865,1.3528289891926255
2018-08,V264,0.012667113532183421,0.07174136045772406,stable,0.7672998442103837,0.8367706955145666,0.06947085130418296,144.35008277787801,162.3812107090795
2018-08,V223,,0.014230413223140559,unknown,0.7672998442103837,0.8367706955145666,0.06947085130418296,0.09217264747350708,0.07596948506039415
2018-08,V263,0.006422232268916447,0.05198575969485064,stable,0.7672998442103837,0.8367706955145666,0.06947085130418296,74.82365604583589,122.35698612177838
2018-08,V237,,0.02268670057215516,unknown,0.7672998442103837,0.8367706955145666,0.06947085130418296,0.16285987174239322,0.1994596312778131
2018-08,V240,8.692426464874347e-05,0.0002437380801016964,stable,0.7672998442103837,0.8367706955145666,0.06947085130418296,1.0010278801109747,1.0005562619198982
2018-08,V246,3.365527150616231e-05,0.02912544183089638,stable,0.7672998442103837,0.8367706955145666,0.06947085130418296,1.1772774821485423,1.2759853782581054
2018-08,V252,3.365527150616231e-05,0.006617431659249884,stable,0.7672998442103837,0.8367706955145666,0.06947085130418296,1.0316550689043527,1.0148601398601398
2018-08,V260,0.006529205043658783,0.02313675778766687,stable,0.7672998442103837,0.8367706955145666,0.06947085130418296,0.9617137399372356,0.9450095359186268
2018-08,V262,0.005537622428427241,0.021085060394151298,stable,0.7672998442103837,0.8367706955145666,0.06947085130418296,1.0091053804520853,1.0102511125238398
2018-08,V265,0.008395411866149683,0.06385341385886834,stable,0.7672998442103837,0.8367706955145666,0.06947085130418296,98.5912143482233,140.02579936672663
2018-08,V268,0.0004915848842781635,0.014845365543547318,stable,0.7672998442103837,0.8367706955145666,0.06947085130418296,18.207679998226013,10.290185690106137
2018-08,V273,0.007973929585164108,0.045799300699300716,stable,0.7672998442103837,0.8367706955145666,0.06947085130418296,36.513354583421886,40.60817392551721
2018-08,V95,0.0012408581338180771,0.015159999999999951,stable,0.00020532055406915703,0.0,-0.00020532055406915703,0.2189187758688219,0.2602018315303396
2018-08,V96,0.01817091855059467,0.06425999999999998,stable,0.00020532055406915703,0.0,-0.00020532055406915703,1.2722326315009473,1.5363322696967339
2018-08,V98,,0.0046599999999999975,unknown,0.00020532055406915703,0.0,-0.00020532055406915703,0.05938370012808706,0.06180766337198745
2018-08,V100,0.0044273575119071085,0.02737999999999996,stable,0.00020532055406915703,0.0,-0.00020532055406915703,0.24350937364370626,0.2929799984434586
2018-08,V103,,0.008240000000000025,unknown,0.00020532055406915703,0.0,-0.00020532055406915703,0.1784347973366361,0.13866189327314707
2018-08,V106,,0.02068000000000003,unknown,0.00020532055406915703,0.0,-0.00020532055406915703,0.07884022992155991,0.16009027939917503
2018-08,V105,,0.029240000000000044,unknown,0.00020532055406915703,0.0,-0.00020532055406915703,0.12691416050049223,0.27109762108594704
2018-08,V108,0.0005002926398825427,0.0011799999999999589,stable,0.00020532055406915703,0.0,-0.00020532055406915703,1.004691585421364,1.0060705113238384
2018-08,V109,5.16681155631708e-05,0.006220000000000003,stable,0.00020532055406915703,0.0,-0.00020532055406915703,1.0138990335249347,1.0206501154434846
2018-08,V111,0.0005002926398825427,0.0005800000000000249,stable,0.00020532055406915703,0.0,-0.00020532055406915703,1.0028560237966697,1.0034243910031908
2018-08,V114,0.0005080416663063275,0.0021799999999999597,stable,0.00020532055406915703,0.0,-0.00020532055406915703,1.0090232567986703,1.0116870314161932
2018-08,V115,5.619014477563998e-05,0.012199999999999989,stable,0.00020532055406915703,0.0,-0.00020532055406915703,1.029608222977336,1.0435183023322179
2018-08,V117,0.0005002926398825427,0.000260000000000038,stable,0.00020532055406915703,0.0,-0.00020532055406915703,1.0006287910063831,1.0005577606558227
2018-08,V118,5.16681155631708e-05,0.00027999999999994696,stable,0.00020532055406915703,0.0,-0.00020532055406915703,1.0014481247419733,1.00206241730874
2018-08,V120,0.0005002926398825427,0.00018,stable,0.00020532055406915703,0.0,-0.00020532055406915703,1.0010204621719754,1.001530599009002
2018-08,V121,5.16681155631708e-05,0.0016599999999999948,stable,0.00020532055406915703,0.0,-0.00020532055406915703,1.0038235574327543,1.0060186266116689
2018-08,V123,0.0005080416663063275,0.0042600000000000415,stable,0.00020532055406915703,0.0,-0.00020532055406915703,1.0300125969915421,1.0354502295898513
2018-08,V124,5.619014477563998e-05,0.02080000000000004,stable,0.00020532055406915703,0.0,-0.00020532055406915703,1.0829030243365407,1.1109295146185176
2018-08,V128,0.0057508819470643,0.03604000000000007,stable,0.00020532055406915703,0.0,-0.00020532055406915703,74.56188631434888,88.8234206445141
2018-08,V127,0.016120909332623938,0.0642600000000001,stable,0.00020532055406915703,0.0,-0.00020532055406915703,157.08918084329193,192.92482399870542
2018-08,V131,0.004791896818301197,0.02751999999999999,stable,0.00020532055406915703,0.0,-0.00020532055406915703,27.897589159858335,33.73142628576714
2018-08,V130,0.015739668193022385,0.05744000000000005,stable,0.00020532055406915703,0.0,-0.00020532055406915703,82.75806087732268,111.44206180821028
2018-08,V134,,0.008979999999999988,unknown,0.00020532055406915703,0.0,-0.00020532055406915703,29.042006704843423,22.95492323091455
2018-08,V136,,0.029240000000000044,unknown,0.00020532055406915703,0.0,-0.00020532055406915703,22.74077328566627,45.403862840537634
2018-08,V293,,0.006680000000000019,unknown,2.5400480915772006e-05,1.297117804238981e-05,-1.2429302873382196e-05,0.1523496041657847,0.15225766282282438
2018-08,V307,0.008192213557378791,0.04698000000000002,stable,2.5400480915772006e-05,1.297117804238981e-05,-1.2429302873382196e-05,237.79158422297218,241.75929464963636
2018-08,V284,,0.0007199999999999429,unknown,2.5400480915772006e-05,1.297117804238981e-05,-1.2429302873382196e-05,0.08697768934422759,0.08562385690010767
2018-08,V285,0.006723040389685326,0.03932000000000002,stable,2.5400480915772006e-05,1.297117804238981e-05,-1.2429302873382196e-05,1.0861394521823802,1.2344700556470756
2018-08,V286,,0.006980000000000097,unknown,2.5400480915772006e-05,1.297117804238981e-05,-1.2429302873382196e-05,0.03239278608018289,0.024204532188395834
2018-08,V297,,0.013459999999999916,unknown,2.5400480915772006e-05,1.297117804238981e-05,-1.2429302873382196e-05,0.06328902247999661,0.12867575525663807
2018-08,V298,,0.02066000000000001,unknown,2.5400480915772006e-05,1.297117804238981e-05,-1.2429302873382196e-05,0.15813047711781889,0.30779707625854485
2018-08,V299,,0.015860000000000096,unknown,2.5400480915772006e-05,1.297117804238981e-05,-1.2429302873382196e-05,0.09217010287456077,0.1862555614647244
2018-08,V303,0.030054577160186044,0.06865999999999994,stable,2.5400480915772006e-05,1.297117804238981e-05,-1.2429302873382196e-05,0.28399517378603784,0.22278287263435073
2018-08,V308,0.003282503508009043,0.028980000000000006,stable,2.5400480915772006e-05,1.297117804238981e-05,-1.2429302873382196e-05,103.29691253404022,118.3268026899418
2018-08,V312,0.0026355246120876386,0.020299999999999985,stable,2.5400480915772006e-05,1.297117804238981e-05,-1.2429302873382196e-05,36.549113843767,41.949678203551656
2018-08,V310,0.00600177069115602,0.040139999999999953,stable,2.5400480915772006e-05,1.297117804238981e-05,-1.2429302873382196e-05,110.94206936017235,130.75774304859607
2018-08,V316,,0.007739999999999969,unknown,2.5400480915772006e-05,1.297117804238981e-05,-1.2429302873382196e-05,23.99506695003597,21.700428193505285
2018-08,V318,,0.010460000000000025,unknown,2.5400480915772006e-05,1.297117804238981e-05,-1.2429302873382196e-05,46.7352232698563,34.540764722303145
2018-08,V320,,0.02068000000000003,unknown,2.5400480915772006e-05,1.297117804238981e-05,-1.2429302873382196e-05,26.984193300953322,55.808318790814795
2018-08,V168,0.02512914448069247,0.06912470588235287,stable,0.7534057811494564,0.8235919786234985,0.07018619747404209,1.214937467274397,1.6884558823529412
2018-08,V203,0.017654211497319147,0.08247470588235295,stable,0.7534057811494564,0.8235919786234985,0.07018619747404209,440.01147361155296,317.0251184480126
2018-08,V173,,0.015067647058823463,unknown,0.7534057811494564,0.8235919786234985,0.07018619747404209,0.058129254328363335,0.03875
2018-08,V183,,0.012584117647058801,unknown,0.7534057811494564,0.8235919786234985,0.07018619747404209,0.20934943647584958,0.6204411764705883
2018-08,V215,0.0016658283058696808,0.01781411764705887,stable,0.7534057811494564,0.8235919786234985,0.07018619747404209,81.78879538962393,148.21289211962153
2018-08,V202,0.005757701984093519,0.04879235294117645,stable,0.7534057811494564,0.8235919786234985,0.07018619747404209,86.74391070107535,121.28731973618831
2018-08,V205,,0.015235294117647014,unknown,0.7534057811494564,0.8235919786234985,0.07018619747404209,19.253519422625835,7.758871727787397
2018-08,V211,0.004810372162311206,0.03840117647058816,stable,0.7534057811494564,0.8235919786234985,0.07018619747404209,38.78254787077114,36.15919722934541
2018-08,V13,0.06260128711702183,0.12402000000000002,stable,0.14060647881599891,0.07134147923314395,-0.06926499958285497,0.5799386707060258,0.7076151632818393
2018-08,V14,,3.9999999999999996e-05,unknown,0.14060647881599891,0.07134147923314395,-0.06926499958285497,0.9994950801098509,0.9995250998687041
2018-08,V17,0.0016969505184675627,0.015160000000000062,stable,0.14060647881599891,0.07134147923314395,-0.06926499958285497,0.1345032696641667,0.12080621281112942
2018-08,V20,0.002697140065282336,0.01999999999999999,stable,0.14060647881599891,0.07134147923314395,-0.06926499958285497,0.8480683735421978,0.8636757270162304
2018-08,V23,2.190764800650675e-05,0.00539999999999996,stable,0.14060647881599891,0.07134147923314395,-0.06926499958285497,1.035021736185515,1.0418610498086431
2018-08,V26,0.03618675871441019,0.02302,stable,0.14060647881599891,0.07134147923314395,-0.06926499958285497,0.9856849053583084,1.0074168226387685
2018-08,V27,,0.001040000000000041,unknown,0.14060647881599891,0.07134147923314395,-0.06926499958285497,0.0007561483232965111,0.001718021063217588
2018-08,V30,0.000990040886291884,0.016959999999999975,stable,0.14060647881599891,0.07134147923314395,-0.06926499958285497,0.40457876134530363,0.42207447551470795
2018-08,V54,0.08723587573863026,0.13913999999999999,stable,0.14158651403799913,0.0747139855241653,-0.06687252851383382,0.5969344728782715,0.7487593573891833
2018-08,V56,5.440540305039959e-06,0.013459999999999916,stable,0.14158651403799913,0.0747139855241653,-0.06687252851383382,1.1132755670189525,1.1343258474219866
2018-08,V60,0.0019121402318759337,0.014580000000000037,stable,0.14158651403799913,0.0747139855241653,-0.06687252851383382,0.14243900755038935,0.13651274287156195
2018-08,V62,0.004640992779583271,0.025219999999999992,stable,0.14158651403799913,0.0747139855241653,-0.06687252851383382,0.865338238702773,0.8988560854571452
2018-08,V65,,3.9999999999999996e-05,unknown,0.14158651403799913,0.0747139855241653,-0.06687252851383382,0.9996597146534761,0.9996775731067934
2018-08,V67,0.04414840818899135,0.02506,stable,0.14158651403799913,0.0747139855241653,-0.06687252851383382,0.9948390055777206,1.0254577060027477
2018-08,V68,,0.0009000000000000119,unknown,0.14158651403799913,0.0747139855241653,-0.06687252851383382,0.0005153596914746192,0.0014999859814394257
2018-08,V70,0.001111674304329563,0.015120000000000022,stable,0.14158651403799913,0.0747139855241653,-0.06687252851383382,0.40582726326742974,0.4236268819917571
2018-08,V76,0.044064798500032885,0.10505999999999999,stable,0.16466496765672098,0.06913637896593769,-0.09552858869078329,0.5681952366593266,0.6779443732233432
2018-08,V77,2.5385994365960975e-06,0.0029400000000000537,stable,0.16466496765672098,0.06913637896593769,-0.09552858869078329,1.088599960976994,1.0892369433141966
2018-08,V80,0.003332150236044849,0.01858000000000004,stable,0.16466496765672098,0.06913637896593769,-0.09552858869078329,0.14813791845205365,0.1309848949333928
2018-08,V82,2.8732053570537704e-05,0.000500000000000056,stable,0.16466496765672098,0.06913637896593769,-0.09552858869078329,0.8444477104391609,0.8428738643330917
2018-08,V86,4.423713181395806e-06,0.006000000000000005,stable,0.16466496765672098,0.06913637896593769,-0.09552858869078329,1.065847521405639,1.0790647121119223
2018-08,V88,,0.00018000000000000004,unknown,0.16466496765672098,0.06913637896593769,-0.09552858869078329,0.9991942002691067,0.9993311409620422
2018-08,V89,,0.0008599999999999719,unknown,0.16466496765672098,0.06913637896593769,-0.09552858869078329,0.0008564789592513664,0.0018114932278022406
2018-08,V91,0.0003681643883264884,0.009800000000000031,stable,0.16466496765672098,0.06913637896593769,-0.09552858869078329,0.4177235397413839,0.43015996878657825
2018-08,V169,,0.008328905547226317,unknown,0.7530544078301216,0.8269644849145199,0.07391007708439834,0.1686881241160588,0.12541229385307345
2018-08,V171,0.039347193938611066,0.05095583208395804,stable,0.7530544078301216,0.8269644849145199,0.07391007708439834,1.5378905412934472,1.8587706146926537
2018-08,V175,0.0017088247435865576,0.017606596701649213,stable,0.7530544078301216,0.8269644849145199,0.07391007708439834,0.14329918998842842,0.1820089955022489
2018-08,V180,0.003652037120114191,0.017091994002998434,stable,0.7530544078301216,0.8269644849145199,0.07391007708439834,0.4235974799639995,1.425262368815592
2018-08,V184,,0.001109085457271286,unknown,0.7530544078301216,0.8269644849145199,0.07391007708439834,0.12526464663780912,0.12316341829085457
2018-08,V189,0.015981370020595177,0.03402533733133434,stable,0.7530544078301216,0.8269644849145199,0.07391007708439834,1.0352033600480006,1.0579460269865066
2018-08,V197,0.015562979218289948,0.03371511244377812,stable,0.7530544078301216,0.8269644849145199,0.07391007708439834,0.95264218060258,0.9107946026986506
2018-08,V198,0.015981370020595177,0.03402533733133434,stable,0.7530544078301216,0.8269644849145199,0.07391007708439834,0.9652252175031072,0.913568215892054
2018-08,V210,0.0005827928969927269,0.012556041979010502,stable,0.7530544078301216,0.8269644849145199,0.07391007708439834,10.385491751457096,8.624416348554831
2018-08,V209,0.0004534179910665661,0.012887856071963966,stable,0.7530544078301216,0.8269644849145199,0.07391007708439834,20.49693711594712,12.814880438676212
2018-08,V36,0.06682370276216582,0.12284,stable,0.29593465302943067,0.2039069188263678,-0.09202773420306287,0.5567534415840155,0.6878645680581353
2018-08,V37,6.099351466258512e-05,0.006020000000000025,stable,0.29593465302943067,0.2039069188263678,-0.09202773420306287,1.111234039738683,1.0994883827027733
2018-08,V40,0.008819080674134627,0.03322000000000003,stable,0.29593465302943067,0.2039069188263678,-0.09202773420306287,0.18187557685427647,0.1659497507087692
2018-08,V41,,0.00047999999999999996,unknown,0.29593465302943067,0.2039069188263678,-0.09202773420306287,0.9992273534902878,0.9995437807540652
2018-08,V44,0.0001880138861620668,0.0020999999999999908,stable,0.29593465302943067,0.2039069188263678,-0.09202773420306287,1.0875014656232431,1.0940300452960536
2018-08,V47,0.00014629336066834345,0.0045399999999999885,stable,0.29593465302943067,0.2039069188263678,-0.09202773420306287,1.0396935870339694,1.038012839313064
2018-08,V48,0.0018849747846019327,0.01976,stable,0.29593465302943067,0.2039069188263678,-0.09202773420306287,0.37916800702296594,0.3996317658943527
2018-08,V52,0.005465430526871709,0.026659999999999906,stable,0.29593465302943067,0.2039069188263678,-0.09202773420306287,0.18595527068182297,0.161908951673347
2018-08,V138,,0.0069125563804454115,unknown,0.8524570731872524,0.9073987599553791,0.05494168676812672,0.03751578101687134,0.03712004482420507
2018-08,V139,0.010873900078939257,0.03644113181117803,stable,0.8524570731872524,0.9073987599553791,0.05494168676812672,1.0781016871341673,1.1584255497968903
2018-08,V142,,0.025451769155343973,unknown,0.8524570731872524,0.9073987599553791,0.05494168676812672,0.045205440146906924,0.14595881776159125
2018-08,V146,,0.014613326796470094,unknown,0.8524570731872524,0.9073987599553791,0.05494168676812672,0.1440519912774016,0.17453424849418686
2018-08,V156,0.004269536697637377,0.028536100294158845,stable,0.8524570731872524,0.9073987599553791,0.05494168676812672,0.7815763801216573,0.8065555399915955
2018-08,V162,,0.02913388709903353,unknown,0.8524570731872524,0.9073987599553791,0.05494168676812672,6.623533082749914,16.194845216416866
2018-08,V324,0.034191264019885835,0.07378352201257865,stable,0.8517860771497273,0.9051288037979609,0.053342726648233585,0.5028777081161366,1.6985233798195243
2018-08,V323,0.05279973167703004,0.09096764561115667,stable,0.8517860771497273,0.9051288037979609,0.053342726648233585,0.8302794875822967,2.9104457205359586
2018-08,V325,,0.010686190866830647,unknown,0.8517860771497273,0.9051288037979609,0.053342726648233585,0.04527213264592051,0.05099808586272901
2018-08,V328,,0.0373687503418102,unknown,0.8517860771497273,0.9051288037979609,0.053342726648233585,0.141143371274332,0.7182116488925349
2018-08,V329,0.023375035120048272,0.05032701668033912,stable,0.8517860771497273,0.9051288037979609,0.053342726648233585,0.20396738121420716,1.7899917965545529
2018-08,V332,0.03646336889674296,0.09096764561115667,stable,0.8517860771497273,0.9051288037979609,0.053342726648233585,112.74322446126276,319.8056258758887
2018-08,V335,,0.06757839212469241,unknown,0.8517860771497273,0.9051288037979609,0.053342726648233585,25.245174019174044,59.03504943430408
2018-08,V220,,0.009786597294484833,unknown,0.7501862701933824,0.8254857706176875,0.07529950042430511,0.17397898661243857,0.1268767652742679
2018-08,V221,0.04051510729217718,0.06367886130518804,stable,0.7501862701933824,0.8254857706176875,0.07529950042430511,1.2868327402135231,1.2876467964917497
2018-08,V234,0.00970041582121607,0.03709229374163814,stable,0.7501862701933824,0.8254857706176875,0.07529950042430511,1.5561514997458057,1.9067935186561618
2018-08,V238,,0.01181520440017847,unknown,0.7501862701933824,0.8254857706176875,0.07529950042430511,0.122089476359939,0.14486398097220157
2018-08,V250,0.023850499987762376,0.06375318864278282,stable,0.7501862701933824,0.8254857706176875,0.07529950042430511,0.8031265887137773,0.7350230414746544
2018-08,V271,,0.00744423071205591,unknown,0.7501862701933824,0.8254857706176875,0.07529950042430511,9.82580762766005,7.947692687955887
2018-08,V1,,0.0001,unknown,0.5206527076912656,0.2701118115547254,-0.2505408961365402,0.999929347034121,1.0
2018-08,V2,2.4123210604353502e-05,0.0048399999999999554,stable,0.5206527076912656,0.2701118115547254,-0.2505408961365402,1.039658392909975,1.045956993069131
2018-08,V3,2.4123210604353502e-05,0.009039999999999937,stable,0.5206527076912656,0.2701118115547254,-0.2505408961365402,1.0711077943468796,1.0846454593922161
2018-08,V5,0.00033879482069031904,0.0072600000000000164,stable,0.5206527076912656,0.2701118115547254,-0.2505408961365402,0.8719724100168242,0.8783365914341568
2018-08,V7,0.0003198645877359252,0.005220000000000002,stable,0.5206527076912656,0.2701118115547254,-0.2505408961365402,1.0667493895142166,1.075226586102719
2018-08,V8,0.0004646832699435236,0.0012799999999999478,stable,0.5206527076912656,0.2701118115547254,-0.2505408961365402,1.023810049501234,1.0224453527634618
2018-08,V10,0.00046492870542271046,0.012580000000000036,stable,0.5206527076912656,0.2701118115547254,-0.2505408961365402,0.46156257865662215,0.4533854629465079
2018-08,V160,1.1871250716465238,0.12749999999999995,significant,0.8524570731872524,0.9056217085635717,0.053164635376319325,55376.92903217853,4251.730820935267
2018-08,V166,0.08735213280336758,0.08986028587135786,stable,0.8524570731872524,0.9056217085635717,0.053164635376319325,381.79216501828546,270.6672622319956
2018-08,V281,,0.007759999999999989,unknown,0.0019812375114302166,0.005201442394998314,0.0032202048835680975,0.08806861564042961,0.0751959109697104
2018-08,V282,0.01795569389034613,0.0645,stable,0.0019812375114302166,0.005201442394998314,0.0032202048835680975,0.8253855812138385,0.786421185766628
2018-08,V283,0.020662411427179554,0.06445999999999996,stable,0.0019812375114302166,0.005201442394998314,0.0032202048835680975,0.995955426981353,0.9540505652406347
2018-08,V289,0.00017171522732212496,0.0042799999999999505,stable,0.0019812375114302166,0.005201442394998314,0.0032202048835680975,0.23260854811069448,0.23922652654088378
2018-08,V296,,0.022840000000000082,unknown,0.0019812375114302166,0.005201442394998314,0.0032202048835680975,0.18788070312367444,0.40222706113986934
2018-08,V300,,0.0019399999999999418,unknown,0.0019812375114302166,0.005201442394998314,0.0032202048835680975,0.04490812223221406,0.050161031645652145
2018-08,V314,0.0005941199880397045,0.008199999999999985,stable,0.0019812375114302166,0.005201442394998314,0.0032202048835680975,40.93868015134437,43.345941251705355
2018-08,hour,0.018120901259581657,0.04591999999999999,stable,0.0,0.0,0.0,13.815073915399465,14.204711131864997
2018-08,day_of_week,0.01472408987869575,0.03503999999999996,stable,0.0,0.0,0.0,2.946186964473194,2.944755752717462
2018-08,amount_log,0.006431530587841488,0.02505999999999997,stable,0.0,0.0,0.0,4.382521202395477,4.406700217907632
2018-08,amount_cents,0.008810362376248751,0.03801999999999994,stable,0.0,0.0,0.0,0.3755282276065321,0.3910524259828114
2018-08,amount_is_round,,0.006479999999999986,unknown,0.0,0.0,0.0,0.5179200392860771,0.5241004488027603
2018-08,match_true_count,0.24794804548641758,0.23470000000000002,moderate,0.0,0.0,0.0,2.32405298540319,3.412950424157522
2018-08,match_missing_count,0.31271552630645155,0.2612,significant,0.0,0.0,0.0,4.798432366986148,3.1637351804290867
2018-08,screen_width,0.012068111411433258,0.040028245485244474,stable,0.8691600060961154,0.911653306353283,0.04249330025716758,1824.5967029589244,1855.6583467919543
2018-08,screen_height,0.011299563658852107,0.0380147790339157,stable,0.8691600060961154,0.911653306353283,0.04249330025716758,1077.2156989630014,1083.973278520041
2018-08,screen_area,0.018193604615454287,0.03958833357803554,stable,0.8691600060961154,0.911653306353283,0.04249330025716758,2148944.194813389,2183739.13478197
2018-08,email_domains_match,,0.007474868799868389,unknown,0.7756947031530463,0.8423093885386671,0.06661468538562076,0.8101237154262095,0.8026651312001316
2018-08,ProductCD_code,0.03462021783620873,0.0884,stable,0.0,0.0,0.0,3.1803137806075794,3.4456767063584715
2018-08,card4_code,0.001653029254048905,0.008900000000000019,stable,0.0,0.0,0.0,3.605047922240661,3.6096583391703634
2018-08,card6_code,0.022594442107093916,0.045040000000000024,stable,0.0,0.0,0.0,2.7371050225217597,2.7686460684359355
2018-08,P_emaildomain_code,0.00459229969651761,0.018419999999999992,stable,0.0,0.0,0.0,20.27140837199851,20.390730796170907
2018-08,R_emaildomain_code,0.018277746055635567,0.061879999999999935,stable,0.0,0.0,0.0,4.7000647712263355,3.459166731522557
2018-08,M1_code,,0.23560000000000003,unknown,0.0,0.0,0.0,0.9911542825210824,1.4591018756323448
2018-08,M2_code,,0.23560000000000003,unknown,0.0,0.0,0.0,0.9401225996545535,1.3973850105066543
2018-08,M3_code,0.2363644681554717,0.23560000000000003,moderate,0.0,0.0,0.0,0.8867244386493718,1.3212831089319532
2018-08,M4_code,0.002241324303298442,0.022419999999999995,stable,0.0,0.0,0.0,0.8132154468791276,0.8156276753054712
2018-08,M5_code,0.009145173779393658,0.046699999999999964,stable,0.0,0.0,0.0,0.5789256443255326,0.6497652216774328
2018-08,M6_code,0.0373241219822429,0.08406,stable,0.0,0.0,0.0,1.0224392081823417,1.1390899421485459
2018-08,M7_code,0.2750920762701541,0.26182,significant,0.0,0.0,0.0,0.4144046127273343,0.7124549251563027
2018-08,M8_code,0.2751486992284984,0.26186000000000004,significant,0.0,0.0,0.0,0.4992316354522979,0.8607284613588606
2018-08,M9_code,,0.26186000000000004,unknown,0.0,0.0,0.0,0.6735149185491245,1.166679637844709
2018-08,id_12_code,,0.07258000000000009,unknown,0.0,0.0,0.0,0.47594362786602096,0.33093366539549124
2018-08,id_15_code,0.03307295155125042,0.07175999999999993,stable,0.0,0.0,0.0,0.40176575676499476,0.28152644823202844
2018-08,id_16_code,0.03200464101328955,0.06999999999999995,stable,0.0,0.0,0.0,0.34342720222169537,0.22651568215425325
2018-08,id_23_code,,0.0019200000000000328,unknown,0.0,0.0,0.0,0.022221187387814544,0.017498119179183855
2018-08,id_27_code,,0.0019200000000000328,unknown,0.0,0.0,0.0,0.009070088393673587,0.00682283965029704
2018-08,id_28_code,0.03199785120346393,0.0726199999999999,stable,0.0,0.0,0.0,0.3656589731432248,0.251731652268659
2018-08,id_29_code,0.03199785120346393,0.0726199999999999,stable,0.0,0.0,0.0,0.36826887255732044,0.25270449062183825
2018-08,id_30_code,0.043483934421581855,0.07411999999999996,stable,0.0,0.0,0.0,5.976089680631286,2.4918022154772097
2018-08,id_31_code,0.45002585239945125,0.19767999999999997,significant,0.0,0.0,0.0,15.858411369255258,3.8361740213246165
2018-08,id_33_code,0.013067279364489351,0.043099999999999916,stable,0.0,0.0,0.0,12.020542638940631,8.311917918385348
2018-08,id_34_code,,0.048639999999999906,unknown,0.0,0.0,0.0,0.5253581467809124,0.36490518068851013
2018-08,id_35_code,0.031198357419953582,0.07175999999999993,stable,0.0,0.0,0.0,0.3893639719578691,0.26721923885127247
2018-08,id_36_code,0.031198357419953582,0.07175999999999993,stable,0.0,0.0,0.0,0.26224514850814507,0.18220613796144966
2018-08,id_37_code,0.031198357419953582,0.07175999999999993,stable,0.0,0.0,0.0,0.44423112744267956,0.3126443043557216
2018-08,id_38_code,0.031198357419953582,0.07323999999999997,stable,0.0,0.0,0.0,0.3771294069834389,0.23126313331776793
2018-08,DeviceType_code,0.03103320404427104,0.07162000000000002,stable,0.0,0.0,0.0,0.3465705117350222,0.2580356447972605
2018-08,DeviceInfo_code,0.04082200485756195,0.07673999999999992,stable,0.0,0.0,0.0,267.1259948521692,168.1153267439749
2018-08,P_email_provider_code,0.004354604664996028,0.018279999999999963,stable,0.0,0.0,0.0,17.34171901988011,17.454977041014864
2018-08,P_email_suffix_code,0.00012567576118641908,0.0040000000000000036,stable,0.0,0.0,0.0,2.759660649574965,2.771668352919812
2018-08,R_email_provider_code,0.01829540364256739,0.061879999999999935,stable,0.0,0.0,0.0,4.117807430487351,3.04504890134122
2018-08,R_email_suffix_code,0.023234067453892265,0.06225999999999998,stable,0.0,0.0,0.0,0.7931829342635554,0.5843126572755337
2018-08,device_brand_code,0.03428476841584012,0.06965999999999994,stable,0.0,0.0,0.0,148.35870770819926,98.276623342932
2018-08,browser_family_code,0.03658771260174067,0.07494,stable,0.0,0.0,0.0,2.881009330443323,1.8955560744026771
2018-08,card1_addr1_code,0.025487908848375054,0.06114000000000001,stable,0.0,0.0,0.0,18599.467347681784,17475.580317534437
2018-08,card1_freq,0.008207069913273517,0.025960000000000004,stable,0.0,0.0,0.0,0.004310963388824863,0.004341101909584495
2018-08,card2_freq,0.00791507297010055,0.024399999999999977,stable,0.0,0.0,0.0,0.030589887100843205,0.03175931833256703
2018-08,card3_freq,0.009186611477473556,0.023739999999999997,stable,0.0,0.0,0.0,0.7844944688685959,0.8008036458240536
2018-08,card5_freq,0.006100481224121137,0.028719999999999996,stable,0.0,0.0,0.0,0.2879029026168135,0.29690639840890737
2018-08,addr1_freq,0.004928072957788049,0.027959999999999985,stable,0.0,0.0,0.0,0.04646929091810429,0.04438059925034656
2018-08,addr2_freq,0.0036929714416055193,0.030380000000000004,stable,0.0,0.0,0.0,0.7836646478129485,0.8063677102811343
2018-08,P_emaildomain_freq,0.0048904118664302425,0.023440000000000016,stable,0.0,0.0,0.0,0.21620300774556866,0.2227210458848354
2018-08,R_emaildomain_freq,0.02258680164361925,0.06187999999999999,stable,0.0,0.0,0.0,0.591020048010293,0.6346637325497102
2018-08,DeviceInfo_freq,0.017311136140163535,0.06672,stable,0.0,0.0,0.0,0.6321141791710317,0.6820916424895801
2018-08,id_30_freq,0.01782243767122893,0.05103999999999999,stable,0.0,0.0,0.0,0.7419923804069077,0.7855270397427304
2018-08,id_31_freq,0.18602526475505035,0.1256,moderate,0.0,0.0,0.0,0.569208971091412,0.6200183349126785
2018-08,id_33_freq,0.012957944972897645,0.04195999999999998,stable,0.0,0.0,0.0,0.7570517379974453,0.7934488062197592
2018-08,card1_addr1_freq,0.024799469054949494,0.05998,stable,0.0,0.0,0.0,0.0013318732440966324,0.001184133733788947
2018-08,P_email_provider_freq,0.004369816487942972,0.02180000000000004,stable,0.0,0.0,0.0,0.21826946467780875,0.22458341825214184
2018-08,R_email_provider_freq,0.022078589439895623,0.06187999999999999,stable,0.0,0.0,0.0,0.591305371164419,0.6349122574697459
2018-08,device_brand_freq,0.01725068846547482,0.06672,stable,0.0,0.0,0.0,0.6321677629940776,0.6821399780707486
2018-08,browser_family_freq,0.01730606841886366,0.07208,stable,0.0,0.0,0.0,0.5860470086328589,0.6347301741889982
2018-08,TransactionAmt_mean_by_card1,0.017533146287156007,0.03459999999999999,stable,0.0,0.020390691882636782,0.020390691882636782,134.40138757251106,134.11042087627592
2018-08,TransactionAmt_std_by_card1,0.018124759152218624,0.04238,stable,0.007154468791275782,0.030430383687446494,0.023275914896170712,184.20882225512287,183.69262603042813
2018-08,TransactionAmt_ratio_to_card1_mean,0.00566986172811613,0.01746000000000003,stable,0.0,0.020390691882636782,0.020390691882636782,0.9999999998390867,1.0967807566637082
2018-08,TransactionAmt_mean_by_addr1,0.009714720079191847,0.0315,stable,0.0,0.00011674060238150829,0.00011674060238150829,134.40138877388117,136.95483995269242
2018-08,TransactionAmt_std_by_addr1,0.006615520724566002,0.03245999999999999,stable,0.00026247163612964404,0.00015565413650867773,-0.00010681749962096631,218.7574806332354,224.78752059603215
2018-08,TransactionAmt_ratio_to_addr1_mean,0.0012167057808905035,0.01586000000000004,stable,0.0,0.00011674060238150829,0.00011674060238150829,0.999999999927986,1.0161296217407987
2018-08,TransactionAmt_mean_by_card1_addr1,0.016998109460894643,0.03652,stable,0.0,0.06009546787039199,0.06009546787039199,134.40138794130837,132.12629139595947
2018-08,TransactionAmt_std_by_card1_addr1,0.01832959947439258,0.04826,stable,0.031327259796118806,0.0874516823617921,0.05612442256567329,158.6121803478903,160.39776347900383
2018-08,TransactionAmt_ratio_to_card1_addr1_mean,0.0410046620377905,0.04126000000000002,stable,0.0,0.06009546787039199,0.06009546787039199,1.0000000002325469,1.1751098468844923
2018-08,D15_mean_by_card1,0.0123508450929979,0.051080000000000014,stable,0.011269346699630846,0.02865333229563909,0.017383985596008244,156.35746512963993,163.05169012406046
2018-08,D15_std_by_card1,0.014893650731970494,0.04832000000000003,stable,0.02197988281911471,0.04044413313617143,0.01846425031705672,171.91801599251494,176.08797169542777
2018-08,D15_ratio_to_card1_mean,0.1181873102218638,0.12216000000000005,moderate,0.17546017204592407,0.10546864866267154,-0.06999152338325253,0.999999999911685,2.297278199328842
2018-09,TransactionAmt,0.005915162329210846,0.011299999999999977,stable,0.0,0.0,0.0,134.40138803679685,136.03737023061382
2018-09,card1,0.0016616521042307154,0.016020000000000034,stable,0.0,0.0,0.0,9867.868400108375,9975.998975984738
2018-09,card2,0.0026539487678291633,0.008839999999999959,stable,0.014869864869441527,0.009805296824149927,-0.0050645680452916005,362.8612139482217,361.58931278244484
2018-09,card3,0.0042241521342710146,0.01646000000000003,stable,0.0017420496494733634,2.8055212658511953e-05,-0.0017139944368148514,153.30461674819608,152.6208371910333
2018-09,card5,0.00905085909984788,0.027500000000000024,stable,0.006673976360619094,0.0025530243519245877,-0.004120952008694507,199.59472936142464,200.6841194835879
2018-09,addr1,0.0010355550667428646,0.011280000000000068,stable,0.11379627120940157,0.10054988216810684,-0.013246389041294729,290.47071805785447,291.648658764816
2018-09,addr2,0.0009101440530994172,0.00326,stable,0.11379627120940157,0.10054988216810684,-0.013246389041294729,86.77257560232259,86.85120087336244
2018-09,dist1,0.017044393838554543,0.04238480873357331,stable,0.6078271581941952,0.5207187745483111,-0.08710838364588414,121.45554985831872,85.2662803289724
2018-09,dist2,0.08219756296374238,0.052243879671508064,stable,0.9320537135503099,0.9528111323083829,0.02075741875807302,237.77498442367602,215.2538644470868
2018-09,C1,0.013055923122335824,0.040200000000000014,stable,0.0,0.0,0.0,15.232353015883767,8.475241274828862
2018-09,C2,0.009719823925384305,0.03698000000000001,stable,0.0,0.0,0.0,16.61607384766485,8.691729323308271
2018-09,C3,,0.005720000000000058,unknown,0.0,0.0,0.0,0.00543781962271819,0.010113904163393559
2018-09,C4,0.014581252948804834,0.052019999999999955,stable,0.0,0.0,0.0,4.63823576726386,0.5527999102233195
2018-09,C5,0.0013720374287333184,0.017759999999999998,stable,0.0,0.0,0.0,5.483623039929556,5.937450903377847
2018-09,C6,0.007526307745051469,0.03514000000000006,stable,0.0,0.0,0.0,9.60298836657974,6.103635955560543
2018-09,C7,0.001767354548874891,0.01440000000000008,stable,0.0,0.0,0.0,3.4869272191553495,0.41889238020424197
2018-09,C8,0.026101170249125973,0.06780000000000008,stable,0.0,0.0,0.0,6.074963169302672,0.7229968578161823
2018-09,C9,0.06558677305538627,0.11306000000000002,stable,0.0,0.0,0.0,4.3681418701527415,5.7812535069015825
2018-09,C10,0.019944033819861602,0.058760000000000034,stable,0.0,0.0,0.0,6.197605157990991,0.8182723600044889
2018-09,C11,0.007755591434558433,0.014059999999999961,stable,0.0,0.0,0.0,11.034773258373692,6.216319717203456
2018-09,C12,0.06953738475436444,0.10560000000000003,stable,0.0,0.0,0.0,4.964756832729367,0.8736393221860622
2018-09,C13,0.018197004648742528,0.05786000000000002,stable,0.0,0.0,0.0,32.713120618417044,31.288211199640894
2018-09,C14,0.004799345644380516,0.025959999999999983,stable,0.0,0.0,0.0,8.610481508449894,6.237683761642913
2018-09,D1,0.02519172965953298,0.06902000000000003,stable,0.0019812375114302166,0.004643137694983728,0.0026619001835535114,90.64199060013235,116.8373662922615
2018-09,D2,0.022432964937211683,0.0707151369576452,stable,0.4895159515020151,0.4300162720233419,-0.059499679478673184,167.2682931885939,192.62658430339872
2018-09,D3,0.0022188683313042025,0.016375091032578948,stable,0.4607054560233007,0.3597379643137695,-0.10096749170953123,28.642409137294923,30.498323948907828
2018-09,D4,0.06188084393784324,0.11116000000000004,stable,0.29586056829342633,0.1442178206710807,-0.15164274762234564,134.97500736492134,181.38964381136591
2018-09,D5,0.004398066595562924,0.0236881306370455,stable,0.5373154231720121,0.4089888901357872,-0.12832653303622488,42.40101652888781,44.80525491313016
2018-09,D6,0.008306584817474455,0.04545911171744732,stable,0.8762086395502422,0.8149197620917966,-0.06128887745844558,63.98103722449259,71.7069122328331
2018-09,D7,0.028871158840603976,0.07905052220603337,stable,0.9366173332881769,0.9039950622825721,-0.032622271005604775,44.717906759284,41.34029807130333
2018-09,D8,0.023183430193478124,0.05079380792478172,stable,0.8695896975649405,0.8955644708786893,0.025974773313748756,149.7005347063145,141.57885025736667
2018-09,D9,0.02419161531430254,0.039832840832773664,stable,0.8695896975649405,0.8955644708786893,0.025974773313748756,0.5602651748810471,0.5511805443294582
2018-09,D10,0.044065846462299677,0.09722000000000008,stable,0.1405302773732516,0.009903490068454718,-0.13062678730479688,118.33504005753113,168.74071292964211
2018-09,D11,0.13074386309528688,0.13398,moderate,0.5206527076912656,0.2693019863090562,-0.2513507213822094,138.20242957886416,214.2062008062968
2018-09,D12,0.027975181698322246,0.04241449682561116,stable,0.8884432045246723,0.896153630344518,0.007710425819845712,52.512171982619584,59.67378089963528
2018-09,D13,3.209143295675758e-05,0.01161851774089806,stable,0.8963385206759915,0.8293822242172596,-0.06695629645873191,17.152063381863474,19.557757132286444
2018-09,D14,0.0019686138674950924,0.03649320197598549,stable,0.8945118027567989,0.8424419257097969,-0.052069877047001945,51.71775423388715,59.87161680911681
2018-09,D15,0.09880916339667903,0.14501999999999993,stable,0.1646056998679175,0.008865447200089777,-0.15574025266782773,157.24798374325698,216.42002094655797
2018-09,id_01,0.0817990980837292,0.125224236983842,stable,0.7450130389135368,0.8046655818651105,0.05965254295157374,-9.927638132554124,-12.28193895870736
2018-09,id_02,0.08522585366026852,0.08136570545032851,stable,0.750899600365767,0.818552912131074,0.06765331176530698,171218.44375993134,198390.42643989177
2018-09,id_03,0.00333199189086976,0.006122915314251909,stable,0.8855073322721577,0.904920884300303,0.01941355202814532,0.06206322795341098,0.04691649454116258
2018-09,id_04,,0.007626078489229861,unknown,0.8855073322721577,0.904920884300303,0.01941355202814532,-0.06030689591421705,-0.10342283859545588
2018-09,id_05,0.02821673169601336,0.03596968553459119,stable,0.7576645951163342,0.821568847491864,0.06390425237552977,1.7279079720841668,1.1052672955974843
2018-09,id_06,0.00933797422563375,0.06074955974842766,stable,0.7576645951163342,0.821568847491864,0.06390425237552977,-6.631704909727742,-7.20872641509434
2018-09,id_07,0.12500918202928343,0.13281667684506746,moderate,0.990980712568158,0.992383009763214,0.0014022971950560237,13.80356723773762,11.340699815837937
2018-09,id_08,0.0940746200961961,0.09790584266137303,stable,0.990980712568158,0.992383009763214,0.0014022971950560237,-38.85402487678949,-36.07734806629834
2018-09,id_09,0.00011640333893475905,0.01818745466756211,stable,0.8695896975649405,0.8955644708786893,0.025974773313748756,0.09918844343450739,0.06957689724647415
2018-09,id_10,,0.006198858294157152,unknown,0.8695896975649405,0.8955644708786893,0.025974773313748756,-0.3103716929069956,-0.20523841504365345
2018-09,id_11,,0.009903255813953488,unknown,0.7506604125038101,0.819043878352598,0.06838346584878785,99.73444663985661,99.77960005826728
2018-09,id_13,2.8101323624000587,0.5180897943025693,significant,0.7773859518406881,0.8192823476601953,0.041896395819507104,47.506370638014644,35.982224637118684
2018-09,id_14,0.01942882143359735,0.05473528680027645,stable,0.8556046161140651,0.9188082145662664,0.06320359845220125,-345.6647170060249,-337.3963372494817
2018-09,id_17,0.051793404593507786,0.09992885008185859,stable,0.753012073695262,0.8200678936146336,0.0670558199193716,188.6928396966191,194.10883293053715
2018-09,id_18,0.0716700428256756,0.11163841524433926,stable,0.920788600264165,0.9346453821119964,0.013856781847831456,14.18646785313452,14.852758102597123
2018-09,id_19,0.0995975534301805,0.07277148873118616,stable,0.7530967419649812,0.8201240040399507,0.06702726207496945,351.5076171288954,344.7772752086095
2018-09,id_20,0.11058517218056527,0.10767965651834499,moderate,0.7531390760998409,0.8203063629222309,0.06716728682239004,401.5382036441586,414.3897736143638
2018-09,id_21,0.06268339207945807,0.08501800007444128,stable,0.990976479154672,0.9923970373695432,0.0014205582148711926,371.4062866525921,345.99261992619927
2018-09,id_22,0.01017099349039183,0.08570841193514979,stable,0.9909553120872422,0.992383009763214,0.0014276976759718396,16.00842499414931,17.40515653775322
2018-09,id_24,0.12998129586462642,0.16806376385008528,moderate,0.9917152098079723,0.9928599483784087,0.0011447385704363988,12.7639243740419,12.392927308447938
2018-09,id_25,0.22350578417590397,0.09901083372585963,moderate,0.9910124631693027,0.9924250925822018,0.0014126294128991024,330.0975035327367,338.60185185185185
2018-09,id_26,0.2425271203192238,0.11950260206146114,moderate,0.9909680123277,0.9925092582201773,0.0015412458924772832,148.2620107804078,155.57116104868913
2018-09,id_32,0.0009810180944059565,0.06453051416579225,stable,0.8600645172215261,0.9197901470093144,0.05972562978778828,26.59603690818333,26.098635886673662
2018-09,has_identity,,0.06106,unknown,0.0,0.0,0.0,0.25498696108646324,0.19533441813488947
2018-09,V219,0.04826752148461577,0.09255718233906307,stable,0.7672998442103837,0.8335203680843901,0.06622052387400645,0.7931141128848865,1.3170711156049881
2018-09,V264,0.018329609979145334,0.09657700033704075,stable,0.7672998442103837,0.8335203680843901,0.06622052387400645,144.35008277787801,307.4961861054183
2018-09,V223,,0.006334998314796114,unknown,0.7672998442103837,0.8335203680843901,0.06622052387400645,0.09217264747350708,0.10262891809908999
2018-09,V263,0.01920519434011793,0.08580364004044483,stable,0.7672998442103837,0.8335203680843901,0.06622052387400645,74.82365604583589,219.39606207083844
2018-09,V237,,0.030578099089989874,unknown,0.7672998442103837,0.8335203680843901,0.06622052387400645,0.16285987174239322,0.22708122682844625
2018-09,V240,8.692426464874347e-05,0.0017278058645096017,stable,0.7672998442103837,0.8335203680843901,0.06622052387400645,1.0010278801109747,1.0025278058645095
2018-09,V246,0.00012718117939196827,0.04592661948095722,stable,0.7672998442103837,0.8335203680843901,0.06622052387400645,1.1772774821485423,1.3350185372430063
2018-09,V252,0.00012718117939196827,0.0041528075497135886,stable,0.7672998442103837,0.8335203680843901,0.06622052387400645,1.0316550689043527,1.0181159420289856
2018-09,V260,2.469688656425639e-05,0.012568439501179585,stable,0.7672998442103837,0.8335203680843901,0.06622052387400645,0.9617137399372356,0.9797775530839231
2018-09,V262,4.6564020765352176e-05,0.023070273003033326,stable,0.7672998442103837,0.8335203680843901,0.06622052387400645,1.0091053804520853,1.0302494101786317
2018-09,V265,0.017558843196076222,0.092597182339063,stable,0.7672998442103837,0.8335203680843901,0.06622052387400645,98.5912143482233,271.2602972553903
2018-09,V268,0.0005166559499086734,0.00896889113582744,stable,0.7672998442103837,0.8335203680843901,0.06622052387400645,18.207679998226013,20.353602298430253
2018-09,V273,0.017537068646805303,0.06954388270980782,stable,0.7672998442103837,0.8335203680843901,0.06622052387400645,36.513354583421886,172.78890271028828
2018-09,V95,0.0020861030822493703,0.019440000000000013,stable,0.00020532055406915703,0.0,-0.00020532055406915703,0.2189187758688219,0.23459768825047694
2018-09,V96,0.02112761511709636,0.06857999999999997,stable,0.00020532055406915703,0.0,-0.00020532055406915703,1.2722326315009473,1.4252889686903827
2018-09,V98,,0.0037800000000000056,unknown,0.00020532055406915703,0.0,-0.00020532055406915703,0.05938370012808706,0.06034676242845921
2018-09,V100,0.005185502503289866,0.028139999999999943,stable,0.00020532055406915703,0.0,-0.00020532055406915703,0.24350937364370626,0.3017478397486253
2018-09,V103,,0.0050200000000000244,unknown,0.00020532055406915703,0.0,-0.00020532055406915703,0.1784347973366361,0.14333408147233756
2018-09,V106,,0.020139999999999936,unknown,0.00020532055406915703,0.0,-0.00020532055406915703,0.07884022992155991,0.10276624396812928
2018-09,V105,,0.030200000000000005,unknown,0.00020532055406915703,0.0,-0.00020532055406915703,0.12691416050049223,0.16532936819661093
2018-09,V108,0.0010348822127979052,0.0030799999999999716,stable,0.00020532055406915703,0.0,-0.00020532055406915703,1.004691585421364,1.008164066883627
2018-09,V109,0.00019566774801862754,0.007940000000000058,stable,0.00020532055406915703,0.0,-0.00020532055406915703,1.0138990335249347,1.022135562787566
2018-09,V111,0.0010348822127979052,0.001960000000000073,stable,0.00020532055406915703,0.0,-0.00020532055406915703,1.0028560237966697,1.0050920210975198
2018-09,V114,0.0010481849908566224,0.0048399999999999554,stable,0.00020532055406915703,0.0,-0.00020532055406915703,1.0090232567986703,1.0150656491976209
2018-09,V115,0.00020610418101623244,0.015499999999999958,stable,0.00020532055406915703,0.0,-0.00020532055406915703,1.029608222977336,1.0470345640219954
2018-09,V117,0.0010348822127979052,0.00041999999999997595,stable,0.00020532055406915703,0.0,-0.00020532055406915703,1.0006287910063831,1.0011923465379868
2018-09,V118,0.00019566774801862754,0.0012400000000000189,stable,0.00020532055406915703,0.0,-0.00020532055406915703,1.0014481247419733,1.0029317697228144
2018-09,V120,0.0010348822127979052,0.000500000000000056,stable,0.00020532055406915703,0.0,-0.00020532055406915703,1.0010204621719754,1.0017815060038155
2018-09,V121,0.00019566774801862754,0.0023199999999999887,stable,0.00020532055406915703,0.0,-0.00020532055406915703,1.0038235574327543,1.0064246436987991
2018-09,V123,0.0010481849908566224,0.00766,stable,0.00020532055406915703,0.0,-0.00020532055406915703,1.0300125969915421,1.0416058803725732
2018-09,V124,0.00020610418101623244,0.022340000000000027,stable,0.00020532055406915703,0.0,-0.00020532055406915703,1.0829030243365407,1.1146335989226799
2018-09,V128,0.008163320593043002,0.041220000000000034,stable,0.00020532055406915703,0.0,-0.00020532055406915703,74.56188631434888,93.23179741520336
2018-09,V127,0.018842565938654125,0.0686,stable,0.00020532055406915703,0.0,-0.00020532055406915703,157.08918084329193,204.89540955852064
2018-09,V131,0.00578335807047424,0.02858000000000005,stable,0.00020532055406915703,0.0,-0.00020532055406915703,27.897589159858335,38.618379762538986
2018-09,V130,0.01751619829866921,0.058719999999999994,stable,0.00020532055406915703,0.0,-0.00020532055406915703,82.75806087732268,118.8240152692142
2018-09,V134,,0.006720000000000059,unknown,0.00020532055406915703,0.0,-0.00020532055406915703,29.042006704843423,29.685291263954085
2018-09,V136,,0.030220000000000025,unknown,0.00020532055406915703,0.0,-0.00020532055406915703,22.74077328566627,33.7517379558059
2018-09,V293,,0.0034600000000000186,unknown,2.5400480915772006e-05,0.0,-2.5400480915772006e-05,0.1523496041657847,0.16754572999663336
2018-09,V307,0.00932023849436044,0.05350000000000005,stable,2.5400480915772006e-05,0.0,-2.5400480915772006e-05,237.79158422297218,277.2194528295861
2018-09,V284,,0.0005999999999999339,unknown,2.5400480915772006e-05,0.0,-2.5400480915772006e-05,0.08697768934422759,0.0841516103692066
2018-09,V285,0.006844156702408979,0.03981999999999997,stable,2.5400480915772006e-05,0.0,-2.5400480915772006e-05,1.0861394521823802,1.2592722477836382
2018-09,V286,,0.007060000000000066,unknown,2.5400480915772006e-05,0.0,-2.5400480915772006e-05,0.03239278608018289,0.023622489058467065
2018-09,V297,,0.013299999999999979,unknown,2.5400480915772006e-05,0.0,-2.5400480915772006e-05,0.06328902247999661,0.08422174840085288
2018-09,V298,,0.02434000000000003,unknown,2.5400480915772006e-05,0.0,-2.5400480915772006e-05,0.15813047711781889,0.1782487936258557
2018-09,V299,,0.015840000000000076,unknown,2.5400480915772006e-05,0.0,-2.5400480915772006e-05,0.09217010287456077,0.11261362361126698
2018-09,V303,0.025862253285621042,0.06319999999999992,stable,2.5400480915772006e-05,0.0,-2.5400480915772006e-05,0.28399517378603784,0.22127146223768376
2018-09,V308,0.004178003642178703,0.034440000000000026,stable,2.5400480915772006e-05,0.0,-2.5400480915772006e-05,103.29691253404022,127.55283525375344
2018-09,V312,0.0027170399801213787,0.019959999999999978,stable,2.5400480915772006e-05,0.0,-2.5400480915772006e-05,36.549113843767,46.03156754087551
2018-09,V310,0.005859340212675345,0.03986000000000001,stable,2.5400480915772006e-05,0.0,-2.5400480915772006e-05,110.94206936017235,140.0867860918929
2018-09,V316,,0.0021799999999999597,unknown,2.5400480915772006e-05,0.0,-2.5400480915772006e-05,23.99506695003597,42.83505588763558
2018-09,V318,,0.006200000000000094,unknown,2.5400480915772006e-05,0.0,-2.5400480915772006e-05,46.7352232698563,56.487107735666086
2018-09,V320,,0.024419999999999997,unknown,2.5400480915772006e-05,0.0,-2.5400480915772006e-05,26.984193300953322,32.753377496868445
2018-09,V168,0.048272433227592115,0.09757317829457357,stable,0.7534057811494564,0.819043878352598,0.06563809720314151,1.214937467274397,1.3624031007751938
2018-09,V203,0.021663711775921107,0.10605100775193799,stable,0.7534057811494564,0.819043878352598,0.06563809720314151,440.01147361155296,449.3021203287581
2018-09,V173,,0.0013400000000000079,unknown,0.7534057811494564,0.819043878352598,0.06563809720314151,0.058129254328363335,0.05317829457364341
2018-09,V183,,0.021892713178294554,unknown,0.7534057811494564,0.819043878352598,0.06563809720314151,0.20934943647584958,0.2154263565891473
2018-09,V215,0.00314520182145915,0.027345581395348928,stable,0.7534057811494564,0.819043878352598,0.06563809720314151,81.78879538962393,41.74864554456038
2018-09,V202,0.014185843816770571,0.08011147286821707,stable,0.7534057811494564,0.819043878352598,0.06563809720314151,86.74391070107535,197.94004007912883
2018-09,V205,,0.012864651162790675,unknown,0.7534057811494564,0.819043878352598,0.06563809720314151,19.253519422625835,6.346365814744964
2018-09,V211,0.01380069045032863,0.06298124031007757,stable,0.7534057811494564,0.819043878352598,0.06563809720314151,38.78254787077114,157.7110341711839
2018-09,V13,0.02597814780162937,0.08050000000000002,stable,0.14060647881599891,0.01007182134440579,-0.13053465747159312,0.5799386707060258,0.6639648575882103
2018-09,V14,,0.00038,unknown,0.14060647881599891,0.01007182134440579,-0.13053465747159312,0.9994950801098509,0.9999291483633272
2018-09,V17,0.016272189303450754,0.04498000000000002,stable,0.14060647881599891,0.01007182134440579,-0.13053465747159312,0.1345032696641667,0.18104010202635681
2018-09,V20,0.009144340514185948,0.034519999999999995,stable,0.14060647881599891,0.01007182134440579,-0.13053465747159312,0.8480683735421978,0.8800623494402721
2018-09,V23,0.0005661051687366054,0.009719999999999951,stable,0.14060647881599891,0.01007182134440579,-0.13053465747159312,1.035021736185515,1.0482924755561853
2018-09,V26,0.07534465473968764,0.02672,stable,0.14060647881599891,0.01007182134440579,-0.13053465747159312,0.9856849053583084,1.0129516791837891
2018-09,V27,,0.005879999999999996,unknown,0.14060647881599891,0.01007182134440579,-0.13053465747159312,0.0007561483232965111,0.0070001417032733455
2018-09,V30,0.0014347218851030533,0.015680000000000027,stable,0.14060647881599891,0.01007182134440579,-0.13053465747159312,0.40457876134530363,0.3847102168060082
2018-09,V54,0.03848344325329324,0.09348000000000001,stable,0.14158651403799913,0.010015710919088767,-0.13157080311891037,0.5969344728782715,0.6962195709468076
2018-09,V56,0.00015393283491247088,0.013739999999999974,stable,0.14158651403799913,0.010015710919088767,-0.13157080311891037,1.1132755670189525,1.1703743588290305
2018-09,V60,0.017771306392033025,0.04745999999999995,stable,0.14158651403799913,0.010015710919088767,-0.13157080311891037,0.14243900755038935,0.1980616090911667
2018-09,V62,0.010235284870473614,0.0345,stable,0.14158651403799913,0.010015710919088767,-0.13157080311891037,0.865338238702773,0.9123756624252558
2018-09,V65,,0.00028000000000000003,unknown,0.14158651403799913,0.010015710919088767,-0.13157080311891037,0.9996597146534761,0.9999149828548757
2018-09,V67,0.08250496767465498,0.0285,stable,0.14158651403799913,0.010015710919088767,-0.13157080311891037,0.9948390055777206,1.0324198713407204
2018-09,V68,,0.006260000000000043,unknown,0.14158651403799913,0.010015710919088767,-0.13157080311891037,0.0005153596914746192,0.007056423045314139
2018-09,V70,0.0013854600219671597,0.017979999999999996,stable,0.14158651403799913,0.010015710919088767,-0.13157080311891037,0.40582726326742974,0.3854677359934253
2018-09,V76,0.01510900085789215,0.06112000000000001,stable,0.16466496765672098,0.008893502412748288,-0.1557714652439727,0.5681952366593266,0.6342174540719563
2018-09,V77,0.0008418118880014815,0.006979999999999986,stable,0.16466496765672098,0.008893502412748288,-0.1557714652439727,1.088599960976994,1.118860927902171
2018-09,V80,0.01230952561641746,0.042300000000000004,stable,0.16466496765672098,0.008893502412748288,-0.1557714652439727,0.14813791845205365,0.18968494352761345
2018-09,V82,0.001145427235448429,0.01422000000000001,stable,0.16466496765672098,0.008893502412748288,-0.1557714652439727,0.8444477104391609,0.8572338438021909
2018-09,V86,0.0006617915745732332,0.008339999999999903,stable,0.16466496765672098,0.008893502412748288,-0.1557714652439727,1.065847521405639,1.0888697030599825
2018-09,V88,,0.00074,unknown,0.16466496765672098,0.008893502412748288,-0.1557714652439727,0.9991942002691067,0.9998867721572735
2018-09,V89,,0.006060000000000065,unknown,0.16466496765672098,0.008893502412748288,-0.1557714652439727,0.0008564789592513664,0.00702012624904464
2018-09,V91,0.002931389286283508,0.027959999999999985,stable,0.16466496765672098,0.008893502412748288,-0.1557714652439727,0.4177235397413839,0.3874515243298327
2018-09,V169,,0.006463551401869161,unknown,0.7530544078301216,0.8198855347323533,0.0668311269022317,0.1686881241160588,0.19641744548286605
2018-09,V171,0.0581401277580546,0.08375707165109036,stable,0.7530544078301216,0.8198855347323533,0.0668311269022317,1.5378905412934472,2.0246105919003115
2018-09,V175,0.005042979012040731,0.022287975077881605,stable,0.7530544078301216,0.8198855347323533,0.0668311269022317,0.14329918998842842,0.17118380062305297
2018-09,V180,0.007898675204267371,0.026671900311526442,stable,0.7530544078301216,0.8198855347323533,0.0668311269022317,0.4235974799639995,0.30934579439252335
2018-09,V184,,0.022687227414330158,unknown,0.7530544078301216,0.8198855347323533,0.0668311269022317,0.12526464663780912,0.17975077881619939
2018-09,V189,0.0074039228272605746,0.035324859813084086,stable,0.7530544078301216,0.8198855347323533,0.0668311269022317,1.0352033600480006,1.1447819314641745
2018-09,V197,0.007618274750626136,0.022802928348909665,stable,0.7530544078301216,0.8198855347323533,0.0668311269022317,0.95264218060258,0.9192367601246106
2018-09,V198,0.0074039228272605746,0.02231682242990654,stable,0.7530544078301216,0.8198855347323533,0.0668311269022317,0.9652252175031072,0.9253115264797508
2018-09,V210,0.0024587901779892863,0.022327975077881645,stable,0.7530544078301216,0.8198855347323533,0.0668311269022317,10.385491751457096,6.909342090307367
2018-09,V209,0.0014162596079626505,0.02532224299065422,stable,0.7530544078301216,0.8198855347323533,0.0668311269022317,20.49693711594712,12.873209653335197
2018-09,V36,0.02356980654494549,0.07007999999999998,stable,0.29593465302943067,0.1442178206710807,-0.15171683235834998,0.5567534415840155,0.6345993082760994
2018-09,V37,0.0006945657538183056,0.0029799999999999827,stable,0.29593465302943067,0.1442178206710807,-0.15171683235834998,1.111234039738683,1.1700788434114118
2018-09,V40,0.008723302430265855,0.03803999999999996,stable,0.29593465302943067,0.1442178206710807,-0.15171683235834998,0.18187557685427647,0.2244988280033439
2018-09,V41,,0.00082,unknown,0.29593465302943067,0.1442178206710807,-0.15171683235834998,0.9992273534902878,1.0
2018-09,V44,0.0003803451838560946,0.0045800000000000285,stable,0.29593465302943067,0.1442178206710807,-0.15171683235834998,1.0875014656232431,1.1235431999606602
2018-09,V47,1.2417232480641458e-05,0.0027200000000000557,stable,0.29593465302943067,0.1442178206710807,-0.15171683235834998,1.0396935870339694,1.040552723457964
2018-09,V48,0.0014445259749632303,0.02068000000000003,stable,0.29593465302943067,0.1442178206710807,-0.15171683235834998,0.37916800702296594,0.3586145852115331
2018-09,V52,0.002896627190433051,0.016779999999999906,stable,0.29593465302943067,0.1442178206710807,-0.15171683235834998,0.18595527068182297,0.17161965020407494
2018-09,V138,,0.0012352159666368934,unknown,0.8524570731872524,0.9058186511053754,0.053361577918123015,0.03751578101687134,0.034107834375930894
2018-09,V139,0.013376750010274793,0.04397680071492405,stable,0.8524570731872524,0.9058186511053754,0.053361577918123015,1.0781016871341673,1.1887101578790586
2018-09,V142,,0.008652135835567454,unknown,0.8524570731872524,0.9058186511053754,0.053361577918123015,0.045205440146906924,0.06925826630920465
2018-09,V146,,0.042461131963062226,unknown,0.8524570731872524,0.9058186511053754,0.053361577918123015,0.1440519912774016,0.21254095918975274
2018-09,V156,0.0011053937665636748,0.014905826630920466,stable,0.8524570731872524,0.9058186511053754,0.053361577918123015,0.7815763801216573,0.7841823056300268
2018-09,V162,,0.012399005064045232,unknown,0.8524570731872524,0.9058186511053754,0.053361577918123015,6.623533082749914,5.905272564789991
2018-09,V324,0.04087175275453148,0.08682447849145547,stable,0.8517860771497273,0.9047806082370105,0.05299453108728314,0.5028777081161366,0.7357100766057749
2018-09,V323,0.055799943589346895,0.1032517855038303,stable,0.8517860771497273,0.9047806082370105,0.05299453108728314,0.8302794875822967,1.4082203889216265
2018-09,V325,,0.0023555686505597473,unknown,0.8517860771497273,0.9047806082370105,0.05299453108728314,0.04527213264592051,0.04493223335297584
2018-09,V328,,0.04977720683559217,unknown,0.8517860771497273,0.9047806082370105,0.05299453108728314,0.141143371274332,0.20771950500883912
2018-09,V329,0.03271231265212565,0.060456040070713035,stable,0.8517860771497273,0.9047806082370105,0.05299453108728314,0.20396738121420716,0.2913965822038892
2018-09,V332,0.047440731767530386,0.1032517855038303,stable,0.8517860771497273,0.9047806082370105,0.05299453108728314,112.74322446126276,267.26312575961254
2018-09,V335,,0.04042061284619913,unknown,0.8517860771497273,0.9047806082370105,0.05299453108728314,25.245174019174044,78.23896547676046
2018-09,V220,,0.005765661797921928,unknown,0.7501862701933824,0.8136853327348221,0.06349906254143978,0.17397898661243857,0.19816292726998946
2018-09,V221,0.0785000641845622,0.08610888420418608,stable,0.7501862701933824,0.8136853327348221,0.06349906254143978,1.2868327402135231,1.5182954374341213
2018-09,V234,0.046394651000215,0.08303604577623847,stable,0.7501862701933824,0.8136853327348221,0.06349906254143978,1.5561514997458057,6.49608492696883
2018-09,V238,,0.01981102845956939,unknown,0.7501862701933824,0.8136853327348221,0.06349906254143978,0.122089476359939,0.1666164734226773
2018-09,V250,0.04152533130785731,0.08610888420418608,stable,0.7501862701933824,0.8136853327348221,0.06349906254143978,0.8031265887137773,0.7147266977864779
2018-09,V271,,0.0070471886764041924,unknown,0.7501862701933824,0.8136853327348221,0.06349906254143978,9.82580762766005,9.8622770746902
2018-09,V1,,0.0001,unknown,0.5206527076912656,0.2693019863090562,-0.2513507213822094,0.999929347034121,1.0
2018-09,V2,6.704895100784635e-05,0.005780000000000007,stable,0.5206527076912656,0.2693019863090562,-0.2513507213822094,1.039658392909975,1.0455941639470148
2018-09,V3,6.704895100784635e-05,0.009919999999999929,stable,0.5206527076912656,0.2693019863090562,-0.2513507213822094,1.0711077943468796,1.0864273373008255
2018-09,V5,0.0007410405496749081,0.01090000000000002,stable,0.5206527076912656,0.2693019863090562,-0.2513507213822094,0.8719724100168242,0.8852754847379536
2018-09,V7,0.0003198645877359252,0.006020000000000025,stable,0.5206527076912656,0.2693019863090562,-0.2513507213822094,1.0667493895142166,1.0790746784411596
2018-09,V8,0.0004646832699435236,0.0022799999999999487,stable,0.5206527076912656,0.2693019863090562,-0.2513507213822094,1.023810049501234,1.0219619888654252
2018-09,V10,0.0011252714106828755,0.01763999999999999,stable,0.5206527076912656,0.2693019863090562,-0.2513507213822094,0.46156257865662215,0.44634286811288154
2018-09,V160,1.1751539393780057,0.12754,significant,0.8524570731872524,0.9052435192458759,0.05278644605862348,55376.92903217853,4812.473676327721
2018-09,V166,0.1317308663275517,0.09586818652849749,moderate,0.8524570731872524,0.9052435192458759,0.05278644605862348,381.79216501828546,128.49142851360102
2018-09,V281,,0.007460000000000022,unknown,0.0019812375114302166,0.004643137694983728,0.0026619001835535114,0.08806861564042961,0.07897740885324915
2018-09,V282,0.013571903862570548,0.05099999999999999,stable,0.0019812375114302166,0.004643137694983728,0.0026619001835535114,0.8253855812138385,0.8031201995574785
2018-09,V283,0.01809744503875493,0.05087999999999998,stable,0.0019812375114302166,0.004643137694983728,0.0026619001835535114,0.995955426981353,0.9991262313795679
2018-09,V289,0.0006569043402689247,0.008399999999999963,stable,0.0019812375114302166,0.004643137694983728,0.0026619001835535114,0.23260854811069448,0.25201178178333355
2018-09,V296,,0.025680000000000036,unknown,0.0019812375114302166,0.004643137694983728,0.0026619001835535114,0.18788070312367444,0.20945079414293163
2018-09,V300,,0.00649999999999995,unknown,0.0019812375114302166,0.004643137694983728,0.0026619001835535114,0.04490812223221406,0.059979987879983654
2018-09,V314,0.0006741355344282755,0.007560000000000011,stable,0.0019812375114302166,0.004643137694983728,0.0026619001835535114,40.93868015134437,49.17685436234089
2018-09,hour,0.012630823966895537,0.04285999999999998,stable,0.0,0.0,0.0,13.815073915399465,14.217582201773089
2018-09,day_of_week,0.011159354831010201,0.02756000000000003,stable,0.0,0.0,0.0,2.946186964473194,2.956051509370441
2018-09,amount_log,0.005915162329210846,0.011299999999999977,stable,0.0,0.0,0.0,4.382521202395477,4.375897397472493
2018-09,amount_cents,0.0054316295920661135,0.027900000000000036,stable,0.0,0.0,0.0,0.3755282276065321,0.38425890401175594
2018-09,amount_is_round,,0.007620000000000016,unknown,0.0,0.0,0.0,0.5179200392860771,0.5246324767141735
2018-09,match_true_count,0.24936722916658208,0.2385,moderate,0.0,0.0,0.0,2.32405298540319,3.3571989675681744
2018-09,match_missing_count,0.29609196589893366,0.24946000000000002,significant,0.0,0.0,0.0,4.798432366986148,3.286443721243407
2018-09,screen_width,0.01680225554967403,0.02925168940188877,stable,0.8691600060961154,0.9197901470093144,0.05063014091319895,1824.5967029589244,1849.6934242742218
2018-09,screen_height,0.00969334242222184,0.03106644980762502,stable,0.8691600060961154,0.9197901470093144,0.05063014091319895,1077.2156989630014,1081.571178733823
2018-09,screen_area,0.01330757687906752,0.02910484784889822,stable,0.8691600060961154,0.9197901470093144,0.05063014091319895,2148944.194813389,2188871.563833508
2018-09,email_domains_match,,0.013900256472688916,unknown,0.7756947031530463,0.8271658624172371,0.05147115926419077,0.8101237154262095,0.8240402564726889
2018-09,ProductCD_code,0.017765474304372923,0.0736,stable,0.0,0.0,0.0,3.1803137806075794,3.3843984962406015
2018-09,card4_code,0.010135113781244862,0.02689999999999998,stable,0.0,0.0,0.0,3.605047922240661,3.652508136011671
2018-09,card6_code,0.018893660530974687,0.04734000000000002,stable,0.0,0.0,0.0,2.7371050225217597,2.7874677365054428
2018-09,P_emaildomain_code,0.0031287781048317826,0.01878000000000002,stable,0.0,0.0,0.0,20.27140837199851,20.180928066434742
2018-09,R_emaildomain_code,0.01045339767423185,0.05025999999999997,stable,0.0,0.0,0.0,4.7000647712263355,3.6701688923802043
2018-09,M1_code,,0.23882000000000003,unknown,0.0,0.0,0.0,0.9911542825210824,1.4606385366401078
2018-09,M2_code,,0.23882000000000003,unknown,0.0,0.0,0.0,0.9401225996545535,1.4016805072382448
2018-09,M3_code,0.23806266188777575,0.23882000000000003,moderate,0.0,0.0,0.0,0.8867244386493718,1.3248933901918976
2018-09,M4_code,0.004853809327019069,0.034540000000000015,stable,0.0,0.0,0.0,0.8132154468791276,0.8435501066098081
2018-09,M5_code,0.007800224576102789,0.044340000000000046,stable,0.0,0.0,0.0,0.5789256443255326,0.6424783974862529
2018-09,M6_code,0.02589808892744117,0.07263999999999998,stable,0.0,0.0,0.0,1.0224392081823417,1.1174812030075187
2018-09,M7_code,0.19647690248654093,0.22298,moderate,0.0,0.0,0.0,0.4144046127273343,0.6695095948827292
2018-09,M8_code,0.19652921627869285,0.22304000000000002,moderate,0.0,0.0,0.0,0.4992316354522979,0.8074711031309617
2018-09,M9_code,,0.22304000000000002,unknown,0.0,0.0,0.0,0.6735149185491245,1.0927645606553698
2018-09,id_12_code,,0.06106,unknown,0.0,0.0,0.0,0.47594362786602096,0.3560487038491752
2018-09,id_15_code,0.030548260388601253,0.06887999999999994,stable,0.0,0.0,0.0,0.40176575676499476,0.28337167545729997
2018-09,id_16_code,0.026265127042878398,0.06516,stable,0.0,0.0,0.0,0.34342720222169537,0.23442935697452585
2018-09,id_23_code,,0.0015199999999999658,unknown,0.0,0.0,0.0,0.022221187387814544,0.01931601391538548
2018-09,id_27_code,,0.0015199999999999658,unknown,0.0,0.0,0.0,0.009070088393673587,0.007616990236785995
2018-09,id_28_code,0.027883049199212657,0.0693999999999999,stable,0.0,0.0,0.0,0.3656589731432248,0.2565649197620918
2018-09,id_29_code,0.027883049199212657,0.0693999999999999,stable,0.0,0.0,0.0,0.36826887255732044,0.25747671417349344
2018-09,id_30_code,0.06014757270634488,0.08255999999999997,stable,0.0,0.0,0.0,5.976089680631286,2.1126416788239255
2018-09,id_31_code,0.47532915275855225,0.20433999999999997,significant,0.0,0.0,0.0,15.858411369255258,3.1869879923689823
2018-09,id_33_code,0.02097737415887189,0.051959999999999895,stable,0.0,0.0,0.0,12.020542638940631,7.54637526652452
2018-09,id_34_code,,0.05835999999999997,unknown,0.0,0.0,0.0,0.5253581467809124,0.32948041746156437
2018-09,id_35_code,0.02745819536003312,0.06887999999999994,stable,0.0,0.0,0.0,0.3893639719578691,0.2630316462798788
2018-09,id_36_code,0.02745819536003312,0.06887999999999994,stable,0.0,0.0,0.0,0.26224514850814507,0.18670744024239705
2018-09,id_37_code,0.02745819536003312,0.06887999999999994,stable,0.0,0.0,0.0,0.44423112744267956,0.32356076759061836
2018-09,id_38_code,0.02745819536003312,0.07340000000000002,stable,0.0,0.0,0.0,0.3771294069834389,0.23590225563909775
2018-09,DeviceType_code,0.02733466774259898,0.06872,stable,0.0,0.0,0.0,0.3465705117350222,0.26353664010773203
2018-09,DeviceInfo_code,0.04027116134345002,0.07784000000000002,stable,0.0,0.0,0.0,267.1259948521692,167.49957917181013
2018-09,P_email_provider_code,0.0030953843769359695,0.01873999999999998,stable,0.0,0.0,0.0,17.34171901988011,17.30843900796768
2018-09,P_email_suffix_code,0.00017457256099514664,0.004299999999999998,stable,0.0,0.0,0.0,2.759660649574965,2.768362136684996
2018-09,R_email_provider_code,0.01054265414369835,0.05025999999999997,stable,0.0,0.0,0.0,4.117807430487351,3.24245314779486
2018-09,R_email_suffix_code,0.013996620135907464,0.05057999999999996,stable,0.0,0.0,0.0,0.7931829342635554,0.6203708899113455
2018-09,device_brand_code,0.030623876992679225,0.06802000000000008,stable,0.0,0.0,0.0,148.35870770819926,101.91605880372573
2018-09,browser_family_code,0.0350700924008823,0.07128000000000001,stable,0.0,0.0,0.0,2.881009330443323,1.8791381438671304
2018-09,card1_addr1_code,0.02826356299549901,0.06304,stable,0.0,0.0,0.0,18599.467347681784,17287.629404668387
2018-09,card1_freq,0.0064135010810438845,0.02566,stable,0.0,0.0,0.0,0.004310963388824863,0.004231754273032612
2018-09,card2_freq,0.005541438500003364,0.017059999999999964,stable,0.0,0.0,0.0,0.030589887100843205,0.031395300532423794
2018-09,card3_freq,0.00032035218637690136,0.018979999999999997,stable,0.0,0.0,0.0,0.7844944688685959,0.7977399491689594
2018-09,card5_freq,0.003489226787203931,0.026379999999999987,stable,0.0,0.0,0.0,0.2879029026168135,0.29942052554297277
2018-09,addr1_freq,0.0031665062355072165,0.02083999999999997,stable,0.0,0.0,0.0,0.04646929091810429,0.04517942750468725
2018-09,addr2_freq,0.000990556835901973,0.017460000000000003,stable,0.0,0.0,0.0,0.7836646478129485,0.7960697011084918
2018-09,P_emaildomain_freq,0.002508953561609042,0.022679999999999922,stable,0.0,0.0,0.0,0.21620300774556866,0.22323944160589207
2018-09,R_emaildomain_freq,0.015805867945224483,0.05026,stable,0.0,0.0,0.0,0.591020048010293,0.6257228162325966
2018-09,DeviceInfo_freq,0.017479641468710744,0.06294,stable,0.0,0.0,0.0,0.6321141791710317,0.6781949190375234
2018-09,id_30_freq,0.021191273413795862,0.060079999999999995,stable,0.0,0.0,0.0,0.7419923804069077,0.7923162672389477
2018-09,id_31_freq,0.21683101209203015,0.13558,moderate,0.0,0.0,0.0,0.569208971091412,0.6163677876771348
2018-09,id_33_freq,0.01715864310501742,0.05099999999999999,stable,0.0,0.0,0.0,0.7570517379974453,0.8004063900264041
2018-09,card1_addr1_freq,0.025423864654234303,0.06244,stable,0.0,0.0,0.0,0.0013318732440966324,0.001332120950342225
2018-09,P_email_provider_freq,0.002352436534677687,0.02288000000000001,stable,0.0,0.0,0.0,0.21826946467780875,0.22519531854785557
2018-09,R_email_provider_freq,0.015964535295626067,0.05026,stable,0.0,0.0,0.0,0.591305371164419,0.6259672550961057
2018-09,device_brand_freq,0.017428232089670537,0.06294,stable,0.0,0.0,0.0,0.6321677629940776,0.6782545390583802
2018-09,browser_family_freq,0.024317947164793775,0.06875999999999999,stable,0.0,0.0,0.0,0.5860470086328589,0.6324216931257267
2018-09,TransactionAmt_mean_by_card1,0.00801812922193231,0.023820000000000063,stable,0.0,0.021069464706542477,0.021069464706542477,134.40138757251106,132.17886638046215
2018-09,TransactionAmt_std_by_card1,0.009034441216333643,0.026120000000000004,stable,0.007154468791275782,0.030930871956009427,0.023776403164733645,184.20882225512287,181.58967923328495
2018-09,TransactionAmt_ratio_to_card1_mean,0.005829670916272369,0.024880000000000013,stable,0.0,0.021069464706542477,0.021069464706542477,0.9999999998390867,1.0686544905129554
2018-09,TransactionAmt_mean_by_addr1,0.0029156904999303713,0.01830000000000001,stable,0.0,0.00023846930759735158,0.00023846930759735158,134.40138877388117,135.46055749328056
2018-09,TransactionAmt_std_by_addr1,0.0031232658332074415,0.01872,stable,0.00026247163612964404,0.0002524969139266076,-9.974722203036465e-06,218.7574806332354,222.16690506603268
2018-09,TransactionAmt_ratio_to_addr1_mean,0.0022617157925225277,0.022560000000000024,stable,0.0,0.00023846930759735158,0.00023846930759735158,0.999999999927986,0.9967713645432917
2018-09,TransactionAmt_mean_by_card1_addr1,0.008233099972950207,0.021779999999999994,stable,0.0,0.0625490966221524,0.0625490966221524,134.40138794130837,131.07351722279756
2018-09,TransactionAmt_std_by_card1_addr1,0.00902994881408281,0.03266000000000002,stable,0.031327259796118806,0.08935585231736057,0.05802859252124176,158.6121803478903,160.25716338730277
2018-09,TransactionAmt_ratio_to_card1_addr1_mean,0.044261692190672934,0.05020000000000002,stable,0.0,0.0625490966221524,0.0625490966221524,1.0000000002325469,1.1566020844096165
2018-09,D15_mean_by_card1,0.005246832575689843,0.03064,stable,0.011269346699630846,0.028840758612950285,0.01757141191331944,156.35746512963993,160.75428213681099
2018-09,D15_std_by_card1,0.005998473208750485,0.03064,stable,0.02197988281911471,0.04080630681180563,0.01882642399269092,171.91801599251494,174.930756946838
2018-09,D15_ratio_to_card1_mean,0.12352265887637748,0.122,moderate,0.17546017204592407,0.05361351139041634,-0.12184666065550773,0.999999999911685,2.127780015045297
2018-10,TransactionAmt,0.02251304390840876,0.044020000000000004,stable,0.0,0.0,0.0,134.40138803679685,129.0610231664539
2018-10,card1,0.0056136281413290915,0.01319999999999999,stable,0.0,0.0,0.0,9867.868400108375,9997.61035982994
2018-10,card2,0.007766756201845047,0.011800000000000033,stable,0.014869864869441527,0.010560630663014242,-0.004309234206427285,362.8612139482217,363.46540557469467
2018-10,card3,0.024948607142194004,0.046559999999999935,stable,0.0017420496494733634,1.2395106411988547e-05,-0.001729654543061375,153.30461674819608,154.70095195597204
2018-10,card5,0.020671345195405665,0.019659999999999983,stable,0.006673976360619094,0.002590577240105606,-0.004083399120513488,199.59472936142464,199.14477804841675
2018-10,addr1,0.0016828607075439026,0.019299999999999984,stable,0.11379627120940157,0.16946589486470742,0.05566962365530585,290.47071805785447,292.4988881426759
2018-10,addr2,0.001848137516872462,0.0038600000000000006,stable,0.11379627120940157,0.16946589486470742,0.05566962365530585,86.77257560232259,86.67384523543019
2018-10,dist1,0.014629277909397616,0.0420615672336464,stable,0.6078271581941952,0.5605810825885941,-0.04724607560560112,121.45554985831872,87.4013426983724
2018-10,dist2,0.05793772105492004,0.06410378264862565,stable,0.9320537135503099,0.9234354276931468,-0.008618285857163066,237.77498442367602,202.49506232799092
2018-10,C1,0.024433067506993054,0.024939999999999962,stable,0.0,0.0,0.0,15.232353015883767,9.447959145729266
2018-10,C2,0.030190481414170002,0.04518,stable,0.0,0.0,0.0,16.61607384766485,10.079601373377791
2018-10,C3,,0.006739999999999968,unknown,0.0,0.0,0.0,0.00543781962271819,0.012816540029996158
2018-10,C4,0.0014682973792656323,0.01546000000000003,stable,0.0,0.0,0.0,4.63823576726386,1.2345278084212352
2018-10,C5,0.0008122463754017145,0.009079999999999977,stable,0.0,0.0,0.0,5.483623039929556,5.421693915242263
2018-10,C6,0.005088398352961162,0.01766000000000001,stable,0.0,0.0,0.0,9.60298836657974,6.043655564783023
2018-10,C7,0.029018903911924708,0.057699999999999974,stable,0.0,0.0,0.0,3.4869272191553495,1.0645041337679884
2018-10,C8,5.833294957579989e-06,0.024619999999999975,stable,0.0,0.0,0.0,6.074963169302672,1.4690060364168227
2018-10,C9,0.008832124263430784,0.03876000000000002,stable,0.0,0.0,0.0,4.3681418701527415,5.04575033776665
2018-10,C10,0.0003197237701333659,0.040019999999999945,stable,0.0,0.0,0.0,6.197605157990991,1.435117815486446
2018-10,C11,0.008092224573320178,0.01436000000000004,stable,0.0,0.0,0.0,11.034773258373692,6.810503613173519
2018-10,C12,0.15906181163449407,0.16488000000000003,moderate,0.0,0.0,0.0,4.964756832729367,2.2360400114034977
2018-10,C13,0.009615528674113999,0.04534000000000005,stable,0.0,0.009060822787163627,0.009060822787163627,32.713120618417044,29.08139243989693
2018-10,C14,0.0019828135344916544,0.01415999999999995,stable,0.0,0.0,0.0,8.610481508449894,5.8528948771025195
2018-10,D1,0.019613064781575842,0.05946000000000001,stable,0.0019812375114302166,0.011106015345141738,0.009124777833711522,90.64199060013235,113.36931098883193
2018-10,D2,0.018820084475584566,0.06360969565122798,stable,0.4895159515020151,0.43023414356012246,-0.05928180794189264,167.2682931885939,186.3953488372093
2018-10,D3,0.004787832235413353,0.026260000000000006,stable,0.4607054560233007,0.36468882085352705,-0.09601663516977366,28.642409137294923,31.770695541898352
2018-10,D4,0.06556754845686673,0.11594000000000004,stable,0.29586056829342633,0.13986638075287877,-0.15599418754054756,134.97500736492134,181.3062700848789
2018-10,D5,0.009179478934229077,0.029940297160372942,stable,0.5373154231720121,0.41770269097760204,-0.11961273219441004,42.40101652888781,49.02462854953382
2018-10,D6,0.004933013804702702,0.06051814751286444,stable,0.8762086395502422,0.7398515066251844,-0.1363571329250578,63.98103722449259,86.70492662473795
2018-10,D7,0.014467765355103766,0.051337960449012954,stable,0.9366173332881769,0.8569728671120641,-0.07964446617611276,44.717906759284,45.83594765577607
2018-10,D8,0.024399897270103405,0.043716664585748743,stable,0.8695896975649405,0.8610136718023724,-0.008576025762568107,149.7005347063145,139.85717435489317
2018-10,D9,0.013785992580866538,0.027878573084812286,stable,0.8695896975649405,0.8610136718023724,-0.008576025762568107,0.5602651748810471,0.5503876037629232
2018-10,D10,0.040423843089110824,0.09762000000000004,stable,0.1405302773732516,0.0012271155347868662,-0.13930316183846475,118.33504005753113,163.09007421380525
2018-10,D11,0.14809223220579776,0.14822000000000002,moderate,0.5206527076912656,0.33490338014551857,-0.18574932754574702,138.20242957886416,225.28827015542882
2018-10,D12,0.04817328479110175,0.0894733333333334,stable,0.8884432045246723,0.8215104676673649,-0.06693273685730738,52.512171982619584,81.95138888888889
2018-10,D13,0.0019490855104187551,0.05224540956025614,stable,0.8963385206759915,0.7581466836892795,-0.138191836986712,17.152063381863474,20.777367773677735
2018-10,D14,0.0016146056669439776,0.0441853191242656,stable,0.8945118027567989,0.7788836967165363,-0.11562810604026252,51.71775423388715,64.1977128762823
2018-10,D15,0.09768462023482148,0.14234000000000002,stable,0.1646056998679175,0.0027765038362854346,-0.16182919603163207,157.24798374325698,211.24531092687656
2018-10,id_01,0.08199994770206104,0.13389644988523336,stable,0.7450130389135368,0.7407935347124955,-0.004219504201041224,-9.927638132554124,-12.551788446824789
2018-10,id_02,0.152687111143664,0.14886308714695662,moderate,0.750899600365767,0.7537960013386715,0.002896400972904556,171218.44375993134,226270.34707748075
2018-10,id_03,0.00018390057765346697,0.011050101010100954,stable,0.8855073322721577,0.8723799843821659,-0.013127347889991814,0.06206322795341098,0.03331390831390831
2018-10,id_04,,0.0023215073815073817,unknown,0.8855073322721577,0.8723799843821659,-0.013127347889991814,-0.06030689591421705,-0.07507770007770008
2018-10,id_05,0.0565032290783371,0.05588274509803921,stable,0.7576645951163342,0.7572542360276163,-0.00041035908871789317,1.7279079720841668,1.0111315359477124
2018-10,id_06,0.01724330419887781,0.06684271241830064,stable,0.7576645951163342,0.7572542360276163,-0.00041035908871789317,-6.631704909727742,-7.455575980392157
2018-10,id_07,0.12413536860715076,0.12956407858721042,moderate,0.990980712568158,0.9928232333874586,0.001842520819300586,13.80356723773762,12.507772020725389
2018-10,id_08,0.07119089257676124,0.09480045348440833,stable,0.990980712568158,0.9928232333874586,0.001842520819300586,-38.85402487678949,-42.81174438687392
2018-10,id_09,0.0007680660859667269,0.021158569517524373,stable,0.8695896975649405,0.8610136718023724,-0.008576025762568107,0.09918844343450739,0.06367609025238562
2018-10,id_10,,0.007868094176402388,unknown,0.8695896975649405,0.8610136718023724,-0.008576025762568107,-0.3103716929069956,-0.1706055471327923
2018-10,id_11,,0.01253310637438125,unknown,0.7506604125038101,0.7546016832554507,0.003941270751640635,99.73444663985661,99.79034554041905
2018-10,id_13,3.028390773167092,0.5190851241671715,significant,0.7773859518406881,0.7544281517656829,-0.022957800075005252,47.506370638014644,36.28679588128407
2018-10,id_14,0.014052790517135504,0.055013022097728015,stable,0.8556046161140651,0.9203490461965615,0.06474443008249642,-345.6647170060249,-336.21381886087767
2018-10,id_17,0.23218778455814065,0.23136333417785654,moderate,0.753012073695262,0.755382574959406,0.002370501264143954,188.6928396966191,202.3284013174563
2018-10,id_18,0.08915078950434392,0.13797591508932716,stable,0.920788600264165,0.9150067553329946,-0.005781844931170399,14.18646785313452,15.105293860288755
2018-10,id_19,0.19805654891615906,0.11494617334009127,moderate,0.7530967419649812,0.755444550491466,0.0023478085264847515,351.5076171288954,338.8955904713634
2018-10,id_20,0.1568904858640018,0.13642404996445623,moderate,0.7531390760998409,0.7558907743222976,0.002751698222456689,401.5382036441586,429.85421955925665
2018-10,id_21,0.5167513990541955,0.29525778508651984,significant,0.990976479154672,0.9928232333874586,0.0018467542327865738,371.4062866525921,490.27115716753025
2018-10,id_22,0.0018495933555864909,0.023431055019932766,stable,0.9909553120872422,0.9928232333874586,0.001867921300216402,16.00842499414931,15.51986183074266
2018-10,id_24,0.02257099577740985,0.1262493999783218,stable,0.9917152098079723,0.9934553838144701,0.00174017400649773,12.7639243740419,13.293560606060606
2018-10,id_25,0.06716475738548351,0.07148046770086802,stable,0.9910124631693027,0.9928480236002826,0.0018355604309798768,330.0975035327367,325.5563258232236
2018-10,id_26,0.35437288321210564,0.13450006203559464,significant,0.9909680123277,0.9928356284938706,0.0018676161661705937,148.2620107804078,151.8044982698962
2018-10,id_32,0.00013948215382504235,0.09136892857142864,stable,0.8600645172215261,0.9222578925840078,0.062193375362481707,26.59603690818333,25.877551020408163
2018-10,has_identity,,0.0022799999999999487,unknown,0.0,0.0,0.0,0.25498696108646324,0.2592064652875045
2018-10,V219,0.03814981969391956,0.08159821552983482,stable,0.7672998442103837,0.7793918960794278,0.012092051869044163,0.7931141128848865,2.691650747274975
2018-10,V264,0.004635835828869615,0.08949433644229687,stable,0.7672998442103837,0.7793918960794278,0.012092051869044163,144.35008277787801,344.1104856018525
2018-10,V223,,0.03914892459826946,unknown,0.7672998442103837,0.7793918960794278,0.012092051869044163,0.09217264747350708,0.15468030115743342
2018-10,V263,0.005485141757776992,0.0694147432295763,stable,0.7672998442103837,0.7793918960794278,0.012092051869044163,74.82365604583589,274.19498376564866
2018-10,V237,,0.0092563591414766,unknown,0.7672998442103837,0.7793918960794278,0.012092051869044163,0.16285987174239322,0.17389594336442296
2018-10,V240,8.692426464874347e-05,0.00043609394313970373,stable,0.7672998442103837,0.7793918960794278,0.012092051869044163,1.0010278801109747,1.0014608382964378
2018-10,V246,0.00012718117939196827,0.03022352623890323,stable,0.7672998442103837,0.7793918960794278,0.012092051869044163,1.1772774821485423,2.682267670524778
2018-10,V252,0.00012718117939196827,0.003957208675132051,stable,0.7672998442103837,0.7793918960794278,0.012092051869044163,1.0316550689043527,1.0226429935947858
2018-10,V260,0.007132573004390557,0.024226492864366775,stable,0.7672998442103837,0.7793918960794278,0.012092051869044163,0.9617137399372356,0.9454433082368805
2018-10,V262,0.005462124063880002,0.020936442296887278,stable,0.7672998442103837,0.7793918960794278,0.012092051869044163,1.0091053804520853,0.9890437127767164
2018-10,V265,0.0039467915929881255,0.08163821552983475,stable,0.7672998442103837,0.7793918960794278,0.012092051869044163,98.5912143482233,306.1471743223399
2018-10,V268,0.020381867822471124,0.057343285762445184,stable,0.7672998442103837,0.7793918960794278,0.012092051869044163,18.207679998226013,62.3231968095911
2018-10,V273,0.007466167928232796,0.05577502191257444,stable,0.7672998442103837,0.7793918960794278,0.012092051869044163,36.513354583421886,152.9703212792732
2018-10,V95,0.000195300805743246,0.007759999999999989,stable,0.00020532055406915703,0.0,-0.00020532055406915703,0.2189187758688219,0.22829306989600506
2018-10,V96,0.006813188141692356,0.031340000000000034,stable,0.00020532055406915703,0.0,-0.00020532055406915703,1.2722326315009473,1.4756993938792964
2018-10,V98,,0.0007800000000000029,unknown,0.00020532055406915703,0.0,-0.00020532055406915703,0.05938370012808706,0.05880238481847367
2018-10,V100,0.0013856029321568013,0.013539999999999996,stable,0.00020532055406915703,0.0,-0.00020532055406915703,0.24350937364370626,0.2883597555685016
2018-10,V103,,0.006800000000000028,unknown,0.00020532055406915703,0.0,-0.00020532055406915703,0.1784347973366361,0.15532307844862847
2018-10,V106,,0.012379999999999947,unknown,0.00020532055406915703,0.0,-0.00020532055406915703,0.07884022992155991,0.1144935979275382
2018-10,V105,,0.020520000000000094,unknown,0.00020532055406915703,0.0,-0.00020532055406915703,0.12691416050049223,0.18623647384012793
2018-10,V108,0.0010348822127979052,0.0012599999999999278,stable,0.00020532055406915703,0.0,-0.00020532055406915703,1.004691585421364,1.0060859972482863
2018-10,V109,0.00019566774801862754,0.005879999999999996,stable,0.00020532055406915703,0.0,-0.00020532055406915703,1.0138990335249347,1.0198073800463576
2018-10,V111,0.0010348822127979052,0.0007600000000000939,stable,0.00020532055406915703,0.0,-0.00020532055406915703,1.0028560237966697,1.0035202102210048
2018-10,V114,0.0010481849908566224,0.0037999999999999146,stable,0.00020532055406915703,0.0,-0.00020532055406915703,1.0090232567986703,1.0137213827980713
2018-10,V115,0.00020610418101623244,0.012480000000000047,stable,0.00020532055406915703,0.0,-0.00020532055406915703,1.029608222977336,1.044498432019039
2018-10,V117,0.0010348822127979052,0.00027999999999994696,stable,0.00020532055406915703,0.0,-0.00020532055406915703,1.0006287910063831,1.000954423193723
2018-10,V118,0.00019566774801862754,0.00041999999999997595,stable,0.00020532055406915703,0.0,-0.00020532055406915703,1.0014481247419733,1.0019956121323301
2018-10,V120,0.0010348822127979052,0.000320000000000098,stable,0.00020532055406915703,0.0,-0.00020532055406915703,1.0010204621719754,1.0016609442592064
2018-10,V121,0.00019566774801862754,0.0017800000000000038,stable,0.00020532055406915703,0.0,-0.00020532055406915703,1.0038235574327543,1.0060240217162264
2018-10,V123,0.0010481849908566224,0.005820000000000047,stable,0.00020532055406915703,0.0,-0.00020532055406915703,1.0300125969915421,1.0374084311513814
2018-10,V124,0.00020610418101623244,0.01646000000000003,stable,0.00020532055406915703,0.0,-0.00020532055406915703,1.0829030243365407,1.109374418979387
2018-10,V128,0.0014289790743359035,0.019560000000000022,stable,0.00020532055406915703,0.0,-0.00020532055406915703,74.56188631434888,103.0880048463153
2018-10,V127,0.005928810854396122,0.031360000000000054,stable,0.00020532055406915703,0.0,-0.00020532055406915703,157.08918084329193,208.5614187782837
2018-10,V131,0.002248836332500208,0.015900000000000025,stable,0.00020532055406915703,0.0,-0.00020532055406915703,27.897589159858335,44.846994133817866
2018-10,V130,0.006954782364526031,0.02725999999999995,stable,0.00020532055406915703,0.0,-0.00020532055406915703,82.75806087732268,120.56850837647848
2018-10,V134,,0.009959999999999969,unknown,0.00020532055406915703,0.0,-0.00020532055406915703,29.042006704843423,26.098529905019106
2018-10,V136,,0.020520000000000094,unknown,0.00020532055406915703,0.0,-0.00020532055406915703,22.74077328566627,39.88399315758368
2018-10,V293,,0.006220000000000003,unknown,2.5400480915772006e-05,0.0,-2.5400480915772006e-05,0.1523496041657847,0.18003892063413365
2018-10,V307,0.003139546302469857,0.04286000000000001,stable,2.5400480915772006e-05,0.0,-2.5400480915772006e-05,237.79158422297218,259.7801026002123
2018-10,V284,,0.00537999999999994,unknown,2.5400480915772006e-05,0.0,-2.5400480915772006e-05,0.08697768934422759,0.09342191702715767
2018-10,V285,0.008032129167638798,0.0403,stable,2.5400480915772006e-05,0.0,-2.5400480915772006e-05,1.0861394521823802,1.234726130123827
2018-10,V286,,0.0030999999999999917,unknown,2.5400480915772006e-05,0.0,-2.5400480915772006e-05,0.03239278608018289,0.03765633327962121
2018-10,V297,,0.009619999999999962,unknown,2.5400480915772006e-05,0.0,-2.5400480915772006e-05,0.06328902247999661,0.07950221252649455
2018-10,V298,,0.01756000000000002,unknown,2.5400480915772006e-05,0.0,-2.5400480915772006e-05,0.15813047711781889,0.17429998636538294
2018-10,V299,,0.01216000000000006,unknown,2.5400480915772006e-05,0.0,-2.5400480915772006e-05,0.09217010287456077,0.1149274266519578
2018-10,V303,4.043157516217856e-07,0.014039999999999941,stable,2.5400480915772006e-05,0.0,-2.5400480915772006e-05,0.28399517378603784,0.3082043209340952
2018-10,V308,0.0015747991231986128,0.030440000000000023,stable,2.5400480915772006e-05,0.0,-2.5400480915772006e-05,103.29691253404022,129.33244139898565
2018-10,V312,0.003005901756732834,0.02424000000000004,stable,2.5400480915772006e-05,0.0,-2.5400480915772006e-05,36.549113843767,51.656381722544324
2018-10,V310,0.0018330224440046591,0.04032000000000002,stable,2.5400480915772006e-05,0.0,-2.5400480915772006e-05,110.94206936017235,141.21326271741032
2018-10,V316,,0.005140000000000033,unknown,2.5400480915772006e-05,0.0,-2.5400480915772006e-05,23.99506695003597,23.283036206266452
2018-10,V318,,0.005920000000000036,unknown,2.5400480915772006e-05,0.0,-2.5400480915772006e-05,46.7352232698563,40.0265306217707
2018-10,V320,,0.01756000000000002,unknown,2.5400480915772006e-05,0.0,-2.5400480915772006e-05,26.984193300953322,39.84867675147756
2018-10,V168,0.04101835067777168,0.08853107788665515,stable,0.7534057811494564,0.7546016832554507,0.0011959021059942954,1.214937467274397,2.6479947469441356
2018-10,V203,0.007920800388911305,0.10537205778361447,stable,0.7534057811494564,0.7546016832554507,0.0011959021059942954,440.01147361155296,328.38690231030415
2018-10,V173,,0.025560127285584433,unknown,0.7534057811494564,0.7546016832554507,0.0011959021059942954,0.058129254328363335,0.09293868067481564
2018-10,V183,,0.004080711182947727,unknown,0.7534057811494564,0.7546016832554507,0.0011959021059942954,0.20934943647584958,0.23391251641579958
2018-10,V215,0.0001223624151397519,0.012545578341246588,stable,0.7534057811494564,0.7546016832554507,0.0011959021059942954,81.78879538962393,61.09043748490268
2018-10,V202,0.006077404408097874,0.06392623497322958,stable,0.7534057811494564,0.7546016832554507,0.0011959021059942954,86.74391070107535,235.24471827586717
2018-10,V205,,0.04141396504697448,unknown,0.7534057811494564,0.7546016832554507,0.0011959021059942954,19.253519422625835,42.16441280587248
2018-10,V211,0.0052102109533760325,0.050845741994140825,stable,0.7534057811494564,0.7546016832554507,0.0011959021059942954,38.78254787077114,135.19063129333165
2018-10,V13,0.0017349986774230254,0.0267,stable,0.14060647881599891,0.0012271155347868662,-0.13937936328121206,0.5799386707060258,0.6050534885452605
2018-10,V14,,0.00046,unknown,0.14060647881599891,0.0012271155347868662,-0.13937936328121206,0.9994950801098509,1.0
2018-10,V17,0.0916049947855021,0.11551999999999996,stable,0.14060647881599891,0.0012271155347868662,-0.13937936328121206,0.1345032696641667,0.2544615155501502
2018-10,V20,0.009836477694653819,0.03642000000000001,stable,0.14060647881599891,0.0012271155347868662,-0.13937936328121206,0.8480683735421978,0.8837523889895506
2018-10,V23,0.000109793636186282,0.009399999999999964,stable,0.14060647881599891,0.0012271155347868662,-0.13937936328121206,1.035021736185515,1.046873836531063
2018-10,V26,0.0679148959134419,0.026359999999999998,stable,0.14060647881599891,0.0012271155347868662,-0.13937936328121206,0.9856849053583084,1.0141850132790589
2018-10,V27,,0.009179999999999966,unknown,0.14060647881599891,0.0012271155347868662,-0.13937936328121206,0.0007561483232965111,0.009891037255826652
2018-10,V30,0.008105158246007022,0.041139999999999954,stable,0.14060647881599891,0.0012271155347868662,-0.13937936328121206,0.40457876134530363,0.3564496512695773
2018-10,V54,0.005123325862312733,0.03408,stable,0.14158651403799913,0.0013014861732587974,-0.14028502786474034,0.5969344728782715,0.6351586158963411
2018-10,V56,8.082753145793343e-11,0.030379999999999963,stable,0.14158651403799913,0.0013014861732587974,-0.14028502786474034,1.1132755670189525,1.1772824306210594
2018-10,V60,0.09769972168840817,0.11970000000000003,stable,0.14158651403799913,0.0013014861732587974,-0.14028502786474034,0.14243900755038935,0.2811026162935015
2018-10,V62,0.011566513489797406,0.03681999999999999,stable,0.14158651403799913,0.0013014861732587974,-0.14028502786474034,0.865338238702773,0.9093853944298267
2018-10,V65,,0.00034,unknown,0.14158651403799913,0.0013014861732587974,-0.14028502786474034,0.9996597146534761,0.9999751774810107
2018-10,V67,0.07619197184939672,0.0285,stable,0.14158651403799913,0.0013014861732587974,-0.14028502786474034,0.9948390055777206,1.0368242069205182
2018-10,V68,,0.009440000000000004,unknown,0.14158651403799913,0.0013014861732587974,-0.14028502786474034,0.0005153596914746192,0.009953830114680038
2018-10,V70,0.007699394809862658,0.04152,stable,0.14158651403799913,0.0013014861732587974,-0.14028502786474034,0.40582726326742974,0.35938042992602887
2018-10,V76,0.0002207317933817364,0.005819999999999992,stable,0.16466496765672098,0.0027765038362854346,-0.16188846382043554,0.5681952366593266,0.5791331584900501
2018-10,V77,0.0008607917545943518,0.022460000000000035,stable,0.16466496765672098,0.0027765038362854346,-0.16188846382043554,1.088599960976994,1.1973947522155792
2018-10,V80,0.08169642107875251,0.11365999999999998,stable,0.16466496765672098,0.0027765038362854346,-0.16188846382043554,0.14813791845205365,0.26900177743527276
2018-10,V82,0.0020018109340104694,0.01780000000000001,stable,0.16466496765672098,0.0027765038362854346,-0.16188846382043554,0.8444477104391609,0.8590729991423564
2018-10,V86,0.00044267133096131196,0.011839999999999962,stable,0.16466496765672098,0.0027765038362854346,-0.16188846382043554,1.065847521405639,1.1456751146632196
2018-10,V88,,0.00084,unknown,0.16466496765672098,0.0027765038362854346,-0.16188846382043554,0.9991942002691067,1.0
2018-10,V89,,0.009319999999999995,unknown,0.16466496765672098,0.0027765038362854346,-0.16188846382043554,0.0008564789592513664,0.010030701154711446
2018-10,V91,0.011228068822718856,0.05292000000000008,stable,0.16466496765672098,0.0027765038362854346,-0.16188846382043554,0.4177235397413839,0.360645345729805
2018-10,V169,,0.04204325689463584,unknown,0.7530544078301216,0.7546016832554507,0.0015472754253291754,0.1686881241160588,0.3251843620567734
2018-10,V171,0.044275034562207743,0.05593144560056573,stable,0.7530544078301216,0.7546016832554507,0.0015472754253291754,1.5378905412934472,1.8123547833114455
2018-10,V175,0.06057040790742607,0.08587143751894133,stable,0.7530544078301216,0.7546016832554507,0.0015472754253291754,0.14329918998842842,0.3156884533791292
2018-10,V180,0.0019376573639721202,0.011698244267097646,stable,0.7530544078301216,0.7546016832554507,0.0015472754253291754,0.4235974799639995,0.3493282149712092
2018-10,V184,,0.002848390746540086,unknown,0.7530544078301216,0.7546016832554507,0.0015472754253291754,0.12526464663780912,0.12748762501262753
2018-10,V189,0.01587675469567031,0.03390193958985756,stable,0.7530544078301216,0.7546016832554507,0.0015472754253291754,1.0352033600480006,1.0374785331851701
2018-10,V197,0.01714272662195239,0.03556642691180928,stable,0.7530544078301216,0.7546016832554507,0.0015472754253291754,0.95264218060258,0.9149914132740681
2018-10,V198,0.01587675469567031,0.03390193958985756,stable,0.7530544078301216,0.7546016832554507,0.0015472754253291754,0.9652252175031072,0.9678250328315992
2018-10,V210,0.037971468155571404,0.08589143751894135,stable,0.7530544078301216,0.7546016832554507,0.0015472754253291754,10.385491751457096,18.21473407579174
2018-10,V209,0.029988762522347286,0.0872259197898777,stable,0.7530544078301216,0.7546016832554507,0.0015472754253291754,20.49693711594712,27.197960197317418
2018-10,V36,0.0015256566061995715,0.015739999999999976,stable,0.29593465302943067,0.13986638075287877,-0.1560682722765519,0.5567534415840155,0.576787284020002
2018-10,V37,0.00017779659165457492,0.01195999999999997,stable,0.29593465302943067,0.13986638075287877,-0.1560682722765519,1.111234039738683,1.18115660080988
2018-10,V40,0.07101631173130704,0.10755999999999999,stable,0.29593465302943067,0.13986638075287877,-0.1560682722765519,0.18187557685427647,0.3087631317279841
2018-10,V41,,0.00082,unknown,0.29593465302943067,0.13986638075287877,-0.1560682722765519,0.9992273534902878,1.0
2018-10,V44,0.00016795100512855468,0.0047800000000000065,stable,0.29593465302943067,0.13986638075287877,-0.1560682722765519,1.0875014656232431,1.1292493479169368
2018-10,V47,0.00015106333986423303,0.0026800000000000157,stable,0.29593465302943067,0.13986638075287877,-0.1560682722765519,1.0396935870339694,1.0379000763765798
2018-10,V48,0.00828319107586178,0.044340000000000046,stable,0.29593465302943067,0.13986638075287877,-0.1560682722765519,0.37916800702296594,0.3328289596933408
2018-10,V52,0.02548256239910754,0.0642600000000001,stable,0.29593465302943067,0.13986638075287877,-0.1560682722765519,0.18595527068182297,0.2534405487585203
2018-10,V138,,0.00818354260089682,unknown,0.8524570731872524,0.9115485206440497,0.059091447456797286,0.03751578101687134,0.06432174887892377
2018-10,V139,0.009859932697693991,0.03245596412556051,stable,0.8524570731872524,0.9115485206440497,0.059091447456797286,1.0781016871341673,1.170964125560538
2018-10,V142,,0.017628968609865514,unknown,0.8524570731872524,0.9115485206440497,0.059091447456797286,0.045205440146906924,0.07903587443946189
2018-10,V146,,0.01969968609865469,unknown,0.8524570731872524,0.9115485206440497,0.059091447456797286,0.1440519912774016,0.1671804932735426
2018-10,V156,0.0005803753081960858,0.010097354260089675,stable,0.8524570731872524,0.9115485206440497,0.059091447456797286,0.7815763801216573,0.7560257847533632
2018-10,V162,,0.019812331838565123,unknown,0.8524570731872524,0.9115485206440497,0.059091447456797286,6.623533082749914,9.994359585201794
2018-10,V324,0.04898379424319509,0.08929520420877746,stable,0.8517860771497273,0.9104701463862067,0.0586840692364794,0.5028777081161366,1.197286446075038
2018-10,V323,0.07058024331468347,0.10617229959850483,stable,0.8517860771497273,0.9104701463862067,0.0586840692364794,0.8302794875822967,2.245742766163644
2018-10,V325,,0.03120816835110063,unknown,0.8517860771497273,0.9104701463862067,0.0586840692364794,0.04527213264592051,0.10881905025612626
2018-10,V328,,0.0426691513221652,unknown,0.8517860771497273,0.9104701463862067,0.0586840692364794,0.141143371274332,0.24865014536896027
2018-10,V329,0.032799258434249426,0.060544109095943544,stable,0.8517860771497273,0.9104701463862067,0.0586840692364794,0.20396738121420716,0.7228298490931746
2018-10,V332,0.05297428856424527,0.10617229959850483,stable,0.8517860771497273,0.9104701463862067,0.0586840692364794,112.74322446126276,469.28135678194803
2018-10,V335,,0.08928935622317591,unknown,0.8517860771497273,0.9104701463862067,0.0586840692364794,25.245174019174044,166.65765471909327
2018-10,V220,,0.027027972430207714,unknown,0.7501862701933824,0.750027888989427,-0.00015838120395539335,0.17397898661243857,0.3124907026330143
2018-10,V221,0.05546773734355459,0.08643386225021074,stable,0.7501862701933824,0.750027888989427,-0.00015838120395539335,1.2868327402135231,1.3367382357316409
2018-10,V234,0.014467241200965762,0.045342344424059045,stable,0.7501862701933824,0.750027888989427,-0.00015838120395539335,1.5561514997458057,9.536321713690683
2018-10,V238,,0.0019801527247483852,unknown,0.7501862701933824,0.750027888989427,-0.00015838120395539335,0.122089476359939,0.1269400505776764
2018-10,V250,0.04181493926154072,0.08643386225021074,stable,0.7501862701933824,0.750027888989427,-0.00015838120395539335,0.8031265887137773,0.7077899538850597
2018-10,V271,,0.03846705310656018,unknown,0.7501862701933824,0.750027888989427,-0.00015838120395539335,9.82580762766005,11.803274787659863
2018-10,V1,,0.0001,unknown,0.5206527076912656,0.33490338014551857,-0.18574932754574702,0.999929347034121,1.0
2018-10,V2,0.00029657200321734896,0.005120000000000013,stable,0.5206527076912656,0.33490338014551857,-0.18574932754574702,1.039658392909975,1.0436654366543665
2018-10,V3,0.00029657200321734896,0.010239999999999916,stable,0.5206527076912656,0.33490338014551857,-0.18574932754574702,1.0711077943468796,1.0834917440083491
2018-10,V5,0.00036853119122898795,0.007599999999999996,stable,0.5206527076912656,0.33490338014551857,-0.18574932754574702,0.8719724100168242,0.8864288642886429
2018-10,V7,0.0003198645877359252,0.00988,stable,0.5206527076912656,0.33490338014551857,-0.18574932754574702,1.0667493895142166,1.0800253457080025
2018-10,V8,0.0004646832699435236,0.0020000000000000018,stable,0.5206527076912656,0.33490338014551857,-0.18574932754574702,1.023810049501234,1.0208356629020836
2018-10,V10,5.3298803844407925e-05,0.005140000000000033,stable,0.5206527076912656,0.33490338014551857,-0.18574932754574702,0.46156257865662215,0.4598009616459801
2018-10,V160,1.2139170899592333,0.12614029617211509,significant,0.8524570731872524,0.911275828302986,0.058818755115733645,55376.92903217853,6754.826099430925
2018-10,V166,0.1501484654057518,0.0904602626431964,moderate,0.8524570731872524,0.911275828302986,0.058818755115733645,381.79216501828546,191.57432243643476
2018-10,V281,,0.0024600000000000177,unknown,0.0019812375114302166,0.011106015345141738,0.009124777833711522,0.08806861564042961,0.10680487835449542
2018-10,V282,0.010431133058766733,0.041580000000000006,stable,0.0019812375114302166,0.011106015345141738,0.009124777833711522,0.8253855812138385,0.8085634424236346
2018-10,V283,0.014550267144182989,0.04125999999999996,stable,0.0019812375114302166,0.011106015345141738,0.009124777833711522,0.995955426981353,1.0161943319838056
2018-10,V289,0.0024091881607486683,0.019499999999999962,stable,0.0019812375114302166,0.011106015345141738,0.009124777833711522,0.23260854811069448,0.2521778368283175
2018-10,V296,,0.022560000000000024,unknown,0.0019812375114302166,0.011106015345141738,0.009124777833711522,0.18788070312367444,0.20455998295333475
2018-10,V300,,0.005499999999999949,unknown,0.0019812375114302166,0.011106015345141738,0.009124777833711522,0.04490812223221406,0.053859941590102905
2018-10,V314,5.348291639956772e-06,0.01992000000000005,stable,0.0019812375114302166,0.011106015345141738,0.009124777833711522,40.93868015134437,44.92406478800898
2018-10,hour,0.008159762633746338,0.035479999999999984,stable,0.0,0.0,0.0,13.815073915399465,14.072969991447376
2018-10,day_of_week,0.028179878896219437,0.08102000000000004,stable,0.0,0.0,0.0,2.946186964473194,3.230722510752755
2018-10,amount_log,0.02251304390840876,0.044020000000000004,stable,0.0,0.0,0.0,4.382521202395477,4.2800266733486
2018-10,amount_cents,0.0019392206077346946,0.04176000000000002,stable,0.0,0.0,0.0,0.3755282276065321,0.4016530823621009
2018-10,amount_is_round,,0.04176000000000002,unknown,0.0,0.0,0.0,0.5179200392860771,0.47602166664600815
2018-10,match_true_count,0.171266700059657,0.17644000000000004,moderate,0.0,0.0,0.0,2.32405298540319,3.054377331829394
2018-10,match_missing_count,0.2137363003942524,0.17878000000000005,moderate,0.0,0.0,0.0,4.798432366986148,3.7212712421136134
2018-10,screen_width,0.018451405148003225,0.03544352040816323,stable,0.8691600060961154,0.9222578925840078,0.053097886487892376,1824.5967029589244,1853.4601403061224
2018-10,screen_height,0.01747763179068666,0.03438464285714282,stable,0.8691600060961154,0.9222578925840078,0.053097886487892376,1077.2156989630014,1082.5167410714287
2018-10,screen_area,0.02657807842379281,0.034888571428571435,stable,0.8691600060961154,0.9222578925840078,0.053097886487892376,2148944.194813389,2193628.148915816
2018-10,email_domains_match,,0.07826047577183638,unknown,0.7756947031530463,0.7603158273113775,-0.01537887584166886,0.8101237154262095,0.8884004757718363
2018-10,ProductCD_code,0.003286797093034932,0.0568,stable,0.0,0.0,0.0,3.1803137806075794,3.1020737013027255
2018-10,card4_code,0.013249247725485405,0.01654,stable,0.0,0.0,0.0,3.605047922240661,3.642661477248782
2018-10,card6_code,0.02623238114866424,0.05694000000000002,stable,0.0,0.0,0.0,2.7371050225217597,2.7973648003768115
2018-10,P_emaildomain_code,0.006214478296518337,0.01921999999999996,stable,0.0,0.0,0.0,20.27140837199851,20.019671033875827
2018-10,R_emaildomain_code,0.009794991585939812,0.026120000000000032,stable,0.0,0.0,0.0,4.7000647712263355,5.010833323004078
2018-10,M1_code,,0.17343999999999998,unknown,0.0,0.0,0.0,0.9911542825210824,1.3296974354524833
2018-10,M2_code,,0.17342000000000002,unknown,0.0,0.0,0.0,0.9401225996545535,1.2776751738413674
2018-10,M3_code,0.11892941646173866,0.17342000000000002,moderate,0.0,0.0,0.0,0.8867244386493718,1.2053373328210022
2018-10,M4_code,0.014653770224712922,0.05860000000000004,stable,0.0,0.0,0.0,0.8132154468791276,0.984766414219666
2018-10,M5_code,7.173564967729352e-05,0.0033600000000000296,stable,0.0,0.0,0.0,0.5789256443255326,0.5726911015531069
2018-10,M6_code,0.0001540879670684093,0.011900000000000022,stable,0.0,0.0,0.0,1.0224392081823417,1.017253988125488
2018-10,M7_code,0.11688727232958414,0.17370000000000002,moderate,0.0,0.0,0.0,0.4144046127273343,0.6113142531328631
2018-10,M8_code,0.11690321097287357,0.17374,moderate,0.0,0.0,0.0,0.4992316354522979,0.740297730456016
2018-10,M9_code,,0.17374,unknown,0.0,0.0,0.0,0.6735149185491245,0.9995413810627565
2018-10,id_12_code,,0.0050200000000000244,unknown,0.0,0.0,0.0,0.47594362786602096,0.4860369126268949
2018-10,id_15_code,0.002799361895806418,0.015519999999999978,stable,0.0,0.0,0.0,0.40176575676499476,0.39052022261611113
2018-10,id_16_code,0.0005345500302090895,0.023499999999999965,stable,0.0,0.0,0.0,0.34342720222169537,0.3110180100896166
2018-10,id_23_code,,0.0014800000000000368,unknown,0.0,0.0,0.0,0.022221187387814544,0.01808446025509129
2018-10,id_27_code,,0.0014800000000000368,unknown,0.0,0.0,0.0,0.009070088393673587,0.0071767666125413685
2018-10,id_28_code,8.343578987809466e-05,0.01189999999999991,stable,0.0,0.0,0.0,0.3656589731432248,0.3511037842259876
2018-10,id_29_code,8.343578987809466e-05,0.013780000000000014,stable,0.0,0.0,0.0,0.36826887255732044,0.35181030529147095
2018-10,id_30_code,0.059842940903242596,0.08443999999999996,stable,0.0,0.0,0.0,5.976089680631286,2.0301201085811322
2018-10,id_31_code,0.4913621244677574,0.21085999999999994,significant,0.0,0.0,0.0,15.858411369255258,2.428808706322744
2018-10,id_33_code,0.022855301849697134,0.055379999999999985,stable,0.0,0.0,0.0,12.020542638940631,7.267387235519417
2018-10,id_34_code,,0.060819999999999985,unknown,0.0,0.0,0.0,0.5253581467809124,0.3180088501059782
2018-10,id_35_code,5.275228259838456e-05,0.06101999999999996,stable,0.0,0.0,0.0,0.3893639719578691,0.3254211237403473
2018-10,id_36_code,5.275228259838456e-05,0.006700000000000039,stable,0.0,0.0,0.0,0.26224514850814507,0.25199251335572714
2018-10,id_37_code,5.275228259838456e-05,0.0047599999999999865,stable,0.0,0.0,0.0,0.44423112744267956,0.444810788700621
2018-10,id_38_code,5.275228259838456e-05,0.07987999999999995,stable,0.0,0.0,0.0,0.3771294069834389,0.2937144415384806
2018-10,DeviceType_code,4.593604281397348e-05,0.01966000000000001,stable,0.0,0.0,0.0,0.3465705117350222,0.36449049915093523
2018-10,DeviceInfo_code,0.01832786655879859,0.05291999999999997,stable,0.0,0.0,0.0,267.1259948521692,197.73709979300173
2018-10,P_email_provider_code,0.006188745006504737,0.01921999999999996,stable,0.0,0.0,0.0,17.34171901988011,17.212018295177064
2018-10,P_email_suffix_code,0.0011381180806263548,0.010980000000000018,stable,0.0,0.0,0.0,2.759660649574965,2.7812635571476383
2018-10,R_email_provider_code,0.010100820196304063,0.026120000000000032,stable,0.0,0.0,0.0,4.117807430487351,4.427717936958489
2018-10,R_email_suffix_code,0.001963382790750969,0.01654,stable,0.0,0.0,0.0,0.7931829342635554,0.8317984059893154
2018-10,device_brand_code,0.0072353603004588225,0.03300000000000003,stable,0.0,0.0,0.0,148.35870770819926,130.33485379971987
2018-10,browser_family_code,0.016463451525638797,0.03438000000000008,stable,0.0,0.0,0.0,2.881009330443323,2.344162524635274
2018-10,card1_addr1_code,0.03016488658025355,0.06132,stable,0.0,0.0,0.0,18599.467347681784,17421.32116960224
2018-10,card1_freq,0.008978296060523886,0.026899999999999997,stable,0.0,0.0,0.0,0.004310963388824863,0.004494696106265962
2018-10,card2_freq,0.005233839194995453,0.013799999999999979,stable,0.0,0.0,0.0,0.030589887100843205,0.03039202951663299
2018-10,card3_freq,0.0048263063084812595,0.05295999999999999,stable,0.0,0.0,0.0,0.7844944688685959,0.740316482146824
2018-10,card5_freq,0.010614752209286307,0.023139999999999994,stable,0.0,0.0,0.0,0.2879029026168135,0.2851519673305778
2018-10,addr1_freq,0.007463786964991283,0.053100000000000036,stable,0.0,0.0,0.0,0.04646929091810429,0.04994688116116141
2018-10,addr2_freq,0.0007456810910386758,0.05584,stable,0.0,0.0,0.0,0.7836646478129485,0.7388135666407135
2018-10,P_emaildomain_freq,0.002383130269843897,0.019320000000000004,stable,0.0,0.0,0.0,0.21620300774556866,0.22047827756764132
2018-10,R_emaildomain_freq,0.006030979661099691,0.016760000000000025,stable,0.0,0.0,0.0,0.591020048010293,0.5783385675927304
2018-10,DeviceInfo_freq,0.014542226160968208,0.03482,stable,0.0,0.0,0.0,0.6321141791710317,0.64649315715958
2018-10,id_30_freq,0.026936229119081893,0.06241999999999999,stable,0.0,0.0,0.0,0.7419923804069077,0.7944856884107631
2018-10,id_31_freq,0.30315335699506873,0.20724,significant,0.0,0.0,0.0,0.569208971091412,0.567573585723429
2018-10,id_33_freq,0.020390179139856118,0.05331999999999999,stable,0.0,0.0,0.0,0.7570517379974453,0.802534921538582
2018-10,card1_addr1_freq,0.037399988014790976,0.06068,stable,0.0,0.0,0.0,0.0013318732440966324,0.0016639738140141543
2018-10,P_email_provider_freq,0.002675976287366668,0.01981999999999995,stable,0.0,0.0,0.0,0.21826946467780875,0.22297460937266986
2018-10,R_email_provider_freq,0.006802582902872648,0.016760000000000025,stable,0.0,0.0,0.0,0.591305371164419,0.5787142213738568
2018-10,device_brand_freq,0.014548902003504175,0.022419999999999995,stable,0.0,0.0,0.0,0.6321677629940776,0.6465822267612902
2018-10,browser_family_freq,0.011475746791869345,0.030600000000000002,stable,0.0,0.0,0.0,0.5860470086328589,0.5912576674604526
2018-10,TransactionAmt_mean_by_card1,0.029744830204432415,0.057560000000000056,stable,0.0,0.021765806859451887,0.021765806859451887,134.40138757251106,125.32559444949612
2018-10,TransactionAmt_std_by_card1,0.025068858939259517,0.048899999999999944,stable,0.007154468791275782,0.031880213691634546,0.024725744900358764,184.20882225512287,169.9513612709855
2018-10,TransactionAmt_ratio_to_card1_mean,0.005483267446580614,0.026540000000000008,stable,0.0,0.021765806859451887,0.021765806859451887,0.9999999998390867,1.0514979936923512
2018-10,TransactionAmt_mean_by_addr1,0.021307485329568186,0.058520000000000016,stable,0.0,0.0002850874474757366,0.0002850874474757366,134.40138877388117,127.92787424964719
2018-10,TransactionAmt_std_by_addr1,0.022781141935268593,0.0567,stable,0.00026247163612964404,0.0004958042564795419,0.00023333262034989786,218.7574806332354,206.93722982924155
2018-10,TransactionAmt_ratio_to_addr1_mean,0.0023527091486035,0.025260000000000005,stable,0.0,0.0002850874474757366,0.0002850874474757366,0.999999999927986,0.9836829480120927
2018-10,TransactionAmt_mean_by_card1_addr1,0.031215883034937365,0.05210000000000001,stable,0.0,0.06164086418681904,0.06164086418681904,134.40138794130837,122.8483147634949
2018-10,TransactionAmt_std_by_card1_addr1,0.015922576768450693,0.03924,stable,0.031327259796118806,0.08845147935595027,0.05712421955983146,158.6121803478903,148.2418080873802
2018-10,TransactionAmt_ratio_to_card1_addr1_mean,0.04209609590177344,0.05347999999999997,stable,0.0,0.06164086418681904,0.06164086418681904,1.0000000002325469,1.133763093204466
2018-10,D15_mean_by_card1,0.015590886387943629,0.05479999999999999,stable,0.011269346699630846,0.029066524536113143,0.017797177836482297,156.35746512963993,149.80485155304626
2018-10,D15_std_by_card1,0.014073632535051483,0.044920000000000015,stable,0.02197988281911471,0.0409038511595622,0.018923968340447492,171.91801599251494,168.11724741040274
2018-10,D15_ratio_to_card1_mean,0.14526037820584933,0.12962000000000007,moderate,0.17546017204592407,0.04863839756064306,-0.126821774485281,0.999999999911685,2.1861123913382166
2018-11,TransactionAmt,0.014560773906280354,0.03158,stable,0.0,0.0,0.0,134.40138803679685,136.2819087242162
2018-11,card1,0.0034823766265791633,0.01104000000000005,stable,0.0,0.0,0.0,9867.868400108375,9938.185510361818
2018-11,card2,0.0044957208226417585,0.012799999999999978,stable,0.014869864869441527,0.013163615284285782,-0.001706249585155745,362.8612139482217,364.2278679296081
2018-11,card3,0.011819444183722322,0.023540000000000005,stable,0.0017420496494733634,3.623013380996087e-05,-0.0017058195156634025,153.30461674819608,153.85474813106123
2018-11,card5,0.00763778440345424,0.013719999999999996,stable,0.006673976360619094,0.0026810299019371046,-0.00399294645868199,199.59472936142464,200.10229832166817
2018-11,addr1,0.0009288834145738034,0.01322000000000001,stable,0.11379627120940157,0.14498091879619343,0.03118464758679186,290.47071805785447,291.835364906284
2018-11,addr2,0.0018439848737413704,0.0037800000000000004,stable,0.11379627120940157,0.14498091879619343,0.03118464758679186,86.77257560232259,86.65050353818556
2018-11,dist1,0.01602760127084057,0.04309962659029576,stable,0.6078271581941952,0.5614463069416936,-0.046380851252501576,121.45554985831872,83.56542931100952
2018-11,dist2,0.06773896899192673,0.0957424581813166,stable,0.9320537135503099,0.9148954156804019,-0.017158297869907968,237.77498442367602,261.96523343266637
2018-11,C1,0.010167753726259107,0.013020000000000032,stable,0.0,3.623013380996087e-05,3.623013380996087e-05,15.232353015883767,8.459849518725619
2018-11,C2,0.008736810361758456,0.022540000000000004,stable,0.0,3.623013380996087e-05,3.623013380996087e-05,16.61607384766485,9.02280165698482
2018-11,C3,,0.04379999999999995,unknown,0.0,3.623013380996087e-05,3.623013380996087e-05,0.00543781962271819,0.049153995724689314
2018-11,C4,0.0006373846285105708,0.010580000000000034,stable,0.0,3.623013380996087e-05,3.623013380996087e-05,4.63823576726386,1.8408956413569884
2018-11,C5,0.0038648657061954883,0.026999999999999913,stable,0.0,3.623013380996087e-05,3.623013380996087e-05,5.483623039929556,4.637588918008237
2018-11,C6,0.0036484157286482003,0.009240000000000026,stable,0.0,3.623013380996087e-05,3.623013380996087e-05,9.60298836657974,5.991558072970133
2018-11,C7,0.011238508912459767,0.03587999999999991,stable,0.0,3.623013380996087e-05,3.623013380996087e-05,3.4869272191553495,1.1873165783021944
2018-11,C8,0.003422397429829531,0.027759999999999896,stable,0.0,3.623013380996087e-05,3.623013380996087e-05,6.074963169302672,1.5457663554787986
2018-11,C9,0.0040454389011041125,0.026400000000000035,stable,0.0,3.623013380996087e-05,3.623013380996087e-05,4.3681418701527415,4.23523870484656
2018-11,C10,0.005986028724566125,0.039919999999999956,stable,0.0,3.623013380996087e-05,3.623013380996087e-05,6.197605157990991,1.6690619678506298
2018-11,C11,0.007446966433470265,0.024580000000000046,stable,0.0,3.623013380996087e-05,3.623013380996087e-05,11.034773258373692,6.194985567807152
2018-11,C12,0.11270877963068325,0.13944,moderate,0.0,3.623013380996087e-05,3.623013380996087e-05,4.964756832729367,1.8512940664967814
2018-11,C13,0.0032161346803518103,0.02412000000000003,stable,0.0,0.0044442297473552,0.0044442297473552,32.713120618417044,26.118795186568974
2018-11,C14,0.003073899049061716,0.01203999999999994,stable,0.0,3.623013380996087e-05,3.623013380996087e-05,8.610481508449894,5.554087511020398
2018-11,D1,0.010899684907278776,0.03949999999999998,stable,0.0019812375114302166,0.008332930776291,0.006351693264860785,90.64199060013235,108.58320140292764
2018-11,D2,0.017789944809140423,0.06581291441431503,stable,0.4895159515020151,0.45264721511038114,-0.03686873639163396,167.2682931885939,186.4685479778479
2018-11,D3,0.006765987746311549,0.03126000000000001,stable,0.4607054560233007,0.3832302787304961,-0.07747517729280462,28.642409137294923,33.00045035342954
2018-11,D4,0.06469039441049279,0.1189,stable,0.29586056829342633,0.13606830587894306,-0.15979226241448327,134.97500736492134,180.70292296294227
2018-11,D5,0.01091317502161175,0.03333659255473209,stable,0.5373154231720121,0.43292594560649245,-0.10438947756551964,42.40101652888781,51.00543061589573
2018-11,D6,0.024840672876145435,0.06485760758709436,stable,0.8762086395502422,0.7465943674218637,-0.1296142721283785,63.98103722449259,92.97302578277653
2018-11,D7,0.015567922694125528,0.027321808754420807,stable,0.9366173332881769,0.8646925269310661,-0.07192480635711074,44.717906759284,54.854069975008926
2018-11,D8,0.027614717789878424,0.03446994470835607,stable,0.8695896975649405,0.8449229505820974,-0.024666746982843102,149.7005347063145,152.96966389486417
2018-11,D9,0.0038506955446665574,0.02719817459699403,stable,0.8695896975649405,0.8449229505820974,-0.024666746982843102,0.5602651748810471,0.5451642440984613
2018-11,D10,0.0506931458059377,0.1002599999999999,stable,0.1405302773732516,0.001449205352398435,-0.13908107202085318,118.33504005753113,165.73702288229887
2018-11,D11,0.15703792189613705,0.15661999999999998,moderate,0.5206527076912656,0.3338969131925994,-0.1867557944986662,138.20242957886416,231.15820581623032
2018-11,D12,0.09261771843965114,0.13375014948859165,stable,0.8884432045246723,0.8465049997584658,-0.041938204766206466,52.512171982619584,84.0699449252557
2018-11,D13,0.0007029631951169024,0.019892024569402977,stable,0.8963385206759915,0.7257258103473262,-0.17061271032866532,17.152063381863474,18.489982827704637
2018-11,D14,0.003439907144038447,0.03320339484196011,stable,0.8945118027567989,0.7475242741896527,-0.14698752856714614,51.71775423388715,57.224002678656845
2018-11,D15,0.1117212381872869,0.14938000000000007,moderate,0.1646056998679175,0.0008695232114390609,-0.16373617665647844,157.24798374325698,212.97095440700093
2018-11,id_01,0.02163042106281051,0.06338143646408839,stable,0.7450130389135368,0.7180208685570746,-0.026992170356462175,-9.927638132554124,-11.66028523705512
2018-11,id_02,0.09058162830597269,0.08491006446520188,stable,0.750899600365767,0.7246147529104874,-0.026284847455279592,171218.44375993134,199695.19343945972
2018-11,id_03,0.000526785695510371,0.0069180419580420205,stable,0.8855073322721577,0.860115453359741,-0.025391878912416677,0.06206322795341098,0.06319606319606319
2018-11,id_04,,0.0028620098420098425,unknown,0.8855073322721577,0.860115453359741,-0.025391878912416677,-0.06030689591421705,-0.07890874557541225
2018-11,id_05,0.040458064269358315,0.04460895405669599,stable,0.7576645951163342,0.7282015361576736,-0.029463058958660637,1.7279079720841668,1.0414111792410912
2018-11,id_06,0.0033580506864786795,0.0344010095085755,stable,0.7576645951163342,0.7282015361576736,-0.029463058958660637,-6.631704909727742,-6.651337421132142
2018-11,id_07,0.13977012941417974,0.15536291734817745,moderate,0.990980712568158,0.9913168445968794,0.00033613202872140313,13.80356723773762,11.11961057023644
2018-11,id_08,0.12503244746499625,0.09283866122176129,moderate,0.990980712568158,0.9913168445968794,0.00033613202872140313,-38.85402487678949,-34.46036161335188
2018-11,id_09,2.475341062058571e-06,0.00568254185811079,stable,0.8695896975649405,0.8449229505820974,-0.024666746982843102,0.09918844343450739,0.10014796355424033
2018-11,id_10,,0.005670231290397943,unknown,0.8695896975649405,0.8449229505820974,-0.024666746982843102,-0.3103716929069956,-0.2091737403629001
2018-11,id_11,,0.005595369769278005,unknown,0.7506604125038101,0.7246751364668373,-0.02598527603697276,99.73444663985661,99.75866484539542
2018-11,id_13,2.8667082662348102,0.4965942986425339,significant,0.7773859518406881,0.7437804936959567,-0.03360545814473148,47.506370638014644,37.19617269984917
2018-11,id_14,0.0033589980537752696,0.02332384708399221,stable,0.8556046161140651,0.8701632771363702,0.014558661022305075,-345.6647170060249,-342.31978420612035
2018-11,id_17,0.039771361132530214,0.08878569714084006,stable,0.753012073695262,0.7262934157770156,-0.026718657918246458,188.6928396966191,193.66148958701024
2018-11,id_18,0.06757602259183379,0.1116491927490173,stable,0.920788600264165,0.9013211922129366,-0.019467408051228374,14.18646785313452,14.844205115652919
2018-11,id_19,0.10958821754767388,0.06224665371711108,moderate,0.7530967419649812,0.7264383363122554,-0.026658405652725814,351.5076171288954,349.56401200776975
2018-11,id_20,0.09295313888445983,0.10640655813130417,stable,0.7531390760998409,0.7270180184532148,-0.02612105764662609,401.5382036441586,414.99663776322774
2018-11,id_21,7.147366100107717,0.49235964500742824,significant,0.990976479154672,0.9913047678856094,0.0003282887309373761,371.4062866525921,579.8833333333333
2018-11,id_22,0.0009389798287838564,0.027915919078451257,stable,0.9909553120872422,0.9913047678856094,0.0003494557983672042,16.00842499414931,15.425
2018-11,id_24,0.009507229938754075,0.08486216699272815,stable,0.9917152098079723,0.9918965267378388,0.00018131692986644854,12.7639243740419,13.469448584202683
2018-11,id_25,0.061474339652775586,0.05389155191044859,stable,0.9910124631693027,0.9913772281532293,0.00036476498392656875,330.0975035327367,337.046218487395
2018-11,id_26,0.11804612026215391,0.09220974239343045,moderate,0.9909680123277,0.9913168445968794,0.0003488322691793666,148.2620107804078,154.1488178025035
2018-11,id_32,1.5145523758139681e-05,0.07092779661016957,stable,0.8600645172215261,0.8717453263127385,0.011680809091212385,26.59603690818333,26.039171374764596
2018-11,has_identity,,0.025919999999999943,unknown,0.0,0.0,0.0,0.25498696108646324,0.28197913144292547
2018-11,V219,0.008886757323335081,0.037994174462225194,stable,0.7672998442103837,0.7456765373653447,-0.021623306845038992,0.7931141128848865,1.724393371005271
2018-11,V264,0.008931938174052367,0.043948630989125825,stable,0.7672998442103837,0.7456765373653447,-0.021623306845038992,144.35008277787801,519.1541582399514
2018-11,V223,,0.009574024407616677,unknown,0.7672998442103837,0.7456765373653447,-0.021623306845038992,0.09217264747350708,0.11059404530129635
2018-11,V263,0.00654445197411878,0.03237971793532446,stable,0.7672998442103837,0.7456765373653447,-0.021623306845038992,74.82365604583589,332.0712078360389
2018-11,V237,,0.022795856403437953,unknown,0.7672998442103837,0.7456765373653447,-0.021623306845038992,0.16285987174239322,0.21848140937366448
2018-11,V240,8.692426464874347e-05,0.0001497127119046704,stable,0.7672998442103837,0.7456765373653447,-0.021623306845038992,1.0010278801109747,1.0013295977966665
2018-11,V246,0.00012718117939196827,0.005068310935941844,stable,0.7672998442103837,0.7456765373653447,-0.021623306845038992,1.1772774821485423,1.2150149579752125
2018-11,V252,0.00012718117939196827,0.003182024787501847,stable,0.7672998442103837,0.7456765373653447,-0.021623306845038992,1.0316550689043527,1.0354242841540433
2018-11,V260,0.0015661762319241184,0.011196256232489668,stable,0.7672998442103837,0.7456765373653447,-0.021623306845038992,0.9617137399372356,0.9690868512275037
2018-11,V262,0.0013122755172453242,0.01022220428320432,stable,0.7672998442103837,0.7456765373653447,-0.021623306845038992,1.0091053804520853,1.0449688969086852
2018-11,V265,0.00639357238336205,0.0381141744622252,stable,0.7672998442103837,0.7456765373653447,-0.021623306845038992,98.5912143482233,461.0294146717792
2018-11,V268,0.001420351362088373,0.015195281827247165,stable,0.7672998442103837,0.7456765373653447,-0.021623306845038992,18.207679998226013,42.98923455435381
2018-11,V273,9.815361024589266e-05,0.01674324326891119,stable,0.7672998442103837,0.7456765373653447,-0.021623306845038992,36.513354583421886,203.9657396146095
2018-11,V95,0.0008022990760360989,0.013839999999999963,stable,0.00020532055406915703,0.0,-0.00020532055406915703,0.2189187758688219,0.23303222066566834
2018-11,V96,0.0047246755501334035,0.025660000000000016,stable,0.00020532055406915703,0.0,-0.00020532055406915703,1.2722326315009473,1.3427370658422297
2018-11,V98,,0.0019400000000000528,unknown,0.00020532055406915703,0.0,-0.00020532055406915703,0.05938370012808706,0.06099946862470412
2018-11,V100,0.0006840716501926487,0.009220000000000006,stable,0.00020532055406915703,0.0,-0.00020532055406915703,0.24350937364370626,0.2770880633785807
2018-11,V103,,0.007959999999999967,unknown,0.00020532055406915703,0.0,-0.00020532055406915703,0.1784347973366361,0.14059707260518817
2018-11,V106,,0.020359999999999934,unknown,0.00020532055406915703,0.0,-0.00020532055406915703,0.07884022992155991,0.10619052219699532
2018-11,V105,,0.027780000000000027,unknown,0.00020532055406915703,0.0,-0.00020532055406915703,0.12691416050049223,0.17531761750640065
2018-11,V108,0.0010348822127979052,0.0023199999999999887,stable,0.00020532055406915703,0.0,-0.00020532055406915703,1.004691585421364,1.0071856432056423
2018-11,V109,0.00019566774801862754,0.006759999999999988,stable,0.00020532055406915703,0.0,-0.00020532055406915703,1.0138990335249347,1.0209168639196173
2018-11,V111,0.0010348822127979052,0.0014600000000000168,stable,0.00020532055406915703,0.0,-0.00020532055406915703,1.0028560237966697,1.0042630790783054
2018-11,V114,0.0010481849908566224,0.0036399999999999766,stable,0.00020532055406915703,0.0,-0.00020532055406915703,1.0090232567986703,1.0140331384957249
2018-11,V115,0.00020610418101623244,0.011700000000000044,stable,0.00020532055406915703,0.0,-0.00020532055406915703,1.029608222977336,1.0438384619100527
2018-11,V117,0.0010348822127979052,0.00027999999999994696,stable,0.00020532055406915703,0.0,-0.00020532055406915703,1.0006287910063831,1.001086904014299
2018-11,V118,0.00019566774801862754,0.0007800000000000029,stable,0.00020532055406915703,0.0,-0.00020532055406915703,1.0014481247419733,1.002693106613207
2018-11,V120,0.0010348822127979052,0.000500000000000056,stable,0.00020532055406915703,0.0,-0.00020532055406915703,1.0010204621719754,1.0020409642046277
2018-11,V121,0.00019566774801862754,0.0024800000000000377,stable,0.00020532055406915703,0.0,-0.00020532055406915703,1.0038235574327543,1.0076445582339018
2018-11,V123,0.0010481849908566224,0.006079999999999974,stable,0.00020532055406915703,0.0,-0.00020532055406915703,1.0300125969915421,1.0381865610356988
2018-11,V124,0.00020610418101623244,0.015859999999999985,stable,0.00020532055406915703,0.0,-0.00020532055406915703,1.0829030243365407,1.106444133133665
2018-11,V128,0.0028096216584983314,0.020360000000000045,stable,0.00020532055406915703,0.0,-0.00020532055406915703,74.56188631434888,134.04809173677867
2018-11,V127,0.006795236408016282,0.027980000000000005,stable,0.00020532055406915703,0.0,-0.00020532055406915703,157.08918084329193,237.1972527911606
2018-11,V131,0.001579563390401969,0.013299999999999979,stable,0.00020532055406915703,0.0,-0.00020532055406915703,27.897589159858335,39.52989610028344
2018-11,V130,0.004950617532398076,0.023579999999999934,stable,0.00020532055406915703,0.0,-0.00020532055406915703,82.75806087732268,113.09998511472224
2018-11,V134,,0.010580000000000034,unknown,0.00020532055406915703,0.0,-0.00020532055406915703,29.042006704843423,59.13137588738635
2018-11,V136,,0.027819999999999956,unknown,0.00020532055406915703,0.0,-0.00020532055406915703,22.74077328566627,44.0148103415871
2018-11,V293,,0.0026200000000000667,unknown,2.5400480915772006e-05,0.0,-2.5400480915772006e-05,0.1523496041657847,0.15529443022076228
2018-11,V307,0.002606628674249489,0.028260000000000063,stable,2.5400480915772006e-05,0.0,-2.5400480915772006e-05,237.79158422297218,281.54350433684874
2018-11,V284,,0.005099999999999993,unknown,2.5400480915772006e-05,0.0,-2.5400480915772006e-05,0.08697768934422759,0.0955509395681368
2018-11,V285,0.0023257998781090845,0.021199999999999997,stable,2.5400480915772006e-05,0.0,-2.5400480915772006e-05,1.0861394521823802,1.1909931887348437
2018-11,V286,,0.0025199999999999667,unknown,2.5400480915772006e-05,0.0,-2.5400480915772006e-05,0.03239278608018289,0.03440655040819284
2018-11,V297,,0.016000000000000014,unknown,2.5400480915772006e-05,0.0,-2.5400480915772006e-05,0.06328902247999661,0.0853702719675378
2018-11,V298,,0.024580000000000046,unknown,2.5400480915772006e-05,0.0,-2.5400480915772006e-05,0.15813047711781889,0.18711656441717792
2018-11,V299,,0.01882000000000006,unknown,2.5400480915772006e-05,0.0,-2.5400480915772006e-05,0.09217010287456077,0.11772378145983285
2018-11,V303,0.0040467114461431005,0.028959999999999986,stable,2.5400480915772006e-05,0.0,-2.5400480915772006e-05,0.28399517378603784,0.33875175112313416
2018-11,V308,0.0020279949965767868,0.02634000000000003,stable,2.5400480915772006e-05,0.0,-2.5400480915772006e-05,103.29691253404022,153.22087201688447
2018-11,V312,0.0011901377885022981,0.015939999999999954,stable,2.5400480915772006e-05,0.0,-2.5400480915772006e-05,36.549113843767,47.46092036950531
2018-11,V310,0.001455663769968893,0.021259999999999946,stable,2.5400480915772006e-05,0.0,-2.5400480915772006e-05,110.94206936017235,136.80813610589158
2018-11,V316,,0.0046000000000000485,unknown,2.5400480915772006e-05,0.0,-2.5400480915772006e-05,23.99506695003597,52.50072018771429
2018-11,V318,,0.007199999999999984,unknown,2.5400480915772006e-05,0.0,-2.5400480915772006e-05,46.7352232698563,66.95896690331256
2018-11,V320,,0.024680000000000035,unknown,2.5400480915772006e-05,0.0,-2.5400480915772006e-05,26.984193300953322,47.1695757244792
2018-11,V168,0.009343532981439933,0.04326336871655401,stable,0.7534057811494564,0.7246751364668373,-0.0287306446826191,1.214937467274397,1.2701991402754627
2018-11,V203,0.007684405040891591,0.06149187472585316,stable,0.7534057811494564,0.7246751364668373,-0.0287306446826191,440.01147361155296,385.54419180046773
2018-11,V173,,0.005085507500657949,unknown,0.7534057811494564,0.7246751364668373,-0.0287306446826191,0.058129254328363335,0.06561979120975524
2018-11,V183,,0.014997364681112346,unknown,0.7534057811494564,0.7246751364668373,-0.0287306446826191,0.20934943647584958,0.20168435827704184
2018-11,V215,0.0015934850052375159,0.01893051495745235,stable,0.7534057811494564,0.7246751364668373,-0.0287306446826191,81.78879538962393,119.21469321838858
2018-11,V202,0.002716131054135739,0.0299841863321344,stable,0.7534057811494564,0.7246751364668373,-0.0287306446826191,86.74391070107535,215.6139984594875
2018-11,V205,,0.010362008948153312,unknown,0.7534057811494564,0.7246751364668373,-0.0287306446826191,19.253519422625835,20.537462351154637
2018-11,V211,4.4080206247972536e-05,0.01565978945521529,stable,0.7534057811494564,0.7246751364668373,-0.0287306446826191,38.78254787077114,119.922026384681
2018-11,V13,0.0010686568343046025,0.019560000000000022,stable,0.14060647881599891,0.001449205352398435,-0.1391572734636005,0.5799386707060258,0.5996807121087514
2018-11,V14,,0.00046,unknown,0.14060647881599891,0.001449205352398435,-0.1391572734636005,0.9994950801098509,1.0
2018-11,V17,0.13482812719186232,0.14447999999999994,moderate,0.14060647881599891,0.001449205352398435,-0.1391572734636005,0.1345032696641667,0.2818925064099463
2018-11,V20,0.013104409308908434,0.04116,stable,0.14060647881599891,0.001449205352398435,-0.1391572734636005,0.8480683735421978,0.8885636882589134
2018-11,V23,0.0006874560492442643,0.00988,stable,0.14060647881599891,0.001449205352398435,-0.1391572734636005,1.035021736185515,1.0480866915001694
2018-11,V26,0.08574490236067185,0.02728,stable,0.14060647881599891,0.001449205352398435,-0.1391572734636005,0.9856849053583084,1.0174640801122345
2018-11,V27,,0.04388000000000003,unknown,0.14060647881599891,0.001449205352398435,-0.1391572734636005,0.0007561483232965111,0.04509941463886604
2018-11,V30,0.015346157090628743,0.05779999999999996,stable,0.14060647881599891,0.001449205352398435,-0.1391572734636005,0.40457876134530363,0.3408398239078903
2018-11,V54,0.00466242744034971,0.031120000000000037,stable,0.14158651403799913,0.0008815999227090479,-0.14070491411529007,0.5969344728782715,0.6348768901620916
2018-11,V56,4.895693815097541e-05,0.024819999999999953,stable,0.14158651403799913,0.0008815999227090479,-0.14070491411529007,1.1132755670189525,1.176088769626863
2018-11,V60,0.13976718261032195,0.14632,moderate,0.14158651403799913,0.0008815999227090479,-0.14070491411529007,0.14243900755038935,0.3068378237903567
2018-11,V62,0.014362998602842632,0.04247999999999999,stable,0.14158651403799913,0.0008815999227090479,-0.14070491411529007,0.865338238702773,0.9144335255224765
2018-11,V65,,0.00034,unknown,0.14158651403799913,0.0008815999227090479,-0.14070491411529007,0.9996597146534761,0.9999758252650155
2018-11,V67,0.10436936378357767,0.02954,moderate,0.14158651403799913,0.0008815999227090479,-0.14070491411529007,0.9948390055777206,1.0387279254451174
2018-11,V68,,0.04625999999999997,unknown,0.14158651403799913,0.0008815999227090479,-0.14070491411529007,0.0005153596914746192,0.04623418065779454
2018-11,V70,0.014717441100570355,0.05699999999999994,stable,0.14158651403799913,0.0008815999227090479,-0.14070491411529007,0.40582726326742974,0.34324497467696513
2018-11,V76,2.9691126856929045e-05,0.003579999999999972,stable,0.16466496765672098,0.0008695232114390609,-0.1637954444452819,0.5681952366593266,0.572946381085916
2018-11,V77,0.0014945730920491145,0.01646000000000003,stable,0.16466496765672098,0.0008695232114390609,-0.1637954444452819,1.088599960976994,1.1132572644200551
2018-11,V80,0.12015816713905575,0.13951999999999998,moderate,0.16466496765672098,0.0008695232114390609,-0.1637954444452819,0.14813791845205365,0.292208577092298
2018-11,V82,0.0030795893245281836,0.02112,stable,0.16466496765672098,0.0008695232114390609,-0.1637954444452819,0.8444477104391609,0.864780254315138
2018-11,V86,0.0012551286092417776,0.008440000000000003,stable,0.16466496765672098,0.0008695232114390609,-0.1637954444452819,1.065847521405639,1.089566310496543
2018-11,V88,,0.00084,unknown,0.16466496765672098,0.0008695232114390609,-0.1637954444452819,0.9991942002691067,1.0
2018-11,V89,,0.04469999999999996,unknown,0.16466496765672098,0.0008695232114390609,-0.1637954444452819,0.0008564789592513664,0.0450853357830102
2018-11,V91,0.019662208120336637,0.06790000000000007,stable,0.16466496765672098,0.0008695232114390609,-0.1637954444452819,0.4177235397413839,0.34458250737320506
2018-11,V169,,0.015897411145239126,unknown,0.7530544078301216,0.7247717501569972,-0.028282657673124323,0.1686881241160588,0.24888108819657745
2018-11,V171,0.014480390558830384,0.033918815269855185,stable,0.7530544078301216,0.7247717501569972,-0.028282657673124323,1.5378905412934472,1.830539710399298
2018-11,V175,0.01890084316060397,0.04523236507240014,stable,0.7530544078301216,0.7247717501569972,-0.028282657673124323,0.14329918998842842,0.23935936814392278
2018-11,V180,0.0038657359333096647,0.017670609916630053,stable,0.7530544078301216,0.7247717501569972,-0.028282657673124323,0.4235974799639995,0.32268538832821414
2018-11,V184,,0.010861079420798614,unknown,0.7530544078301216,0.7247717501569972,-0.028282657673124323,0.12526464663780912,0.14207985958753838
2018-11,V189,0.003968056612332802,0.01591983326020184,stable,0.7530544078301216,0.7247717501569972,-0.028282657673124323,1.0352033600480006,1.047038174637999
2018-11,V197,0.004136757675309141,0.01638844229925407,stable,0.7530544078301216,0.7247717501569972,-0.028282657673124323,0.95264218060258,0.9302764370337867
2018-11,V198,0.003968056612332802,0.01591983326020184,stable,0.7530544078301216,0.7247717501569972,-0.028282657673124323,0.9652252175031072,0.9900394910048267
2018-11,V210,0.011767674807803564,0.04539684949539269,stable,0.7530544078301216,0.7247717501569972,-0.028282657673124323,10.385491751457096,17.6288654892839
2018-11,V209,0.009339930080402304,0.04731056603773587,stable,0.7530544078301216,0.7247717501569972,-0.028282657673124323,20.49693711594712,35.81020873305357
2018-11,V36,0.0012815550066457779,0.013279999999999959,stable,0.29593465302943067,0.13606830587894306,-0.15986634715048761,0.5567534415840155,0.5741504396326377
2018-11,V37,0.00045648184409296405,0.006380000000000052,stable,0.29593465302943067,0.13606830587894306,-0.15986634715048761,1.111234039738683,1.1396899506549059
2018-11,V40,0.10757995863423149,0.13632,moderate,0.29593465302943067,0.13606830587894306,-0.15986634715048761,0.18187557685427647,0.3318143058836686
2018-11,V41,,0.00082,unknown,0.29593465302943067,0.13606830587894306,-0.15986634715048761,0.9992273534902878,1.0
2018-11,V44,0.001343903846758573,0.0016199999999999548,stable,0.29593465302943067,0.13606830587894306,-0.15986634715048761,1.0875014656232431,1.1031633979618938
2018-11,V47,0.0015088203888189151,0.0009000000000000119,stable,0.29593465302943067,0.13606830587894306,-0.15986634715048761,1.0396935870339694,1.0424535555027468
2018-11,V48,0.015185012844176992,0.061919999999999975,stable,0.29593465302943067,0.13606830587894306,-0.15986634715048761,0.37916800702296594,0.3174860561667389
2018-11,V52,0.007081533874717058,0.0351800000000001,stable,0.29593465302943067,0.13606830587894306,-0.15986634715048761,0.18595527068182297,0.22454114653955295
2018-11,V138,,0.0038403732476113284,unknown,0.8524570731872524,0.8647529104874161,0.012295837300163703,0.03751578101687134,0.03830699169568712
2018-11,V139,0.10162521849829372,0.14663757656933657,moderate,0.8524570731872524,0.8647529104874161,0.012295837300163703,1.0781016871341673,0.8987409590141977
2018-11,V142,,0.003319705330833145,unknown,0.8524570731872524,0.8647529104874161,0.012295837300163703,0.045205440146906924,0.04955799624966515
2018-11,V146,,0.0032785195106705967,unknown,0.8524570731872524,0.8647529104874161,0.012295837300163703,0.1440519912774016,0.14956692561835877
2018-11,V156,0.09908779392673142,0.14669898919546387,stable,0.8524570731872524,0.8647529104874161,0.012295837300163703,0.7815763801216573,0.6172872577908742
2018-11,V162,,0.0043115992499329625,unknown,0.8524570731872524,0.8647529104874161,0.012295837300163703,6.623533082749914,8.91023752120725
2018-11,V324,0.010380999686973726,0.04132222576926481,stable,0.8517860771497273,0.863810927008357,0.012024849858629727,0.5028777081161366,0.6833377671366498
2018-11,V323,0.012368726568067943,0.04567327126008691,stable,0.8517860771497273,0.863810927008357,0.012024849858629727,0.8302794875822967,1.2778221158109426
2018-11,V325,,0.005789075108628139,unknown,0.8517860771497273,0.863810927008357,0.012024849858629727,0.04527213264592051,0.0595016405072271
2018-11,V328,,0.03998942271880812,unknown,0.8517860771497273,0.863810927008357,0.012024849858629727,0.141143371274332,0.19535337412432385
2018-11,V329,0.019301628299506064,0.04537021370931993,stable,0.8517860771497273,0.863810927008357,0.012024849858629727,0.20396738121420716,0.3801542963554137
2018-11,V332,0.04561797688166099,0.07218221512813683,stable,0.8517860771497273,0.863810927008357,0.012024849858629727,112.74322446126276,671.6225556440152
2018-11,V335,,0.02513780970116164,unknown,0.8517860771497273,0.863810927008357,0.012024849858629727,25.245174019174044,97.05024031192326
2018-11,V220,,0.010225791230803472,unknown,0.7501862701933824,0.728696681319743,-0.021489588873639387,0.17397898661243857,0.266681504562653
2018-11,V221,0.011855911435968767,0.027966681504562635,stable,0.7501862701933824,0.728696681319743,-0.021489588873639387,1.2868327402135231,1.348364121967505
2018-11,V234,0.003365794246830437,0.022176661473403025,stable,0.7501862701933824,0.728696681319743,-0.021489588873639387,1.5561514997458057,1.3346539060761184
2018-11,V238,,0.017630963721344317,unknown,0.7501862701933824,0.728696681319743,-0.021489588873639387,0.122089476359939,0.14417983529935455
2018-11,V250,0.005305184302780502,0.027966681504562635,stable,0.7501862701933824,0.728696681319743,-0.021489588873639387,0.8031265887137773,0.7734253282884487
2018-11,V271,,0.02006469174271086,unknown,0.7501862701933824,0.728696681319743,-0.021489588873639387,9.82580762766005,19.370305719222785
2018-11,V1,,0.0001,unknown,0.5206527076912656,0.3338969131925994,-0.1867557944986662,0.999929347034121,1.0
2018-11,V2,7.144345409217822e-05,0.006079999999999974,stable,0.5206527076912656,0.3338969131925994,-0.1867557944986662,1.039658392909975,1.0455072884183045
2018-11,V3,7.144345409217822e-05,0.013619999999999965,stable,0.5206527076912656,0.3338969131925994,-0.1867557944986662,1.0711077943468796,1.0903618826600914
2018-11,V5,0.0005996897838464778,0.00990000000000002,stable,0.5206527076912656,0.3338969131925994,-0.1867557944986662,0.8719724100168242,0.8892958155051127
2018-11,V7,0.0003198645877359252,0.007580000000000031,stable,0.5206527076912656,0.3338969131925994,-0.1867557944986662,1.0667493895142166,1.0796105591413445
2018-11,V8,0.0004646832699435236,0.0017599999999999838,stable,0.5206527076912656,0.3338969131925994,-0.1867557944986662,1.023810049501234,1.0210856479802741
2018-11,V10,0.0002634907125061243,0.009600000000000053,stable,0.5206527076912656,0.3338969131925994,-0.1867557944986662,0.46156257865662215,0.45525418812096596
2018-11,V160,0.0838351066390176,0.13149918374621272,stable,0.8524570731872524,0.8644751461282064,0.012018072940954028,55376.92903217853,107276.63462164142
2018-11,V166,0.15244400202493696,0.1907690001782214,moderate,0.8524570731872524,0.8644751461282064,0.012018072940954028,381.79216501828546,2955.331281902318
2018-11,V281,,0.0041799999999999615,unknown,0.0019812375114302166,0.008332930776291,0.006351693264860785,0.08806861564042961,0.10847114986482208
2018-11,V282,0.004923373102856454,0.023660000000000014,stable,0.0019812375114302166,0.008332930776291,0.006351693264860785,0.8253855812138385,0.832050563850257
2018-11,V283,0.0073562352137818456,0.024119999999999975,stable,0.0019812375114302166,0.008332930776291,0.006351693264860785,0.995955426981353,1.0268407336142436
2018-11,V289,0.0016429745873995098,0.015059999999999962,stable,0.0019812375114302166,0.008332930776291,0.006351693264860785,0.23260854811069448,0.2583603283240373
2018-11,V296,,0.026639999999999997,unknown,0.0019812375114302166,0.008332930776291,0.006351693264860785,0.18788070312367444,0.21635774654748277
2018-11,V300,,0.00981999999999994,unknown,0.0019812375114302166,0.008332930776291,0.006351693264860785,0.04490812223221406,0.06070828360571888
2018-11,V314,1.5126334111603603e-05,0.01312000000000002,stable,0.0019812375114302166,0.008332930776291,0.006351693264860785,40.93868015134437,42.61424435049402
2018-11,hour,0.0005166430419230189,0.005379999999999996,stable,0.0,0.0,0.0,13.815073915399465,13.82400608666248
2018-11,day_of_week,0.009089933263188792,0.03939999999999999,stable,0.0,0.0,0.0,2.946186964473194,2.804743732186851
2018-11,amount_log,0.014560773906280354,0.03158,stable,0.0,0.0,0.0,4.382521202395477,4.332535688681082
2018-11,amount_cents,0.0008255915256591229,0.013739999999999974,stable,0.0,0.0,0.0,0.3755282276065321,0.37415064163115214
2018-11,amount_is_round,,0.0021999999999999797,unknown,0.0,0.0,0.0,0.5179200392860771,0.5178373025457708
2018-11,match_true_count,0.200702068035009,0.17638000000000004,moderate,0.0,0.0,0.0,2.32405298540319,3.023332206173615
2018-11,match_missing_count,0.2465630163938499,0.17441999999999996,moderate,0.0,0.0,0.0,4.798432366986148,3.8124607506883725
2018-11,screen_width,0.017904471564386917,0.05141472693032012,stable,0.8691600060961154,0.8717453263127385,0.002585320216623055,1824.5967029589244,1888.9522598870055
2018-11,screen_height,0.02039966479918615,0.04754738229755179,stable,0.8691600060961154,0.8717453263127385,0.002585320216623055,1077.2156989630014,1105.5129943502825
2018-11,screen_area,0.02030103028208576,0.048111600753295625,stable,0.8691600060961154,0.8717453263127385,0.002585320216623055,2148944.194813389,2303648.640677966
2018-11,email_domains_match,,0.07656829616413917,unknown,0.7756947031530463,0.7698541133278586,-0.005840589825187759,0.8101237154262095,0.8867082961641392
2018-11,ProductCD_code,0.007683454796570798,0.03294,stable,0.0,0.0,0.0,3.1803137806075794,3.0743080044442297
2018-11,card4_code,0.0024438816417450926,0.007180000000000002,stable,0.0,0.0,0.0,3.605047922240661,3.6217332496014687
2018-11,card6_code,0.01120688915271973,0.029860000000000025,stable,0.0,0.0,0.0,2.7371050225217597,2.7719071542437566
2018-11,P_emaildomain_code,0.006734053374021174,0.018240000000000034,stable,0.0,0.0,0.0,20.27140837199851,19.975291048741607
2018-11,R_emaildomain_code,0.002730724027855475,0.016119999999999912,stable,0.0,0.0,0.0,4.7000647712263355,4.8831336650403365
2018-11,M1_code,,0.17450000000000004,unknown,0.0,0.0,0.0,0.9911542825210824,1.3317593352978117
2018-11,M2_code,,0.17450000000000004,unknown,0.0,0.0,0.0,0.9401225996545535,1.2780904304139897
2018-11,M3_code,0.12045073813755332,0.17450000000000004,moderate,0.0,0.0,0.0,0.8867244386493718,1.2003043331240038
2018-11,M4_code,0.0033180408338320953,0.03486,stable,0.0,0.0,0.0,0.8132154468791276,0.9150403362156417
2018-11,M5_code,0.0004771321990060648,0.010260000000000047,stable,0.0,0.0,0.0,0.5789256443255326,0.5687768706825758
2018-11,M6_code,0.0010919603894671641,0.01760000000000006,stable,0.0,0.0,0.0,1.0224392081823417,0.9895174146176513
2018-11,M7_code,0.10129361860160901,0.16168000000000005,moderate,0.0,0.0,0.0,0.4144046127273343,0.5961547751316362
2018-11,M8_code,0.10129221167368654,0.1617,moderate,0.0,0.0,0.0,0.4992316354522979,0.721329887445051
2018-11,M9_code,,0.1617,unknown,0.0,0.0,0.0,0.6735149185491245,0.9771025554321048
2018-11,id_12_code,,0.025919999999999943,unknown,0.0,0.0,0.0,0.47594362786602096,0.5222936090043959
2018-11,id_15_code,0.005790711594715198,0.0252,stable,0.0,0.0,0.0,0.40176575676499476,0.4331312496980822
2018-11,id_16_code,0.002579757626139545,0.020280000000000076,stable,0.0,0.0,0.0,0.34342720222169537,0.3613955847543597
2018-11,id_23_code,,0.0005199999999999649,unknown,0.0,0.0,0.0,0.022221187387814544,0.02210038162407613
2018-11,id_27_code,,0.0005199999999999649,unknown,0.0,0.0,0.0,0.009070088393673587,0.008707308825660596
2018-11,id_28_code,0.003491533757754637,0.02516000000000007,stable,0.0,0.0,0.0,0.3656589731432248,0.393531713443795
2018-11,id_29_code,0.003491533757754637,0.02516000000000007,stable,0.0,0.0,0.0,0.36826887255732044,0.3955726776484228
2018-11,id_30_code,0.01634478249768577,0.050839999999999996,stable,0.0,0.0,0.0,5.976089680631286,3.2965074151007197
2018-11,id_31_code,0.4800685816337711,0.2354,significant,0.0,0.0,0.0,15.858411369255258,2.467404956282305
2018-11,id_33_code,5.098291029647847e-09,0.005759999999999987,stable,0.0,0.0,0.0,12.020542638940631,12.032051591710545
2018-11,id_34_code,,0.024639999999999995,unknown,0.0,0.0,0.0,0.5253581467809124,0.5238394280469543
2018-11,id_35_code,0.003507529233011555,0.0252,stable,0.0,0.0,0.0,0.3893639719578691,0.4052098932418724
2018-11,id_36_code,0.003507529233011555,0.0252,stable,0.0,0.0,0.0,0.26224514850814507,0.2843461668518429
2018-11,id_37_code,0.003507529233011555,0.0252,stable,0.0,0.0,0.0,0.44423112744267956,0.490785469301
2018-11,id_38_code,0.003507529233011555,0.03944000000000003,stable,0.0,0.0,0.0,0.3771294069834389,0.3626998695715183
2018-11,DeviceType_code,0.0035997255768836223,0.027220000000000022,stable,0.0,0.0,0.0,0.3465705117350222,0.40168349355103616
2018-11,DeviceInfo_code,0.011429172935765683,0.04922,stable,0.0,0.0,0.0,267.1259948521692,233.78860924593016
2018-11,P_email_provider_code,0.006734031857889008,0.018240000000000034,stable,0.0,0.0,0.0,17.34171901988011,17.179955074634076
2018-11,P_email_suffix_code,0.00270364275066813,0.016399999999999998,stable,0.0,0.0,0.0,2.759660649574965,2.8011931790734748
2018-11,R_email_provider_code,0.0027055386067697165,0.016100000000000003,stable,0.0,0.0,0.0,4.117807430487351,4.303898362397952
2018-11,R_email_suffix_code,0.0008487261581211869,0.010639999999999983,stable,0.0,0.0,0.0,0.7931829342635554,0.8255277522824984
2018-11,device_brand_code,0.00015979275374497439,0.012580000000000036,stable,0.0,0.0,0.0,148.35870770819926,154.2789720303367
2018-11,browser_family_code,0.00872681421663731,0.02192000000000005,stable,0.0,0.0,0.0,2.881009330443323,2.8370730882566058
2018-11,card1_addr1_code,0.03428889456057796,0.07176,stable,0.0,0.0,0.0,18599.467347681784,17297.13703444278
2018-11,card1_freq,0.012110785425577173,0.0324,stable,0.0,0.0,0.0,0.004310963388824863,0.004514070593770484
2018-11,card2_freq,0.0034485342820818926,0.016720000000000013,stable,0.0,0.0,0.0,0.030589887100843205,0.03078996273569658
2018-11,card3_freq,0.007112383713839553,0.030640000000000014,stable,0.0,0.0,0.0,0.7844944688685959,0.7572764708980692
2018-11,card5_freq,0.003175118160129626,0.012319999999999998,stable,0.0,0.0,0.0,0.2879029026168135,0.2871024529946137
2018-11,addr1_freq,0.0038193353051108967,0.02854000000000001,stable,0.0,0.0,0.0,0.04646929091810429,0.04836950741629715
2018-11,addr2_freq,0.0013473200003025461,0.031920000000000004,stable,0.0,0.0,0.0,0.7836646478129485,0.756642469419416
2018-11,P_emaildomain_freq,0.003630220617811941,0.020179999999999976,stable,0.0,0.0,0.0,0.21620300774556866,0.22070301717410115
2018-11,R_emaildomain_freq,0.001747390214205929,0.010580000000000006,stable,0.0,0.0,0.0,0.591020048010293,0.582568402502844
2018-11,DeviceInfo_freq,0.002757368049053695,0.05412,stable,0.0,0.0,0.0,0.6321141791710317,0.6186885162270616
2018-11,id_30_freq,0.001579268638817281,0.04196,stable,0.0,0.0,0.0,0.7419923804069077,0.7518333022195078
2018-11,id_31_freq,0.32323587196745773,0.23738,significant,0.0,0.0,0.0,0.569208971091412,0.5451366099568399
2018-11,id_33_freq,0.00014345534057406996,0.010360000000000001,stable,0.0,0.0,0.0,0.7570517379974453,0.7592395990060077
2018-11,card1_addr1_freq,0.04404813885344085,0.07102,stable,0.0,0.0,0.0,0.0013318732440966324,0.001517071918860705
2018-11,P_email_provider_freq,0.003948496737930862,0.020399999999999974,stable,0.0,0.0,0.0,0.21826946467780875,0.22305599242981228
2018-11,R_email_provider_freq,0.0023507068095225308,0.010580000000000006,stable,0.0,0.0,0.0,0.591305371164419,0.5829268312832171
2018-11,device_brand_freq,0.002785225667115622,0.0194,stable,0.0,0.0,0.0,0.6321677629940776,0.6187767345315336
2018-11,browser_family_freq,0.0005544742628095385,0.025839999999999974,stable,0.0,0.0,0.0,0.5860470086328589,0.5700495562587136
2018-11,TransactionAmt_mean_by_card1,0.010279392415762565,0.03358,stable,0.0,0.024346649920293707,0.024346649920293707,134.40138757251106,129.65065840047652
2018-11,TransactionAmt_std_by_card1,0.008027061955595481,0.024720000000000006,stable,0.007154468791275782,0.03484131201391237,0.02768684322263659,184.20882225512287,178.9711873078152
2018-11,TransactionAmt_ratio_to_card1_mean,0.010572909160278194,0.025019999999999987,stable,0.0,0.024346649920293707,0.024346649920293707,0.9999999998390867,1.0881714389137984
2018-11,TransactionAmt_mean_by_addr1,0.008553943319651256,0.03214,stable,0.0,0.00039853147190956956,0.00039853147190956956,134.40138877388117,130.7624307160385
2018-11,TransactionAmt_std_by_addr1,0.00816745647865513,0.031939999999999996,stable,0.00026247163612964404,0.0005555287184194,0.000293057082289756,218.7574806332354,212.03770684930447
2018-11,TransactionAmt_ratio_to_addr1_mean,0.002513770813989567,0.01933999999999997,stable,0.0,0.00039853147190956956,0.00039853147190956956,0.999999999927986,1.0212258566609076
2018-11,TransactionAmt_mean_by_card1_addr1,0.012235129455740588,0.030740000000000003,stable,0.0,0.07057630066180377,0.07057630066180377,134.40138794130837,127.79640018147205
2018-11,TransactionAmt_std_by_card1_addr1,0.0033318778765699633,0.018100000000000005,stable,0.031327259796118806,0.0995483309985025,0.06822107120238369,158.6121803478903,155.95537478800114
2018-11,TransactionAmt_ratio_to_card1_addr1_mean,0.05265550909361405,0.05522000000000005,stable,0.0,0.07057630066180377,0.07057630066180377,1.0000000002325469,1.1523548799370278
2018-11,D15_mean_by_card1,0.007441177065077639,0.033540000000000014,stable,0.011269346699630846,0.03433409014057292,0.023064743440942073,156.35746512963993,151.97565170321386
2018-11,D15_std_by_card1,0.005176796917573865,0.02704000000000001,stable,0.02197988281911471,0.0473165547558089,0.02533667193669419,171.91801599251494,169.9415643117619
2018-11,D15_ratio_to_card1_mean,0.16661163126469633,0.1354200000000001,moderate,0.17546017204592407,0.054755808898120865,-0.1207043631478032,0.999999999911685,2.300772395903641
2018-12,TransactionAmt,0.0271714172232248,0.032740000000000005,stable,0.0,0.0,0.0,134.40138803679685,127.86740537638104
2018-12,card1,0.01056888658695876,0.017360000000000042,stable,0.0,0.0,0.0,9867.868400108375,9958.928022818262
2018-12,card2,0.02317272310505984,0.04039999999999999,stable,0.014869864869441527,0.026134469664427225,0.011264604794985698,362.8612139482217,369.8006457532023
2018-12,card3,0.022859602767168852,0.04923999999999995,stable,0.0017420496494733634,0.014510558600663241,0.012768508951189878,153.30461674819608,155.03267398373276
2018-12,card5,0.021292668876661928,0.020540000000000003,stable,0.006673976360619094,0.019553600577329508,0.012879624216710413,199.59472936142464,200.0173849038748
2018-12,addr1,0.0028984813640030266,0.024560000000000026,stable,0.11379627120940157,0.15495970721146413,0.041163436002062556,290.47071805785447,293.15321113042774
2018-12,addr2,0.014120531157340112,0.012920000000000001,stable,0.11379627120940157,0.15495970721146413,0.041163436002062556,86.77257560232259,86.4090035684875
2018-12,dist1,0.011549934895991149,0.03657200010865724,stable,0.6078271581941952,0.6837316792384749,0.0759045210442797,121.45554985831872,85.52008801238694
2018-12,dist2,0.0974418665251239,0.07224648982840048,stable,0.9320537135503099,0.8929191223216894,-0.03913459122862051,237.77498442367602,254.55664313222078
2018-12,C1,0.0764580790961886,0.08220000000000005,stable,0.0,0.0,0.0,15.232353015883767,15.143447481915496
2018-12,C2,0.06334714507571351,0.07287999999999994,stable,0.0,0.0,0.0,16.61607384766485,16.629572673069983
2018-12,C3,,0.05057999999999996,unknown,0.0,0.0,0.0,0.00543781962271819,0.05643567758896201
2018-12,C4,0.17491245405499775,0.19376000000000004,moderate,0.0,0.0,0.0,4.63823576726386,6.696163164315538
2018-12,C5,0.06650351597795398,0.11653999999999998,stable,0.0,0.0,0.0,5.483623039929556,3.396536022955721
2018-12,C6,0.02332171225800684,0.06523999999999996,stable,0.0,0.0,0.0,9.60298836657974,9.813751095379645
2018-12,C7,0.021892235275783326,0.04752000000000001,stable,0.0,0.0,0.0,3.4869272191553495,4.975944603859173
2018-12,C8,0.19016165645225408,0.20451999999999992,moderate,0.0,0.0,0.0,6.074963169302672,4.419594838399285
2018-12,C9,0.12682577213089694,0.17229999999999995,moderate,0.0,0.0,0.0,4.3681418701527415,3.095267959930583
2018-12,C10,0.19350197991924578,0.2046199999999999,moderate,0.0,0.0,0.0,6.197605157990991,4.027921441949174
2018-12,C11,0.05164665617420461,0.07889999999999997,stable,0.0,0.0,0.0,11.034773258373692,11.643919998625407
2018-12,C12,0.07995404078952592,0.11009999999999998,stable,0.0,0.0,0.0,4.964756832729367,7.053643533394045
2018-12,C13,0.04520723240152006,0.10241999999999996,stable,0.0,0.015807831749686422,0.015807831749686422,32.713120618417044,22.57488782974563
2018-12,C14,0.03733859085766309,0.08326,stable,0.0,0.0,0.0,8.610481508449894,6.627579511675458
2018-12,D1,0.029521844561518483,0.07334000000000007,stable,0.0019812375114302166,0.028325228955823983,0.026343991444393765,90.64199060013235,88.12113067081636
2018-12,D2,0.022209807769734864,0.06480000000000008,stable,0.4895159515020151,0.5684118283819309,0.07889587687991584,167.2682931885939,187.6331913368899
2018-12,D3,0.036849537593556456,0.058219999999999994,stable,0.4607054560233007,0.49769755494080653,0.03699209891750582,28.642409137294923,43.14120786084458
2018-12,D4,0.10755955469432402,0.12716000000000005,moderate,0.29586056829342633,0.10467533806422791,-0.19118523022919842,134.97500736492134,155.21293684149921
2018-12,D5,0.061770767527912024,0.05906,stable,0.5373154231720121,0.5087200811010498,-0.02859534207096226,42.40101652888781,69.35973349188585
2018-12,D6,0.08355040503001979,0.09248,stable,0.8762086395502422,0.5533084760906545,-0.3229001634595877,63.98103722449259,77.03452321421703
2018-12,D7,0.09371252202527725,0.11484050513108368,stable,0.9366173332881769,0.8330813244213818,-0.10353600886679504,44.717906759284,98.52287817180503
2018-12,D8,0.03894179314595466,0.07369223344805886,stable,0.8695896975649405,0.7678568360281105,-0.10173286153683003,149.7005347063145,185.5742197544682
2018-12,D9,0.0030548502824250495,0.016355724806631944,stable,0.8695896975649405,0.7678568360281105,-0.10173286153683003,0.5602651748810471,0.5576400138791513
2018-12,D10,0.11489096257474775,0.14107999999999998,moderate,0.1405302773732516,0.0029553772401587656,-0.13757490013309284,118.33504005753113,138.5973943164389
2018-12,D11,0.18111449140557578,0.17514000000000007,moderate,0.5206527076912656,0.521091427687761,0.00043871999649536253,138.20242957886416,242.3078716991963
2018-12,D12,0.019513278819932273,0.0636854740644126,stable,0.8884432045246723,0.8287427619031255,-0.059700442621546834,52.512171982619584,83.19188321460821
2018-12,D13,0.01529734470122619,0.06126817797561923,stable,0.8963385206759915,0.5430677503049881,-0.3532707703710034,17.152063381863474,15.196085436016997
2018-12,D14,0.036290420676155635,0.08274440049199272,stable,0.8945118027567989,0.5710493307445145,-0.3234624720122844,51.71775423388715,49.8901039476056
2018-12,D15,0.1951419562105357,0.14416000000000007,moderate,0.1646056998679175,0.000850530077836389,-0.16375516979008112,157.24798374325698,179.8954247242023
2018-12,id_01,0.006292048913463039,0.04820000000000002,stable,0.7450130389135368,0.5271997800649496,-0.21781325884858715,-9.927638132554124,-9.952773790271292
2018-12,id_02,0.026334667288836155,0.05263999999999999,stable,0.750899600365767,0.5405677073489236,-0.2103318930168434,171218.44375993134,173424.16754866578
2018-12,id_03,5.4301966105974254e-05,0.0030706841587966327,stable,0.8855073322721577,0.798957026753037,-0.08655030551912068,0.06206322795341098,0.0707662065723687
2018-12,id_04,,0.0007190017520618778,unknown,0.8855073322721577,0.798957026753037,-0.08655030551912068,-0.06030689591421705,-0.0582026409127815
2018-12,id_05,0.010097671554098544,0.021519999999999997,stable,0.7576645951163342,0.5479647416622279,-0.20969985345410636,1.7279079720841668,1.4554318078151132
2018-12,id_06,0.003122464158637057,0.03073999999999999,stable,0.7576645951163342,0.5479647416622279,-0.20969985345410636,-6.631704909727742,-6.152045005321575
2018-12,id_07,0.029566122780218796,0.03630091731508888,stable,0.990980712568158,0.9813914328424888,-0.009589279725669253,13.80356723773762,14.223915050784857
2018-12,id_08,0.0706304584792364,0.08615211988394385,stable,0.990980712568158,0.9813914328424888,-0.009589279725669253,-38.85402487678949,-34.755771006463526
2018-12,id_09,5.193725019350735e-07,0.0015010110654676279,stable,0.8695896975649405,0.7678568360281105,-0.10173286153683003,0.09918844343450739,0.09858998556678139
2018-12,id_10,,0.004315309574035009,unknown,0.8695896975649405,0.7678568360281105,-0.10173286153683003,-0.3103716929069956,-0.23785204100514415
2018-12,id_11,,0.009399999999999999,unknown,0.7506604125038101,0.5406278458392756,-0.21003256666453451,99.73444663985661,99.70664994008122
2018-12,id_13,2.6953248660454703,0.489511249093984,significant,0.7773859518406881,0.5732916373133559,-0.2040943145273323,47.506370638014644,37.37384231295804
2018-12,id_14,0.0012022732826305162,0.014567154611393018,stable,0.8556046161140651,0.7003299025756456,-0.15527471353841948,-345.6647170060249,-349.0857486883977
2018-12,id_17,0.032907972994269584,0.08289999999999997,stable,0.753012073695262,0.5437980034021204,-0.20921407029314165,188.6928396966191,184.22619159714506
2018-12,id_18,0.03694404394163532,0.09157532389659973,stable,0.920788600264165,0.8225828622484922,-0.09820573801567278,14.18646785313452,14.688392813907317
2018-12,id_19,0.06749539501181236,0.05634,stable,0.7530967419649812,0.543987010086084,-0.20910973187889725,351.5076171288954,357.3579004879519
2018-12,id_20,0.11274321249141032,0.06806000000000001,moderate,0.7531390760998409,0.5448375401639204,-0.2083015359359205,401.5382036441586,398.2536617591544
2018-12,id_21,3.7988883871851544,0.5597608510633687,significant,0.990976479154672,0.9814000240553962,-0.009576455099275849,371.4062866525921,606.568129330254
2018-12,id_22,0.001049239364153212,0.06321479175539943,stable,0.9909553120872422,0.9813914328424888,-0.009563879244753437,16.00842499414931,14.41320406278855
2018-12,id_24,0.0028825090221192926,0.05073692225996173,stable,0.9917152098079723,0.982473925668826,-0.009241284139146377,12.7639243740419,13.194117647058823
2018-12,id_25,0.04801565649596208,0.04711734360900976,stable,0.9910124631693027,0.9814601625457482,-0.0095523006235545,330.0975035327367,329.36561631139944
2018-12,id_26,0.1986330605892549,0.09179931522752653,moderate,0.9909680123277,0.9814257976941184,-0.009542214633581625,148.2620107804078,152.64939870490286
2018-12,id_32,0.00028303785747707945,0.028479876635729595,stable,0.8600645172215261,0.7019364593893366,-0.15812805783218953,26.59603690818333,26.379662189427567
2018-12,has_identity,,0.21589999999999998,unknown,0.0,0.0,0.0,0.25498696108646324,0.47280021993505045
2018-12,V219,0.021178783349656692,0.05808000000000002,stable,0.7672998442103837,0.5664788054777573,-0.20082103873262636,0.7931141128848865,0.5614831255821328
2018-12,V264,0.013652293896319306,0.06403999999999999,stable,0.7672998442103837,0.5664788054777573,-0.20082103873262636,144.35008277787801,475.83955595335436
2018-12,V223,,0.019079999999999986,unknown,0.7672998442103837,0.5664788054777573,-0.20082103873262636,0.09217264747350708,0.07504805691524147
2018-12,V263,0.01509342987448751,0.05559999999999998,stable,0.7672998442103837,0.5664788054777573,-0.20082103873262636,74.82365604583589,300.1556619703752
2018-12,V237,,0.0038799999999999946,unknown,0.7672998442103837,0.5664788054777573,-0.20082103873262636,0.16285987174239322,0.15578367452091715
2018-12,V240,8.692426464874347e-05,7.999999999996898e-05,stable,0.7672998442103837,0.5664788054777573,-0.20082103873262636,1.0010278801109747,1.0008521432393334
2018-12,V246,0.00012718117939196827,0.03314000000000006,stable,0.7672998442103837,0.5664788054777573,-0.20082103873262636,1.1772774821485423,1.075028239630606
2018-12,V252,0.00012718117939196827,0.006099999999999994,stable,0.7672998442103837,0.5664788054777573,-0.20082103873262636,1.0316550689043527,1.0187075166960624
2018-12,V260,0.005579007783510081,0.018160000000000003,stable,0.7672998442103837,0.5664788054777573,-0.20082103873262636,0.9617137399372356,0.9694813816610848
2018-12,V262,0.005466484082304297,0.01766000000000001,stable,0.7672998442103837,0.5664788054777573,-0.20082103873262636,1.0091053804520853,1.0138720992449615
2018-12,V265,0.013478223609676564,0.058499999999999996,stable,0.7672998442103837,0.5664788054777573,-0.20082103873262636,98.5912143482233,375.08754807662217
2018-12,V268,0.004842097909550578,0.022400000000000087,stable,0.7672998442103837,0.5664788054777573,-0.20082103873262636,18.207679998226013,13.93099213935176
2018-12,V273,0.02790226634162781,0.05930000000000002,stable,0.7672998442103837,0.5664788054777573,-0.20082103873262636,36.513354583421886,207.40513194822316
2018-12,V95,0.0003570141399634747,0.0023800000000000487,stable,0.00020532055406915703,0.0,-0.00020532055406915703,0.2189187758688219,0.19981442980119934
2018-12,V96,0.013928588136756391,0.054259999999999975,stable,0.00020532055406915703,0.0,-0.00020532055406915703,1.2722326315009473,1.0560662554339422
2018-12,V98,,0.00649999999999995,unknown,0.00020532055406915703,0.0,-0.00020532055406915703,0.05938370012808706,0.04935651815323287
2018-12,V100,0.006295623126957979,0.02432000000000001,stable,0.00020532055406915703,0.0,-0.00020532055406915703,0.24350937364370626,0.20459973539064244
2018-12,V103,,0.018440000000000012,unknown,0.00020532055406915703,0.0,-0.00020532055406915703,0.1784347973366361,0.12046598738809945
2018-12,V106,,0.01415999999999995,unknown,0.00020532055406915703,0.0,-0.00020532055406915703,0.07884022992155991,0.09129881956734652
2018-12,V105,,0.015600000000000058,unknown,0.00020532055406915703,0.0,-0.00020532055406915703,0.12691416050049223,0.13989071977181738
2018-12,V108,0.0010348822127979052,0.0008799999999999919,stable,0.00020532055406915703,0.0,-0.00020532055406915703,1.004691585421364,1.0056873829447242
2018-12,V109,0.00019566774801862754,0.0032800000000000606,stable,0.00020532055406915703,0.0,-0.00020532055406915703,1.0138990335249347,1.017113696111617
2018-12,V111,0.0010348822127979052,0.0009600000000000719,stable,0.00020532055406915703,0.0,-0.00020532055406915703,1.0028560237966697,1.003548170930772
2018-12,V114,0.0010481849908566224,0.0019799999999999818,stable,0.00020532055406915703,0.0,-0.00020532055406915703,1.0090232567986703,1.0110225261602432
2018-12,V115,0.00020610418101623244,0.0037599999999999856,stable,0.00020532055406915703,0.0,-0.00020532055406915703,1.029608222977336,1.0335658688293614
2018-12,V117,0.0010348822127979052,0.0002,stable,0.00020532055406915703,0.0,-0.00020532055406915703,1.0006287910063831,1.0009793982714479
2018-12,V118,0.00019566774801862754,0.00034000000000000696,stable,0.00020532055406915703,0.0,-0.00020532055406915703,1.0014481247419733,1.0020876647365076
2018-12,V120,0.0010348822127979052,0.00043999999999999595,stable,0.00020532055406915703,0.0,-0.00020532055406915703,1.0010204621719754,1.0018299283492844
2018-12,V121,0.00019566774801862754,0.0010999999999999899,stable,0.00020532055406915703,0.0,-0.00020532055406915703,1.0038235574327543,1.0055069674736679
2018-12,V123,0.0010481849908566224,0.0028599999999999737,stable,0.00020532055406915703,0.0,-0.00020532055406915703,1.0300125969915421,1.0322771868932457
2018-12,V124,0.00020610418101623244,0.0028599999999999737,stable,0.00020532055406915703,0.0,-0.00020532055406915703,1.0829030243365407,1.0864963315520886
2018-12,V128,0.003912394794297554,0.01978000000000002,stable,0.00020532055406915703,0.0,-0.00020532055406915703,74.56188631434888,115.69215365829893
2018-12,V127,0.012215651731653133,0.05576000000000003,stable,0.00020532055406915703,0.0,-0.00020532055406915703,157.08918084329193,193.1474028879999
2018-12,V131,0.002362714379172156,0.024419999999999997,stable,0.00020532055406915703,0.0,-0.00020532055406915703,27.897589159858335,25.973216526717135
2018-12,V130,0.022106983444524463,0.059740000000000015,stable,0.00020532055406915703,0.0,-0.00020532055406915703,82.75806087732268,80.95034148477644
2018-12,V134,,0.019219999999999904,unknown,0.00020532055406915703,0.0,-0.00020532055406915703,29.042006704843423,55.74399209711367
2018-12,V136,,0.015639999999999987,unknown,0.00020532055406915703,0.0,-0.00020532055406915703,22.74077328566627,42.41970343998952
2018-12,V293,,0.015260000000000051,unknown,2.5400480915772006e-05,0.0,-2.5400480915772006e-05,0.1523496041657847,0.13454698534339077
2018-12,V307,0.01962399350391445,0.07118000000000002,stable,2.5400480915772006e-05,0.0,-2.5400480915772006e-05,237.79158422297218,254.53848507942254
2018-12,V284,,0.0037800000000000056,unknown,2.5400480915772006e-05,0.0,-2.5400480915772006e-05,0.08697768934422759,0.08271619787281569
2018-12,V285,0.02175379355757738,0.07008000000000003,stable,2.5400480915772006e-05,0.0,-2.5400480915772006e-05,1.0861394521823802,0.8804790460317188
2018-12,V286,,0.0014399999999999968,unknown,2.5400480915772006e-05,0.0,-2.5400480915772006e-05,0.03239278608018289,0.03445935497173491
2018-12,V297,,0.016019999999999923,unknown,2.5400480915772006e-05,0.0,-2.5400480915772006e-05,0.06328902247999661,0.08430557226069177
2018-12,V298,,0.013900000000000023,unknown,2.5400480915772006e-05,0.0,-2.5400480915772006e-05,0.15813047711781889,0.16111960686609736
2018-12,V299,,0.015300000000000091,unknown,2.5400480915772006e-05,0.0,-2.5400480915772006e-05,0.09217010287456077,0.10876475540816853
2018-12,V303,0.20253389106027203,0.21384000000000003,moderate,2.5400480915772006e-05,0.0,-2.5400480915772006e-05,0.28399517378603784,0.5111771679925772
2018-12,V308,0.002193584787263185,0.024820000000000064,stable,2.5400480915772006e-05,0.0,-2.5400480915772006e-05,103.29691253404022,160.22321907840868
2018-12,V312,0.005122392978488165,0.031240000000000046,stable,2.5400480915772006e-05,0.0,-2.5400480915772006e-05,36.549113843767,32.49504694737782
2018-12,V310,0.021620812813331627,0.07666000000000006,stable,2.5400480915772006e-05,0.0,-2.5400480915772006e-05,110.94206936017235,97.62058168514076
2018-12,V316,,0.016120000000000023,unknown,2.5400480915772006e-05,0.0,-2.5400480915772006e-05,23.99506695003597,67.5345698732775
2018-12,V318,,0.022800000000000042,unknown,2.5400480915772006e-05,0.0,-2.5400480915772006e-05,46.7352232698563,79.4819684486524
2018-12,V320,,0.014040000000000052,unknown,2.5400480915772006e-05,0.0,-2.5400480915772006e-05,26.984193300953322,57.71283588087594
2018-12,V168,0.01587032578253116,0.046719999999999984,stable,0.7534057811494564,0.540653619477998,-0.2127521616714585,1.214937467274397,0.9356238427441226
2018-12,V203,0.013092980969123183,0.05133999999999994,stable,0.7534057811494564,0.540653619477998,-0.2127521616714585,440.01147361155296,612.1364315395293
2018-12,V173,,0.005759999999999987,unknown,0.7534057811494564,0.540653619477998,-0.2127521616714585,0.058129254328363335,0.05588493837320216
2018-12,V183,,0.0027400000000000757,unknown,0.7534057811494564,0.540653619477998,-0.2127521616714585,0.20934943647584958,0.21467447210428864
2018-12,V215,0.00016741915676762251,0.005560000000000009,stable,0.7534057811494564,0.540653619477998,-0.2127521616714585,81.78879538962393,209.12766387110474
2018-12,V202,0.012405033826647238,0.04257999999999995,stable,0.7534057811494564,0.540653619477998,-0.2127521616714585,86.74391070107535,284.1976381856153
2018-12,V205,,0.009039999999999937,unknown,0.7534057811494564,0.540653619477998,-0.2127521616714585,19.253519422625835,23.87845518424833
2018-12,V211,0.023344623419707444,0.04945999999999995,stable,0.7534057811494564,0.540653619477998,-0.2127521616714585,38.78254787077114,181.00144707919134
2018-12,V13,0.08456857911551824,0.13709999999999994,stable,0.14060647881599891,0.0029553772401587656,-0.13765110157584015,0.5799386707060258,0.4308425388181364
2018-12,V14,,0.00046,unknown,0.14060647881599891,0.0029553772401587656,-0.13765110157584015,0.9994950801098509,1.0
2018-12,V17,0.5701443922330213,0.32511999999999996,significant,0.14060647881599891,0.0029553772401587656,-0.13765110157584015,0.1345032696641667,0.4656711530839092
2018-12,V20,0.042808739441674355,0.07316,stable,0.14060647881599891,0.0029553772401587656,-0.13765110157584015,0.8480683735421978,0.9170127699174522
2018-12,V23,0.00020664034553813387,0.0040599999999999525,stable,0.14060647881599891,0.0029553772401587656,-0.13765110157584015,1.035021736185515,1.041713340341565
2018-12,V26,0.08715675243869614,0.02728,stable,0.14060647881599891,0.0029553772401587656,-0.13765110157584015,0.9856849053583084,1.0174832405604288
2018-12,V27,,0.049919999999999964,unknown,0.14060647881599891,0.0029553772401587656,-0.13765110157584015,0.0007561483232965111,0.05131232012683751
2018-12,V30,0.09446867305829973,0.13694000000000006,stable,0.14060647881599891,0.0029553772401587656,-0.13765110157584015,0.40457876134530363,0.2541920140624192
2018-12,V54,0.07452954196268269,0.13716,stable,0.14158651403799913,0.0007646179487620062,-0.14082189608923712,0.5969344728782715,0.45678322399814286
2018-12,V56,1.3004937059873096e-05,0.009639999999999982,stable,0.14158651403799913,0.0007646179487620062,-0.14082189608923712,1.1132755670189525,1.140848945481433
2018-12,V60,0.583887155714621,0.33324,significant,0.14158651403799913,0.0007646179487620062,-0.14082189608923712,0.14243900755038935,0.48764927907556593
2018-12,V62,0.04530110495746709,0.07261999999999999,stable,0.14158651403799913,0.0007646179487620062,-0.14082189608923712,0.865338238702773,0.9326191438323775
2018-12,V65,,0.00038,unknown,0.14158651403799913,0.0007646179487620062,-0.14082189608923712,0.9996597146534761,1.0
2018-12,V67,0.10438839474108891,0.02952,moderate,0.14158651403799913,0.0007646179487620062,-0.14082189608923712,0.9948390055777206,1.0295935826118356
2018-12,V68,,0.052000000000000046,unknown,0.14158651403799913,0.0007646179487620062,-0.14082189608923712,0.0005153596914746192,0.05274742281336784
2018-12,V70,0.09478371886319398,0.14123999999999992,stable,0.14158651403799913,0.0007646179487620062,-0.14082189608923712,0.40582726326742974,0.2545460798390494
2018-12,V76,0.09258309609997177,0.15359999999999996,stable,0.16466496765672098,0.000850530077836389,-0.1638144375788846,0.5681952366593266,0.4106140207568423
2018-12,V77,0.0014892792350358014,0.009099999999999997,stable,0.16466496765672098,0.000850530077836389,-0.1638144375788846,1.088599960976994,1.1100611355213716
2018-12,V80,0.5423944187394053,0.3245,significant,0.16466496765672098,0.000850530077836389,-0.1638144375788846,0.14813791845205365,0.47567906860764064
2018-12,V82,0.02506675971461718,0.05582000000000001,stable,0.16466496765672098,0.000850530077836389,-0.1638144375788846,0.8444477104391609,0.8967402987128006
2018-12,V86,0.0012614301142317935,0.0027599999999999847,stable,0.16466496765672098,0.000850530077836389,-0.1638144375788846,1.065847521405639,1.060714193587219
2018-12,V88,,0.00084,unknown,0.16466496765672098,0.000850530077836389,-0.1638144375788846,0.9991942002691067,0.9999914014737874
2018-12,V89,,0.0504,unknown,0.16466496765672098,0.000850530077836389,-0.1638144375788846,0.0008564789592513664,0.051625551380493385
2018-12,V91,0.10707748412571794,0.15214000000000005,moderate,0.16466496765672098,0.000850530077836389,-0.1638144375788846,0.4177235397413839,0.25492910515137707
2018-12,V169,,0.008159999999999945,unknown,0.7530544078301216,0.540653619477998,-0.21240078835212362,0.1686881241160588,0.17077823704340994
2018-12,V171,0.01243705172724821,0.04061999999999999,stable,0.7530544078301216,0.540653619477998,-0.21240078835212362,1.5378905412934472,1.523182523799727
2018-12,V175,0.0007987109890844731,0.008720000000000061,stable,0.7530544078301216,0.540653619477998,-0.21240078835212362,0.14329918998842842,0.1588082368563787
2018-12,V180,0.0002828360373852319,0.006879999999999997,stable,0.7530544078301216,0.540653619477998,-0.21240078835212362,0.4235974799639995,0.34662502104101595
2018-12,V184,,0.0026399999999999757,unknown,0.7530544078301216,0.540653619477998,-0.21240078835212362,0.12526464663780912,0.12190697065479641
2018-12,V189,0.0009710525417395211,0.014539999999999997,stable,0.7530544078301216,0.540653619477998,-0.21240078835212362,1.0352033600480006,1.0731853292685207
2018-12,V197,0.0011234298622534308,0.008279999999999996,stable,0.7530544078301216,0.540653619477998,-0.21240078835212362,0.95264218060258,0.9576935305889615
2018-12,V198,0.0009710525417395211,0.007719999999999998,stable,0.7530544078301216,0.540653619477998,-0.21240078835212362,0.9652252175031072,1.0464398601006228
2018-12,V210,0.001169025766755973,0.011619999999999964,stable,0.7530544078301216,0.540653619477998,-0.21240078835212362,10.385491751457096,17.45508987458748
2018-12,V209,0.0020528934995588284,0.014480000000000048,stable,0.7530544078301216,0.540653619477998,-0.21240078835212362,20.49693711594712,36.05695103637378
2018-12,V36,0.09228105167850886,0.15543999999999997,stable,0.29593465302943067,0.10467533806422791,-0.19125931496520276,0.5567534415840155,0.39960082138676184
2018-12,V37,0.0003116940139842861,0.0028799999999999937,stable,0.29593465302943067,0.10467533806422791,-0.19125931496520276,1.111234039738683,1.1185061508050742
2018-12,V40,0.5408997329177159,0.33299999999999996,significant,0.29593465302943067,0.10467533806422791,-0.19125931496520276,0.18187557685427647,0.5222043103613718
2018-12,V41,,0.00082,unknown,0.29593465302943067,0.10467533806422791,-0.19125931496520276,0.9992273534902878,1.0
2018-12,V44,0.0013322306567560257,0.0042800000000000615,stable,0.29593465302943067,0.10467533806422791,-0.19125931496520276,1.0875014656232431,1.0712572207189053
2018-12,V47,0.0012643554229761524,0.008120000000000016,stable,0.29593465302943067,0.10467533806422791,-0.19125931496520276,1.0396935870339694,1.0321549887731014
2018-12,V48,0.1063676187270096,0.15400000000000003,moderate,0.29593465302943067,0.10467533806422791,-0.19125931496520276,0.37916800702296594,0.22648588481394055
2018-12,V52,0.010774861312073945,0.040000000000000036,stable,0.29593465302943067,0.10467533806422791,-0.19125931496520276,0.18595527068182297,0.22677375400617958
2018-12,V138,,0.002179165600065369,unknown,0.8524570731872524,0.6845220708259592,-0.16793500236129322,0.03751578101687134,0.030827047193703876
2018-12,V139,0.03157639222553898,0.0481739506004738,stable,0.8524570731872524,0.6845220708259592,-0.16793500236129322,1.0781016871341673,0.9864927425723701
2018-12,V142,,0.006093161406279801,unknown,0.8524570731872524,0.6845220708259592,-0.16793500236129322,0.045205440146906924,0.03262438386754173
2018-12,V146,,0.014207263963399663,unknown,0.8524570731872524,0.6845220708259592,-0.16793500236129322,0.1440519912774016,0.10577054001797337
2018-12,V156,0.004366693065837204,0.028846806459519064,stable,0.8524570731872524,0.6845220708259592,-0.16793500236129322,0.7815763801216573,0.7884044552163612
2018-12,V162,,0.006378331200130649,unknown,0.8524570731872524,0.6845220708259592,-0.16793500236129322,6.623533082749914,5.116934452839645
2018-12,V324,0.028625892582749484,0.05945190712561366,stable,0.8517860771497273,0.6832677537414732,-0.16851832340825412,0.5028777081161366,0.3147801556947948
2018-12,V323,0.036270929545535555,0.0682353031166083,stable,0.8517860771497273,0.6832677537414732,-0.16851832340825412,0.8302794875822967,0.44568313125559444
2018-12,V325,,0.007753237312501771,unknown,0.8517860771497273,0.6832677537414732,-0.16851832340825412,0.04527213264592051,0.032061192936772724
2018-12,V328,,0.005641403423115476,unknown,0.8517860771497273,0.6832677537414732,-0.16851832340825412,0.141143371274332,0.11940217538720264
2018-12,V329,0.0011943276551729823,0.010351455230965256,stable,0.8517860771497273,0.6832677537414732,-0.16851832340825412,0.20396738121420716,0.14907640979737977
2018-12,V332,0.02288236891198299,0.0682353031166083,stable,0.8517860771497273,0.6832677537414732,-0.16851832340825412,112.74322446126276,441.92910644680666
2018-12,V335,,0.031544482057124235,unknown,0.8517860771497273,0.6832677537414732,-0.16851832340825412,25.245174019174044,22.49383459329948
2018-12,V220,,0.013400000000000079,unknown,0.7501862701933824,0.5362892833210192,-0.21389698687236314,0.17397898661243857,0.17404353867531264
2018-12,V221,0.013024657652677409,0.03953999999999991,stable,0.7501862701933824,0.5362892833210192,-0.21389698687236314,1.2868327402135231,1.1373969430291802
2018-12,V234,6.79355658771651e-07,0.005140000000000033,stable,0.7501862701933824,0.5362892833210192,-0.21389698687236314,1.5561514997458057,1.3838999536822603
2018-12,V238,,0.005199999999999982,unknown,0.7501862701933824,0.5362892833210192,-0.21389698687236314,0.122089476359939,0.10608615099583141
2018-12,V250,3.3883328499868784e-06,0.0044200000000000905,stable,0.7501862701933824,0.5362892833210192,-0.21389698687236314,0.8031265887137773,0.7968874478925428
2018-12,V271,,0.019260000000000055,unknown,0.7501862701933824,0.5362892833210192,-0.21389698687236314,9.82580762766005,13.325049664060955
2018-12,V1,,0.0001,unknown,0.5206527076912656,0.521091427687761,0.00043871999649536253,0.999929347034121,0.9999820608495982
2018-12,V2,7.226259196410548e-05,0.0044199999999999795,stable,0.5206527076912656,0.521091427687761,0.00043871999649536253,1.039658392909975,1.0444711538461537
2018-12,V3,7.226259196410548e-05,0.010299999999999976,stable,0.5206527076912656,0.521091427687761,0.00043871999649536253,1.0711077943468796,1.0875430539609645
2018-12,V5,0.00042271268431332606,0.009180000000000021,stable,0.5206527076912656,0.521091427687761,0.00043871999649536253,0.8719724100168242,0.8832878874856487
2018-12,V7,8.17797079658018e-05,0.006940000000000057,stable,0.5206527076912656,0.521091427687761,0.00043871999649536253,1.0667493895142166,1.076671928817451
2018-12,V8,0.0001449867754345384,0.0030599999999999516,stable,0.5206527076912656,0.521091427687761,0.00043871999649536253,1.023810049501234,1.0193563432835822
2018-12,V10,0.0001194710049908036,0.005099999999999993,stable,0.5206527076912656,0.521091427687761,0.00043871999649536253,0.46156257865662215,0.46805037313432835
2018-12,V160,0.08254326219107067,0.12518718179095534,stable,0.8524570731872524,0.6844533411226997,-0.16800373206455266,55376.92903217853,166622.24897764577
2018-12,V166,0.03404518420128658,0.1100188466879033,stable,0.8524570731872524,0.6844533411226997,-0.16800373206455266,381.79216501828546,1826.7982316857772
2018-12,V281,,0.0012999999999999678,unknown,0.0019812375114302166,0.028325228955823983,0.026343991444393765,0.08806861564042961,0.09791248530074889
2018-12,V282,0.0124036155730318,0.051559999999999995,stable,0.0019812375114302166,0.028325228955823983,0.026343991444393765,0.8253855812138385,0.9043951866031247
2018-12,V283,0.01344010555162836,0.05114000000000002,stable,0.0019812375114302166,0.028325228955823983,0.026343991444393765,0.995955426981353,1.0582134552302809
2018-12,V289,0.0022568227581390623,0.019079999999999986,stable,0.0019812375114302166,0.028325228955823983,0.026343991444393765,0.23260854811069448,0.2114658579499739
2018-12,V296,,0.015260000000000051,unknown,0.0019812375114302166,0.028325228955823983,0.026343991444393765,0.18788070312367444,0.18436618597536714
2018-12,V300,,0.012179999999999969,unknown,0.0019812375114302166,0.028325228955823983,0.026343991444393765,0.04490812223221406,0.061926950248008414
2018-12,V314,0.0036605265095570314,0.030000000000000027,stable,0.0019812375114302166,0.028325228955823983,0.026343991444393765,40.93868015134437,38.54632808596222
2018-12,hour,0.0030008298792276156,0.012940000000000007,stable,0.0,0.0,0.0,13.815073915399465,13.623704874654203
2018-12,day_of_week,0.012540257226562,0.04476000000000002,stable,0.0,0.0,0.0,2.946186964473194,3.028299455317102
2018-12,amount_log,0.0271714172232248,0.032740000000000005,stable,0.0,0.0,0.0,4.382521202395477,4.341690589010886
2018-12,amount_cents,0.03330067769582689,0.08135999999999999,stable,0.0,0.0,0.0,0.3755282276065321,0.30750743754723675
2018-12,amount_is_round,,0.07112000000000002,unknown,0.0,0.0,0.0,0.5179200392860771,0.5851990584030653
2018-12,match_true_count,0.23880083095894705,0.13239999999999996,moderate,0.0,0.0,0.0,2.32405298540319,2.218878331242805
2018-12,match_missing_count,0.30931904183461567,0.15983999999999998,significant,0.0,0.0,0.0,4.798432366986148,5.1055086857162495
2018-12,screen_width,0.03516158812088285,0.07465803654810632,stable,0.8691600060961154,0.7019364593893366,-0.16722354670677886,1824.5967029589244,1912.9271343748198
2018-12,screen_height,0.02111133430726416,0.06511434138467742,stable,0.8691600060961154,0.7019364593893366,-0.16722354670677886,1077.2156989630014,1111.13578716781
2018-12,screen_area,0.038325030925220195,0.06903953306047156,stable,0.8691600060961154,0.7019364593893366,-0.16722354670677886,2148944.194813389,2321095.049662766
2018-12,email_domains_match,,0.032619157792247305,unknown,0.7756947031530463,0.5764617948762006,-0.1992329082768457,0.8101237154262095,0.7775208422077526
2018-12,ProductCD_code,0.08929866369966515,0.21808,stable,0.0,0.0,0.0,3.1803137806075794,2.567294970703964
2018-12,card4_code,0.01706867003310069,0.02768,stable,0.0,0.0,0.0,3.605047922240661,3.540146737916459
2018-12,card6_code,0.037594036743047204,0.057999999999999996,stable,0.0,0.0,0.0,2.7371050225217597,2.656093747315246
2018-12,P_emaildomain_code,0.03220355037371227,0.050900000000000015,stable,0.0,0.0,0.0,20.27140837199851,20.16040653619478
2018-12,R_emaildomain_code,0.15364035866316453,0.20344000000000007,moderate,0.0,0.0,0.0,4.7000647712263355,8.67580198972491
2018-12,M1_code,,0.013360000000000039,unknown,0.0,0.0,0.0,0.9911542825210824,0.9573102630629392
2018-12,M2_code,,0.013359999999999927,unknown,0.0,0.0,0.0,0.9401225996545535,0.9165879138816818
2018-12,M3_code,0.0011452228593481096,0.013359999999999927,stable,0.0,0.0,0.0,0.8867244386493718,0.8605044760219248
2018-12,M4_code,0.019265333152647814,0.07173999999999997,stable,0.0,0.0,0.0,0.8132154468791276,0.8203405556796508
2018-12,M5_code,0.07067781002527518,0.12384000000000006,stable,0.0,0.0,0.0,0.5789256443255326,0.3997319541572879
2018-12,M6_code,0.18415420886378464,0.20656000000000002,moderate,0.0,0.0,0.0,1.0224392081823417,0.7131136273819138
2018-12,M7_code,0.010078041347241365,0.05259999999999998,stable,0.0,0.0,0.0,0.4144046127273343,0.4717606831732504
2018-12,M8_code,0.010079749126268668,0.05259999999999998,stable,0.0,0.0,0.0,0.4992316354522979,0.5700097939827145
2018-12,M9_code,,0.05581999999999998,unknown,0.0,0.0,0.0,0.6735149185491245,0.7745579820959123
2018-12,id_12_code,,0.21589999999999998,unknown,0.0,0.0,0.0,0.47594362786602096,0.8826526228973006
2018-12,id_15_code,0.19770569326625181,0.20812000000000008,moderate,0.0,0.0,0.0,0.40176575676499476,0.7344284266052681
2018-12,id_16_code,0.19566477718959266,0.20388000000000006,moderate,0.0,0.0,0.0,0.34342720222169537,0.6682503135792711
2018-12,id_23_code,,0.009759999999999991,unknown,0.0,0.0,0.0,0.022221187387814544,0.04805065379130226
2018-12,id_27_code,,0.009759999999999991,unknown,0.0,0.0,0.0,0.009070088393673587,0.0186085671575113
2018-12,id_28_code,0.1972766860591477,0.20806000000000002,moderate,0.0,0.0,0.0,0.3656589731432248,0.6795907146170896
2018-12,id_29_code,0.1972766860591477,0.20806000000000002,moderate,0.0,0.0,0.0,0.36826887255732044,0.6866011443495593
2018-12,id_30_code,0.015535266314164067,0.10876,stable,0.0,0.0,0.0,5.976089680631286,7.114477911991615
2018-12,id_31_code,0.3488201639559944,0.39914,significant,0.0,0.0,0.0,15.858411369255258,3.834894070344851
2018-12,id_33_code,0.13033426605288698,0.15982000000000007,moderate,0.0,0.0,0.0,12.020542638940631,28.21422189384697
2018-12,id_34_code,,0.19789999999999996,unknown,0.0,0.0,0.0,0.5253581467809124,1.214410900530937
2018-12,id_35_code,0.19738404619705374,0.20812000000000008,moderate,0.0,0.0,0.0,0.3893639719578691,0.7612244196635681
2018-12,id_36_code,0.19738404619705374,0.20812000000000008,moderate,0.0,0.0,0.0,0.26224514850814507,0.4708414233921545
2018-12,id_37_code,0.19738404619705374,0.20812000000000008,moderate,0.0,0.0,0.0,0.44423112744267956,0.7971786456811972
2018-12,id_38_code,0.19738404619705374,0.20812000000000008,moderate,0.0,0.0,0.0,0.3771294069834389,0.6230175776216086
2018-12,DeviceType_code,0.1980744213041543,0.20842000000000005,moderate,0.0,0.0,0.0,0.3465705117350222,0.6625887042732693
2018-12,DeviceInfo_code,0.10038500839822913,0.13370000000000004,moderate,0.0,0.0,0.0,267.1259948521692,449.7722383546109
2018-12,P_email_provider_code,0.03217398283471781,0.050900000000000015,stable,0.0,0.0,0.0,17.34171901988011,17.37211979587278
2018-12,P_email_suffix_code,0.022555662200207643,0.0505,stable,0.0,0.0,0.0,2.759660649574965,2.939878692073747
2018-12,R_email_provider_code,0.1536976148975564,0.20344000000000007,moderate,0.0,0.0,0.0,4.117807430487351,7.609890204299043
2018-12,R_email_suffix_code,0.19262006140728555,0.20333999999999997,moderate,0.0,0.0,0.0,0.7931829342635554,1.49060980429217
2018-12,device_brand_code,0.15894731642906565,0.17923999999999995,moderate,0.0,0.0,0.0,148.35870770819926,267.8670337978316
2018-12,browser_family_code,0.18259297054116233,0.20033999999999996,moderate,0.0,0.0,0.0,2.881009330443323,5.1371758964930665
2018-12,card1_addr1_code,0.0553327955741813,0.08766,stable,0.0,0.0,0.0,18599.467347681784,17157.58203749205
2018-12,card1_freq,0.023405239004534263,0.0377,stable,0.0,0.0,0.0,0.004310963388824863,0.004506285512775065
2018-12,card2_freq,0.016761080172209137,0.03764000000000001,stable,0.0,0.0,0.0,0.030589887100843205,0.03006317689743148
2018-12,card3_freq,0.011017015763014474,0.058300000000000005,stable,0.0,0.0,0.0,0.7844944688685959,0.7333435866493905
2018-12,card5_freq,0.029105974941742815,0.05288000000000001,stable,0.0,0.0,0.0,0.2879029026168135,0.2801828982598637
2018-12,addr1_freq,0.011182816884196424,0.03976000000000002,stable,0.0,0.0,0.0,0.04646929091810429,0.04899799324231528
2018-12,addr2_freq,0.011616930959623822,0.04929999999999998,stable,0.0,0.0,0.0,0.7836646478129485,0.74131005549789
2018-12,P_emaildomain_freq,0.030699933518048547,0.04799999999999999,stable,0.0,0.0,0.0,0.21620300774556866,0.21743263916480274
2018-12,R_emaildomain_freq,0.07930359705219091,0.20344000000000004,stable,0.0,0.0,0.0,0.591020048010293,0.4469890866257009
2018-12,DeviceInfo_freq,0.11014966607564981,0.19726000000000002,moderate,0.0,0.0,0.0,0.6321141791710317,0.484099332372958
2018-12,id_30_freq,0.08065648028734068,0.15958,stable,0.0,0.0,0.0,0.7419923804069077,0.6080553625569534
2018-12,id_31_freq,0.6906264159450496,0.40171999999999997,significant,0.0,0.0,0.0,0.569208971091412,0.4070127907934363
2018-12,id_33_freq,0.11880478033954124,0.16868000000000002,moderate,0.0,0.0,0.0,0.7570517379974453,0.6134986223110194
2018-12,card1_addr1_freq,0.07605488957894568,0.08772,stable,0.0,0.0,0.0,0.0013318732440966324,0.001651846431340922
2018-12,P_email_provider_freq,0.030634788302967564,0.047040000000000026,stable,0.0,0.0,0.0,0.21826946467780875,0.21968839293997483
2018-12,R_email_provider_freq,0.07948308011842214,0.20344000000000004,stable,0.0,0.0,0.0,0.591305371164419,0.4474343819545941
2018-12,device_brand_freq,0.11030478056499052,0.19726000000000002,moderate,0.0,0.0,0.0,0.6321677629940776,0.4842172056255543
2018-12,browser_family_freq,0.07050464316523651,0.20886,stable,0.0,0.0,0.0,0.5860470086328589,0.44582429291460485
2018-12,TransactionAmt_mean_by_card1,0.04807261242382545,0.05424000000000001,stable,0.0,0.025584632038351176,0.025584632038351176,134.40138757251106,135.99857498356704
2018-12,TransactionAmt_std_by_card1,0.031130150274932947,0.04413999999999996,stable,0.007154468791275782,0.037612330108764754,0.030457861317488972,184.20882225512287,188.9965424377287
2018-12,TransactionAmt_ratio_to_card1_mean,0.008215776464433328,0.02572000000000002,stable,0.0,0.025584632038351176,0.025584632038351176,0.9999999998390867,1.0316463290365148
2018-12,TransactionAmt_mean_by_addr1,0.01453086019485672,0.04932,stable,0.0,0.0008333476520215124,0.0008333476520215124,134.40138877388117,129.73402020859103
2018-12,TransactionAmt_std_by_addr1,0.017120401389309568,0.0499,stable,0.00026247163612964404,0.0011855873812264815,0.0009231157450968375,218.7574806332354,208.78076629390944
2018-12,TransactionAmt_ratio_to_addr1_mean,0.005455183827044862,0.023359999999999992,stable,0.0,0.0008333476520215124,0.0008333476520215124,0.999999999927986,0.9931467436847247
2018-12,TransactionAmt_mean_by_card1_addr1,0.03553568048198622,0.05024000000000001,stable,0.0,0.08683138885547861,0.08683138885547861,134.40138794130837,134.46430502689654
2018-12,TransactionAmt_std_by_card1_addr1,0.019970432516959444,0.030120000000000008,stable,0.031327259796118806,0.11814635990309112,0.08681910010697232,158.6121803478903,164.55752728680068
2018-12,TransactionAmt_ratio_to_card1_addr1_mean,0.04696796777370317,0.05424000000000001,stable,0.0,0.08683138885547861,0.08683138885547861,1.0000000002325469,1.0905337225360279
2018-12,D15_mean_by_card1,0.023442824148241427,0.06342000000000003,stable,0.011269346699630846,0.0428529699823021,0.03158362328267125,156.35746512963993,145.48633767284113
2018-12,D15_std_by_card1,0.012473097458928054,0.04608000000000001,stable,0.02197988281911471,0.059425419680750526,0.03744553686163582,171.91801599251494,168.53839684178544
2018-12,D15_ratio_to_card1_mean,0.2537565201248491,0.13743999999999995,significant,0.17546017204592407,0.06565404903864328,-0.10980612300728079,0.999999999911685,2.202980563789174
